,positivo_score
chegou antes do prazo,0.0071509027365971
entregue antes do prazo,0.004610655619579794
bem antes do prazo,0.004553570995162112
entrega antes do prazo,0.0033016786059595587
chegou bem antes do,0.002809512443798014
produto chegou antes do,0.0029156239987891785
produto entregue antes do,0.0022983025549873567
antes do prazo previsto,0.002153358109831699
produto de ótima qualidade,0.0020206890325722747
recebi antes do prazo,0.0017965529277062498
muito antes do prazo,0.0016387225386502121
antes do prazo produto,0.0015964116640542728
produto de boa qualidade,0.0016934824003463998
antes da data prevista,0.0015428670295767795
antes do prazo recomendo,0.0014760167355210158
produto entregue no prazo,0.001450676658397908
antes do prazo estipulado,0.0013227830108505146
entregue dentro do prazo,0.0016012226575016699
antes do prazo muito,0.001300105426611976
foi entregue antes do,0.0012763036725437847
entrega dentro do prazo,0.001295782951615509
chegou dentro do prazo,0.0013366900203511827
chegou antes do previsto,0.0010292582965895545
produto chegou bem antes,0.0010238895229650077
entregue bem antes do,0.0009867608733492715
chegou muito antes do,0.0009276922985816335
produto de excelente qualidade,0.0009228452633197199
gostei muito do produto,0.0009632137456578755
antes do prazo tudo,0.0008712574645815765
produto chegou no prazo,0.0010951590981499923
antes do prazo em,0.0007973856744165635
produto antes do prazo,0.0008003333384632475
do prazo muito bom,0.0007744063593927058
entregou antes do prazo,0.0007757197922513286
produto entregue dentro do,0.0008301796703130683
até antes do prazo,0.0007834292311624946
chegou antes da data,0.000736580207738572
recebi produto antes do,0.0007007312232315411
produto foi entregue antes,0.0007055397181222863
do prazo super recomendo,0.0006382699763788551
muito bom atendimento,0.0006588744109911326
produto otimo,0.000639182874552148
bem antes da data,0.0006237719238716383
bem antes do previsto,0.0005904793204510886
nota 1000,0.0005708791912911388
prazo em perfeito estado,0.0005695199550236594
antes do prazo parabéns,0.0005628698746652519
entrega bem antes do,0.000551637018481621
produto chegou dentro do,0.0006078326144495619
antes do prazo estabelecido,0.000549520078043471
entregue antes da data,0.0005409311938663966
antes do prazo excelente,0.0005082230956150931
do prazo produto de,0.0005218410058008998
produto de acordo com,0.0005061972885693505
maravilhosa,0.0005064533055393779
dias antes do prazo,0.0004943040228403475
entrega no prazo produto,0.0005168181756898337
recebi bem antes do,0.0004858091459292232
entrega foi super rápida,0.0005105540388575621
prazo em perfeitas condições,0.0004967590513802033
ótimo produto recomendo,0.0005011159282816523
produto de qualidade entrega,0.000476460542528203
antes do prazo determinado,0.00045800152385040395
recomendo sempre,0.00044489218804603383
bom chegou antes do,0.0004615211112999405
ótimos produtos,0.00043471312389851383
tudo de bom,0.00044797506722297483
entregue muito antes do,0.00043233674841106095
do prazo em perfeito,0.0004316883237018214
chegou antes do esperado,0.00042912105906206755
chegou em perfeito estado,0.0004753957882689101
loja confiável,0.00043941808968094774
òtimo,0.00041774118334937205
do prazo bem embalado,0.0004245940406204177
veio antes do prazo,0.00042772815274555275
adorei recomendo,0.00039698198626475257
ótima entrega,0.00041469724034402393
dentro do prazo produto,0.0004554804863162581
antes do prazo adorei,0.0003894088326548517
dentro do prazo recomendo,0.0003886985913024447
tudo conforme combinado,0.00041935502475186966
antes do prazo informado,0.00040482363894363266
muito bom chegou antes,0.0003818861593127743
entrega antes do previsto,0.00037319763552436997
antes do prazo amei,0.00036564339224693916
muito antes do previsto,0.0003743190014129894
otimo atendimento,0.0003776940378899478
lindo amei,0.0003638420888929713
ótimo produto entrega rápida,0.0003635449946635661
prazo produto muito bom,0.0003744626724047896
foi entregue bem antes,0.0003917854797246218
rapida entrega,0.0003531043304921697
entrega rápida produto de,0.0003601361740043466
foi entregue no prazo,0.0007563819657862337
gostei recomendo,0.00041922985271348865
de ótima qualidade entrega,0.00034526796533509486
negociação,0.0003692294452993198
rápida antes do prazo,0.0003438537617840076
antes do prazo bem,0.0003545095976667074
do prazo em perfeitas,0.000365579847543957
antes do prazo estimado,0.00035249164597063107
qualidade chegou antes do,0.00034238698531983145
produto de otima qualidade,0.00034053306698151394
gostei muito recomendo,0.00034038687127465293
entrega super rápida produto,0.00036593171611165544
produto entregue bem antes,0.0003384515856741977
do prazo de entrega,0.0007576177828064444
antes do prazo final,0.00036253109664015316
produto muito bom recomendo,0.0003969817125229275
entrega perfeita,0.0003248695593159673
entregaram antes do prazo,0.0003737052345502137
foi ótimo,0.0003842555722654324
bem antes do esperado,0.000320091882862471
muito boa loja,0.0003334541446190956
antes do prazo combinado,0.000334882457966159
recebi corretamente,0.0003881306982592332
muito legal,0.00036213782142016876
chegou bem antes da,0.0003113712712821502
otima compra,0.0003228168669291224
amei tudo,0.00031022533697989285
dentro do prazo em,0.0003174706452796928
otimo vendedor,0.0003478975576289491
entrega rápida eficiente,0.00030689816651953644
do prazo muito bem,0.00033091331593765517
no prazo produto de,0.0003046107448665932
prazo muito bem embalado,0.00032528333273967506
tudo certo recomendo,0.0003027484089660144
de qualidade entrega rápida,0.0003013837471460596
entrega muito rapida,0.0002993368386301652
produto muito bom entrega,0.00029786999797012606
ótimo serviço,0.0003892906369979636
qualidade ótima,0.0002966916021600706
feita antes do prazo,0.0003025230696491917
rápida produto de qualidade,0.00029490400140058377
entrega super rápido,0.00029463818967491814
eficiencia,0.0002935464919979007
recomendo com certeza,0.0002930995641537191
antes do prazo ótimo,0.0002926509163910231
estou muito satisfeita com,0.0002925876537078611
produto chegou antes da,0.00033057889127558024
muito boa entrega,0.000290508454775305
chegou até antes do,0.000328253662973292
vou comprar mais,0.00028864822944597103
de ótima qualidade recomendo,0.00028550076608035253
satisfeita com atendimento,0.00028506456358229235
antes do prazo veio,0.00029351305861735996
tudo otimo,0.00028376883785890454
minha filha adorou,0.0002965572040500719
entrega rapida produto,0.00029711054915209864
chegou no prazo certo,0.00028820920690381916
show de bola,0.0002785407172378511
produto entregue antes da,0.00029269454839677143
do prazo tudo ok,0.0002770482961901491
antes do prazo gostei,0.00027699574678109116
produto bom entrega rápida,0.0002769224219066997
muito bom adorei,0.0002758027088413173
fácil de montar,0.00027486960385887264
do prazo produto muito,0.00028705778544272997
td certo,0.00031045366473170634
fiquei muito satisfeita com,0.00027641126263686127
produto muito bem embalado,0.0002674371055554216
produto entrega no prazo,0.0002661494394244085
satisfatório,0.00035599077580640483
ótimo material,0.0002638433590567898
muito boa compra,0.00026315553139297313
entrega foi muito rápida,0.0002721847463260217
entrega foi antes do,0.000296905517777139
lindo produto,0.00025837764189921185
produto entrega antes do,0.00025792476811063844
lindo recomendo,0.0002574987330502094
antes do prazo eu,0.0002663557747348651
loja super,0.0002559154704101122
produto atendimento,0.00027703505617712927
entregou bem antes do,0.00025309054754928036
produto muito bom chegou,0.000252001336913765
beleza,0.0003028423606179164
recomendável,0.00025167283233432607
muito bom produto recomendo,0.00025088625615412853
do prazo gostei muito,0.00025072849754770646
do prazo tudo certinho,0.00026064446461938196
entrega chegou antes do,0.0002498114391056397
adorei meu produto,0.0002484093106193253
otimo produto entrega,0.00024823670853295094
recomendo muito bom,0.00026868025643243484
muito bom rápido,0.0002439977069941312
material bom,0.0003272552485902224
impecável,0.00025140836661525243
prazo produto de qualidade,0.0002603700330965927
dentro do prazo bem,0.0002432859903113386
agilidade na entrega,0.0002890076994126472
antes do prazo perfeito,0.00024281233597758285
chegou no prazo produto,0.0002427909664764638
produto veio bem embalado,0.0002522755469343549
muito satisfeita com produto,0.00024181735163928908
perfeito recomendo,0.00024144694632683095
meu filho amou,0.00023866130181488573
produto em perfeito estado,0.00026945352668704766
td ok,0.0002380212212114822
no prazo bem embalado,0.00027640661556670897
certinho antes do prazo,0.0002374213019192819
entrega rápida antes do,0.0002362366985831648
produto veio certinho,0.00023401734743803016
muito bom chegou bem,0.00023318095421223528
recebi dentro do prazo,0.00036434897862306796
produto de qualidade muito,0.0002589703728623304
chegou em perfeitas condições,0.00027683567569228724
conforme prometido,0.00024181022171992735
loja sempre,0.0002605271894304912
produto chegou muito antes,0.000230777729294218
cumpriu prometido,0.00023058957132998333
ótimo produto chegou antes,0.00023005040496718105
nota mil,0.0002298754610274234
prazo produto de ótima,0.000229777940002577
loja ótima,0.00022967356611881538
produto chegou bem embalado,0.0002295970674630327
bom entregue antes do,0.0002292906044930877
tudo nos conformes,0.00027552886789086425
muito bom entrega rápida,0.0002283877091592665
loja nota 10,0.000228282470746162
do prazo tudo certo,0.000246033469831834
muito satisfeita com compra,0.0002447196363329637
chegou muito rapido,0.00022712199870037725
execelente,0.00022693017799261563
melhor do que eu,0.00022668050206776206
chegou no prazo em,0.00023502245450791252
pedido chegou antes do,0.00024164683324596006
muito bom recomendo todos,0.00022498147024269973
excelente material,0.00022483522493879662
entrega bem rápida,0.00022439688694011093
eu recomendo muito,0.00022432598127583494
compra tranquila,0.00022401167882046835
blz,0.00022365095087132535
produto chegou muito rápido,0.00023404064577672124
atendimento excelente,0.00022300001669902687
super bem embalado,0.00022299359064954365
recomendo para todos,0.00022254084762378843
excelente preço,0.00023412990877185675
bom chegou bem antes,0.000221496898185725
do jeito que eu,0.00024406689559571
minha filha amou,0.00024220914176944597
produto de alta qualidade,0.00021949490575825956
corretamente antes do prazo,0.0002191569526666795
realizada antes do prazo,0.00021862153984943513
produto de qualidade recomendo,0.00021847600050310673
muito bom produto chegou,0.0002468241083901209
muito bom eu recomendo,0.00021812036104306863
dentro do prazo estipulado,0.00026416025502065443
recebido antes do prazo,0.00024101708152569188
entrega rápido,0.00021732853068438508
adorei muito,0.0002509782018456257
entrega foi bem antes,0.00022834443693375427
td certinho,0.0002641035578925813
do prazo eu recomendo,0.00021610426156813998
de ótima qualidade chegou,0.00022580462113987447
melhor preço,0.00021501898420919695
incrível,0.00022412063447110366
estou muito satisfeito com,0.00022182297076168107
transação,0.00021268966664850618
qualidade entrega antes do,0.00021266742019299692
gostei chegou,0.00024950785748627745
chegou antes do tempo,0.0002121093160955568
entrega antes da data,0.00022174425152416
antes do prazo estou,0.0002250092158421872
parabéns pelo atendimento,0.0002114910085967103
entregue no prazo em,0.00020997974927690666
do prazo previsto produto,0.00020709294008734976
produto bem antes do,0.0002279070125958755
produto atendeu as expectativas,0.00022323798272993147
produto chegou em perfeito,0.000245466573543124
veio no prazo,0.00028495811466716203
foi antes do prazo,0.00025535334677824603
entrega muito antes do,0.00020550716418469574
tudo maravilhoso,0.00020546192539946855
linda cortina,0.00020485589234589348
produto entrega super rápida,0.00020473909788935212
plenamente,0.00020454844385221145
tudo conforme previsto,0.00020424004648802915
muito confortável,0.00020340784881820782
kyjk,0.00020329335230737954
funciona perfeitamente,0.0002242923706214779
antes do prazo prometido,0.00020269593951430416
prática,0.00025540370541288817
muito satisfeito com compra,0.00020148007537787124
nota dez,0.0002009376219401458
antes do prazo que,0.00020041419693857493
confortavel,0.00024254625615470566
produto foi entregue bem,0.00020937432333602394
preço qualidade,0.0001995092307162663
produto chegou perfeito,0.0001990118493409532
recebi muito antes do,0.00019800206236110903
do prazo previsto recomendo,0.00019782983444052629
dentro do prazo tudo,0.00019731003029528524
mercadoria entregue,0.00023117445546797497
recebi produto bem antes,0.00022655747919133015
delicado,0.00022293189750522321
praticidade,0.00021027443964873413
antes do prazo obrigado,0.00019334985026649078
muito rápido produto,0.00019327473667955227
foi entregue muito antes,0.00019312071146990092
entrega ok,0.00023786685273301895
antes do tempo previsto,0.00019181898453970284
antes do prazo esperado,0.00019177610645513277
de qualidade muito bom,0.0001907612744273449
entregue no prazo recomendo,0.00019066726991334346
perfeitos,0.0002328000727132147
linda amei,0.00018929768235826709
de boa qualidade recomendo,0.0002110725737155345
produto excelente recomendo,0.0001889518480125204
entregue antes do previsto,0.00019716897302679215
produto conforme descrição,0.00021822394401660954
atendeu minha expectativa,0.00018713668652072814
dentro do prazo muito,0.00018704587208709855
ate antes do prazo,0.00018689688269593689
no prazo em perfeitas,0.00019594390300742233
produto muito lindo,0.0001866202302399686
entrega super rápida recomendo,0.0001863832017134514
antes do previsto muito,0.000197427083994881
tudo como esperado,0.00018586390068235395
meu filho adorou,0.000185857667279792
entrega foi feita antes,0.00019263819758301413
profissionais,0.00018501214562074205
ótimo site,0.00020833015123283366
tudo dentro do esperado,0.00020885240153191344
foi bem antes do,0.000196602351116494
com agilidade,0.00019296298407986607
tudo certo produto,0.0002151587953686811
compra fácil,0.0001836518617820368
sem defeitos,0.0001835635369803453
entrega feita antes do,0.00018356275285528334
bom ótimo,0.00018353492304921823
bom recebi antes do,0.00018318532218094215
entrega no prazo recomendo,0.00018226594034944133
amei muito,0.0002003114059012171
produto de qualidade entregue,0.000181668890754688
ótimo produto entregue antes,0.00018164662606131153
bom chegou no prazo,0.00019838393720168597
eu super recomendo,0.00018118744106454686
foi feita antes do,0.00018749925962239865
produto show,0.0001801516070889964
amei meu produto,0.00017947392356069028
entrega realizada antes do,0.0001789127097208431
vou continuar comprando,0.0001870691400669061
excelente muito,0.0001938303167242634
no prazo produto muito,0.00017840071758383873
de boa qualidade chegou,0.0001777121525034226
antes do prazo marcado,0.000177700972408851
antes do prazo dado,0.00017738824979665095
gostei muito de comprar,0.0001875326331061297
amei super recomendo,0.00017648804169145447
produto entregue conforme anunciado,0.00017638294986653462
recebi certinho,0.00017549902874377328
mochila linda,0.0001740302040312077
pontuais,0.0001739194245034007
cliente satisfeito,0.00017355421035909478
foi entregue antes da,0.00018533906651918157
no prazo muito bom,0.00017335762422579571
muito bom parabéns,0.00017335061597241534
um ótimo produto,0.00020953023907945828
muito muito,0.00018151216696810912
de muito boa qualidade,0.00017264590473989352
comprarei sempre,0.00017238150767044525
tudo certo com produto,0.00017220815597480672
dentro do prazo de,0.00030264564254050354
otima entrega,0.00017207335406052327
sem problemas recomendo,0.00017194162269400413
muito bom recebi antes,0.00017150067875495393
antes da previsão,0.00017091233767507476
tudo excelente,0.0001708882496155407
qualidade muito boa,0.00018592933856518878
muito bom produto entregue,0.00017044146335931252
prazo produto de boa,0.00017009922878880618
no prazo amei,0.00017006232392469345
recebi tudo certo,0.00016972085198582127
eu adorei,0.00020232481396205917
veio em perfeito estado,0.00016920280775939843
ok conforme,0.00016885406102304306
produto prazo de entrega,0.00019696873458325789
produto ótimo recomendo,0.00016773526724877754
bom material,0.00021481710918870751
gostei do atendimento,0.00020642268618143846
adorei as,0.0001675432325371841
bem acondicionado,0.00016698067746481044
recomendadíssimo,0.00016686142582356735
recomendo chegou antes do,0.00016673891602000016
muito bom entregue antes,0.00016668909351640144
veio muito bem embalado,0.00019342863671397074
antes prazo,0.00017521282118810916
recomendo tudo,0.00016638578602881708
produto chegou em perfeitas,0.00018638987835452938
vale pena comprar,0.0001858680585674664
produto foi entregue no,0.0003666680566044924
no prazo em perfeito,0.00017606608714608506
bom entrega antes do,0.00018574309708414746
tudo conforme esperado,0.00016525924966603043
super recomendo chegou,0.00016525497352767318
super confiável,0.00016500759799043118
prestativo,0.00016499702553661208
dentro do prazo estabelecido,0.00020747050527365757
chegou muito bem embalado,0.00016472134514570872
produto bom recomendo,0.00019417593628975242
material resistente,0.00016446404882033944
mais rápido do que,0.00017518759975307084
qualidade entregue antes do,0.00016396999745566562
comprar aqui,0.0001729771251195025
gostei do serviço,0.00016394582048270777
no atendimento,0.0002290280603970485
recomendo produto muito bom,0.00016377094223448614
adoreiiii,0.00016376559347378432
produto conforme esperado,0.00018539552566838405
fui muito bem atendida,0.00016348310825952279
de acordo com anunciado,0.00017380281040161206
lindo de ótima qualidade,0.0001628259409338097
produto perfeito entrega,0.00016280214322402135
material de qualidade,0.0002190402698110476
certo dentro do prazo,0.00018239585885801367
recomendo todos que,0.00016221360968098823
antes do prazo obrigada,0.00016216167446774155
estado antes do prazo,0.00017108204554498816
melhor ainda,0.0001620306244337552
do prazo muito satisfeita,0.00016189695978145388
funcionando bem,0.00016066109302107932
em tudo,0.0002061167610020392
material excelente,0.0001712045167150208
tudo certo conforme,0.00015987948570608338
atendeu as minhas expectativas,0.00020101087983911788
de acordo com descrição,0.00018455852080995073
produtos de ótima qualidade,0.00018425283276101638
em tempo recorde,0.0001592513210005406
produto superou minhas expectativas,0.00015921867161610876
para compras,0.00015919015458880516
satisfeita com minha compra,0.00017461637911549973
irei comprar,0.00015883730773654287
excelente entrega antes do,0.00015872200350319174
gostei demais,0.00015822545135169163
super rápida produto de,0.00017276043359141035
do prazo produto excelente,0.00015763385792888677
atendimento entrega antes do,0.0001568769028874644
agradecido,0.00015684355869803577
tapete lindo,0.00015677557367683905
tudo entregue corretamente,0.00015631805166219114
do prazo produto veio,0.00017351600751033347
ótima qualidade chegou antes,0.00015570997233776507
10 dias antes do,0.0001555499383015724
superou expectativa,0.00015554947087628558
bom trabalho,0.00015550070040293003
antes do previsto produto,0.0001554664041432152
foi entregue dentro do,0.00034213285963481926
bom custo benefício,0.0002427039764574765
antes do prazo bom,0.00015485425439576368
indico loja,0.0001547153649921442
chegou no prazo tudo,0.00015449602954980686
gostou muito,0.00015436651805067277
do prazo produto ótimo,0.00015419638505860132
antes do prazo limite,0.00015397578647242155
entregue no prazo produto,0.0001539111523010615
macios,0.00015388722193870297
rápida produto de ótima,0.0001537353416075714
rápido produto de,0.0001537040714527228
compro recomendo,0.00015301304813115108
produto rápida entrega,0.00015258916015468667
muito bom produto entrega,0.00015232619794347662
muito bom estou,0.00015226318294293587
comprar nas lojas lannister,0.00019523185932316143
produto lindo de ótima,0.00015212412001688893
eficácia,0.00015208765085062556
fácil de usar,0.00015177637255429544
atendendo,0.00016091261966130174
de excelente qualidade entrega,0.0001513600761857683
qualidade parabéns,0.00015101751495072842
estou satisfeito com produto,0.00016846422434781285
de boa qualidade entrega,0.00017844983262171697
combinado recomendo,0.0001503212553771461
foi otimo,0.00015015366751133037
chegou td,0.0001673013955819152
produto chegou super rápido,0.0001499141286392156
xxxxx,0.00020329335230737954
perfeito adorei,0.0001496652323326903
do prazo previsto muito,0.00014922964124836825
do prazo estou muito,0.00014920212002140435
super rápido entrega,0.0001490233243175762
chegou em tempo,0.00014896099743077107
entregue antes do tempo,0.00014868545922315382
gostei otimo produto,0.00014843352829498318
como prometido,0.00018638872552625768
preço ótimo,0.00014814221070536405
entregue conforme combinado,0.00014798962724628056
produto gostei muito,0.00014788240495069134
amei os produtos,0.00014761950819231775
prazo cumprido,0.0001475183198025743
adoraram,0.000147491286721905
recebi tudo certinho,0.00015963782934130623
qualidade entrega no prazo,0.00014730261398985566
gostei do produto da,0.00014704490623305755
chegou super rapido,0.00014682760614753858
produto entrega rapida,0.00014646889843267872
atendimento perfeito,0.00014592295094968325
agradeço pela,0.00014554223827972028
surpreendente,0.00014518484111020638
no praso,0.00015449007606263963
em perfeito estado antes,0.00015396986560815528
embalado em perfeito estado,0.00014483048191038755
qualidade entrega super rápida,0.00014466089738942252
produto ótima qualidade,0.00015955913419639877
muito bom foi entregue,0.00015684659330679983
tudo muito bom,0.00014434804945043844
vendedor super,0.0001442407851339241
excelente produto muito,0.00014413772861556168
site seguro,0.0001759652133668846
produto conforme anunciado entrega,0.00014395986849208558
agilidade da entrega,0.00014376441134263218
prazo de ótima qualidade,0.00014375535148632311
bons produtos,0.00021669445471116816
excelente chegou antes do,0.00014344054219721206
entrega muito rápida recomendo,0.00014331550618427788
vendedor muito bom,0.00014313281994765122
vocês estão de parabéns,0.00015270321272527727
dentro do prazo previsto,0.0002458126991357483
rápido eficaz,0.00014252430723406086
entrega muito rápido,0.0001424554290632689
gostei muito produto,0.00014222758861165603
corretamente dentro do prazo,0.0001842695233567765
tudo tranquilo,0.00015554081286914178
ótimo excelente,0.0001418649272227494
muito boa recomendo,0.00014184574093868604
estou gostando,0.00014180454478237005
rápida produto muito bom,0.0001415068132605956
corretamente no prazo,0.00015134406624962564
rápido super,0.00014119876182721049
relógio muito bonito,0.0001807786717160549
produto em perfeitas condições,0.00014106133759285574
presteza,0.00014099842173737574
tudo conforme anunciado,0.0001409316440375735
rapidez eficiência,0.00014090441337226425
lindo relógio,0.0001753529288797425
gosto muito de comprar,0.00020007857997390169
lindooo,0.0001405192860730833
compra perfeita,0.00014051148472277807
servico,0.00014047350940247656
produto exelente,0.00014030128241956485
fiquei muito satisfeito com,0.00014927999945837017
muito bom obrigado,0.00014010188068263018
muito antes da data,0.00013963082117271182
atendimento rápido,0.00013948171401357857
da agilidade,0.00013935442051839567
produto dentro das expectativas,0.0001393393614454376
correto antes do prazo,0.00015264465479423366
produtos bons,0.0001391169730486388
vcs estão de parabéns,0.0001389786011691297
em perfeito estado recomendo,0.00014735710545676732
rapido entrega,0.00017316448843448812
adorei cortina,0.0001386979020727689
atendimento ótimo,0.0001386213534378452
eu gostei muito,0.00019149928872276385
bom produto entregue antes,0.00013824125180198304
obrigado pela atenção,0.0001598047992975047
moderno,0.00013815190438601767
veio tudo certo,0.0001994597163684803
vendedor entrega,0.00014872021469641914
muito bom entrega foi,0.00013776158588757852
no prazo tudo certo,0.00013775013159718932
bem embalado em perfeito,0.00013750482051766677
muito bom vendedor,0.00013736122590671918
produto dentro do prazo,0.00031827242773933774
muito bom super recomendo,0.00013692219124677134
parabens pela,0.00013685404059729788
funciona muito bem,0.00014824830584538712
ainda não instalei mas,0.00013627763145554892
tudo como combinado,0.00016580822290260998
bem embalado no prazo,0.0001360045056308999
ótimo trabalho,0.00013589741982986893
tudo ok produto,0.00013565862656631756
potente,0.00016204374967558613
produto entregue muito antes,0.000135556121765309
perfeito estado antes do,0.00014458398237975767
dias antes do previsto,0.00013507309072919164
lindos de,0.00013504257270704136
competente,0.00015880270528058067
tudo 100,0.00013487070230478438
no prazo excelente,0.00013484353934886206
produto entregue como,0.00014616081879565072
entrega rápida dentro do,0.00013481287141376682
entrega rápida produto excelente,0.00013469085710935875
pontualidade na entrega,0.00013457790815947553
já usei,0.00015057183409553229
ótimo chegou antes do,0.00013440805352093067
produto excelente loja,0.00013404258959768417
muito bom chegou no,0.00013398179657392672
designer,0.0001339088689905795
produto dentro do esperado,0.0002029073258307383
chegou antes do combinado,0.00013332147285206736
em tempo hábil,0.00017379387609852787
recebi produto certo,0.00014827007832874487
produto ótimo entregue,0.00013307847447014185
preço acessível,0.00013301274111321825
parabéns pela eficiência,0.0001328802046789712
recebido conforme,0.00017409072484710864
correto dentro do prazo,0.00013250888077591283
ideal para,0.000132485414572824
tudo certo dentro do,0.00014279703486344704
da data prevista produto,0.00013235550708959123
atendeu expectativa,0.0001323315027052107
um excelente produto,0.0001322254065009057
certo antes do prazo,0.00016911238988591258
dentro do prazo conforme,0.00013204835385932634
parabéns baratheon,0.0001320330778815499
produto entregue sem problemas,0.00013196641591732694
otimo serviço,0.0001316820204408438
só tenho agradecer,0.0001316375748240898
recebido dentro do prazo,0.00013145404603653172
do prazo estipulado recomendo,0.00013144686802028004
chegou no prazo correto,0.00013142243677525303
pode confiar,0.00013141960181829019
prazo em ótimas condições,0.00013126852619151135
amei recomendo,0.00016384699456619052
antes da data de,0.0001312433133276604
tão rápido,0.00013114686405654255
vcs são,0.00015903696549919672
igualzinho,0.00013081685309132045
em perfeita ordem,0.00013070364845638188
prazer,0.00013062812992404034
eu indico,0.00015649024292561505
muito ágil,0.00013052126527431657
otimo preço,0.00013050487769413456
gostei muito entrega,0.00013038075557636356
indico todos,0.00013031492555433177
funciona bem,0.00020367398520280828
no prazo super recomendo,0.00013018374445928512
entregues dentro do prazo,0.0001299932693319028
produto antes da data,0.00012958419126482838
rápida estou,0.00012951173488669172
do prazo como sempre,0.00012928727995467038
rápido como,0.0001443448293637534
loja está de parabéns,0.0001382978128345069
excelente produto chegou antes,0.0001289112152066743
obrigada por,0.0001286704632909357
super confortável,0.00012841561594499254
entregaram bem antes do,0.0001283075847038046
recebido no prazo,0.00017774516095336046
rápido gostei,0.0001281938522616074
atendeu minhas espectativas,0.0001396795052527224
tamanho ideal,0.00013657416268705703
certinho muito,0.00013652470520391174
produto otima qualidade,0.00012702606783158133
superando,0.00012690232243249544
rápida produto bem embalado,0.00012677013168186746
muito bom serviço,0.00012674601950457573
ótima loja produto,0.00012659589169834075
não tenho que reclamar,0.0001349171764432263
do produto entrega foi,0.00013916930023545355
entregue em perfeito estado,0.00015672026407624297
tudo certo entregue,0.00012590895211931518
rápida gostei,0.00012584121635596625
antes do esperado produto,0.00012579815381838985
recomendo amei,0.0001256700874119669
no prazo como,0.00014268753537958174
entrega nota 10,0.00012563609404547425
perfeito muito,0.00012555557498173872
ótimo recebi,0.00012525846546926944
prazo ok,0.00015745337379507532
bem embalado protegido,0.00012485454165180447
delicada,0.00013529390511836544
gostei muito do atendimento,0.00012480700750667483
gostei muito da compra,0.00012478598211779917
bom produto conforme,0.0001247448555450564
site super,0.0001759889948324818
gostei da compra,0.00018557374307440755
produto minha,0.0001573163435620571
sem nenhum defeito,0.000123444777141253
tudo perfeito como,0.00012315400727979598
chegou no prazo bem,0.0001378816312297569
otimo entrega,0.00012304913508317934
rápida dentro do prazo,0.00012277412982000924
mas aparentemente,0.00013400476993751637
ótima qualidade entrega super,0.00012256613541956947
entrega rápida muito,0.00012245108668152815
entregue no prazo sem,0.00012195622114161321
gostei de tudo,0.0001219459246118173
entregue bem antes da,0.00012181390554008906
entregou muito,0.00012158988563241367
super feliz,0.00013067750248235734
conforme especificações,0.00012133169557316379
recomendo excelente,0.00012088576773365106
antes do prazo ótima,0.00012062350354260038
abraços,0.00012060506925662897
excelente empresa,0.00012059958177261889
pequeno mas,0.0001205476431557506
excelente custo benefício,0.00012051046121420757
muito bom gostei muito,0.00012028950894892032
todas as expectativas,0.00012010305948242731
produto veio antes do,0.00013331402465268716
de fácil montagem,0.00011988968956614392
produto adorei,0.0001196338844103201
obrigado estou,0.00011962051025772526
produto ótimo chegou antes,0.00011958651683929259
loja entregou antes do,0.00011952098065282424
em perfeito estado muito,0.00011950689897719725
gostei do produto recomendo,0.00014505533289475782
nada tenho,0.00011924162784512205
recebi produto dentro do,0.00028233516412974776
antes do previsto recomendo,0.00011912577266906746
empresa muito,0.00011911527071714153
antes que,0.00012972419283305102
qualidade loja,0.0001310272848728715
muito bom tudo,0.00011892613869422323
parabéns toda equipe,0.00011892483201473135
rápida na entrega,0.00011878265265755245
tudo dentro do prazo,0.00011875025729707926
produto foi entregue muito,0.00013010970740847235
menos de uma semana,0.00014716424296910057
correto entregue no prazo,0.00011870946620757414
fantástica,0.00011869235606471506
satisfeita com produto entrega,0.0001186608802641654
sem reclamações,0.00011849459407349132
eu recomendo produto,0.0001290498268311173
sempre bom,0.00011840567603672892
muito satisfeito com produto,0.00011824677240145663
recomendo este produto,0.00014266273708854192
estou feliz,0.00011799714458446852
do prazo recomendo todos,0.00011791009941416946
stark sempre,0.00012998875641493206
ótimo produto eu recomendo,0.00011747605099396278
vlw,0.00011741991195455653
gostei produto,0.00014665531924624206
ótimo produto entrega super,0.00011722778661650703
tudo bem embalado,0.00012997098795177286
até antes da data,0.0001448561894726595
corretamente muito,0.00011692988291436544
tudo dentro do combinado,0.0001365466272386489
qualidade eu recomendo,0.00011678119984131622
estão de parabens,0.00011672752506039362
entrega rápida produto muito,0.00011668382447930888
tudo ocorreu conforme,0.000116502571520469
chega antes do prazo,0.0001360163558168561
de brinde,0.00011630423155165844
atendimento de,0.0001776950627363248
minha esposa,0.00018143247557246965
serviço ótimo,0.00011627045831447476
dentro do prazo como,0.00011610527489113634
rápida entrega produto,0.00011601983233393185
td de,0.00011596444827436079
correto sem,0.00011590056207639796
amaram,0.00013034937672144352
bom preço entrega rápida,0.0001155189791100469
show super recomendo,0.00011510592940230526
muito antes do esperado,0.00011495692818504604
bem satisfeito,0.00011494490798940586
muito satisfeita recomendo,0.00011493280570527675
recebi produto muito antes,0.00013003034242400045
bonito produto,0.0001413714961992445
qualidade ótimo,0.00011460935733671522
rápida muito antes do,0.00011454657787479223
excelente parabéns,0.000114460055444043
antes do prazo como,0.00011431223878801742
em perfeito estado no,0.00011386040462840367
muito ótimo,0.00011380749373701639
do prazo estipulado muito,0.0001137502504204847
entrega rápida ótimo produto,0.00011368669372314095
bem legal,0.00011328304757652603
bem embalado dentro do,0.0001131363587562478
embalado dentro do prazo,0.0001131363587562478
entregue corretamente antes do,0.00011313304315152126
material ótimo,0.00011304751631998659
maravilhoso recomendo,0.00011291020975672542
ficou linda,0.00012396101050048334
rápida super recomendo,0.00011246283429377544
amei produto entrega,0.00011244383337740621
lindo adorei,0.00011238222457544988
ótimo produto ótimo,0.00011230209123561707
perfeito chegou antes do,0.00011224169201874373
ótimo qualidade,0.00011223720106634919
excelente produto obrigada,0.00011186828814598302
entrega rápida super,0.00011171658278753093
no prazo com qualidade,0.00013060956019433055
parabenizo,0.0001115715253828669
produto bem acabado,0.00011143232175180429
boa qualidade do,0.00011141190264230156
adorei produto recomendo,0.00011138953431411925
ainda não testei produto,0.0001729002073032347
rápida produto conforme anunciado,0.00011121344248398403
antes mesmo do prazo,0.00014723084256346622
rápida bem antes do,0.00011114317433636287
adorei mercadoria,0.00011103971196502989
adorei lindo,0.00011098744881383056
muito bem acabado,0.00011084159483430337
entrega rapida tudo,0.00011063874489617796
de boa qualidade gostei,0.0001106143569041446
do prazo recomendo loja,0.00011055286040208693
produto parabéns,0.00011053847905754925
entregue no prazo conforme,0.00011044274047697136
loja online,0.00013797791790960397
lindo perfeito,0.00011009858210308724
bonito recomendo,0.00010997085900743449
otimos produtos,0.0001098156946637991
loja para se comprar,0.00010981231482254498
superou as minhas expectativas,0.00010979811551398197
produto de qualidade chegou,0.00010970462727792775
compra satisfatória,0.00010961724138826837
os produtos são de,0.0001217297624265242
espetacular,0.00012508725884689578
tecido recomendo,0.0001094223332677297
qualidade entregue no prazo,0.00010937728381050408
me surpreendi com,0.00010937716403070698
qualidade pontualidade,0.0001093634261270573
bom amei,0.0001352534547770279
super rápida entrega,0.00010918828787229906
parabéns entrega rápida,0.00010910211098359692
prazo de boa qualidade,0.00010905341761810783
podem confiar,0.00010905324205833587
recomendo ótimo produto,0.00010897522294336404
bem bonito,0.00018241984062871447
foi entregue rápido,0.00010888362307168583
adorei obrigada,0.00010886423226441814
satisfeita com produto com,0.00010883835140132986
qualidade perfeito,0.00010883128847707723
parabéns todos,0.00010871166631458662
sim muito,0.00012341815921429396
prontamente,0.00012073753707114044
confiável entrega,0.00010865394746072537
bom de mais,0.00010854069271768595
veio dentro do prazo,0.00010851404799719962
produto chegou até antes,0.00012973186369995567
bem grande,0.00015282636277223424
exatamente como na foto,0.00010847670040346702
adorei super,0.00010845673975988018
antes do previsto tudo,0.00010838217817203497
dentro das especificações,0.00012420618715131435
tudo certinho chegou,0.0001081877734608215
entregues antes do prazo,0.00014509256042092905
perfeito estado no prazo,0.00010798306579888548
qualidade intermediária,0.00010787871309128219
ótimo produto super recomendo,0.00010785440781085864
entregue até antes do,0.00011647877682309433
corretamente recomendo,0.00010781322263135644
muito bem embalado recomendo,0.00010778812984249616
pedido entregue no prazo,0.00010774233744093003
chegou em ótimo estado,0.0001076843740173667
recebi super rápido,0.00010765284397019014
foi perfeito,0.00011970924151986188
ainda não usei mas,0.00014064831863211294
direitinho no,0.00010755288067170116
entrega rápida tudo certo,0.00010747571438325977
do prazo com qualidade,0.00010724143046488269
entregou produto antes do,0.00010722490372293701
produto muito antes do,0.00012235771880752486
antes da data marcada,0.00015067175143173932
de entrega muito bom,0.00010701861138065705
produto com qualidade,0.00018332220085299827
compra muito,0.0001068166995366123
rápida veio,0.0001067522991443364
sempre no prazo,0.00010670314358478904
bom entregue no prazo,0.00014782824549079975
rápida produto chegou,0.00010649731502116103
por tudo,0.00010646842578783936
td perfeito,0.00010645771729095759
produto correto entregue no,0.00010645463054717421
de boa qualidade entregue,0.00010639213037607091
foi exatamente,0.00010633622856596797
descrito entrega,0.00010629673664431418
entrega produto de qualidade,0.00010623658562630962
muito satisfeita entrega,0.00010623033609054978
antes do previsto excelente,0.00010621365319107638
bom entregou antes do,0.00010620727702101426
chegaram antes do prazo,0.00010604769135605728
excelente prazo de entrega,0.00010603301757433282
produto conforme anuncio,0.00012139262271799636
rapido antes,0.00010593670364676702
entrega foi realizada antes,0.00010589185643685444
produto muito bom conforme,0.0001058863061137005
de entrega parabéns,0.00010571006477375453
excelente chegou bem antes,0.0001054106424791474
entrega rápida produto bem,0.00010536330533661751
rápida produto de boa,0.0001053334311453865
frágil mas,0.00010531168376728099
bem rapida,0.00010510617252579028
produto muito bom de,0.00010508296975949502
com tudo,0.00013038446734926903
fantástico,0.00012265435829099532
parabéns pela pontualidade,0.00010495408350127088
adorei produto entrega,0.00010484947806647914
comprometida com,0.00010481939925413428
produto com ótimo,0.00010479443841511258
vendedor rápido,0.00010479426594092058
confiável recomendo,0.0001047873687779614
elegante,0.0001163302570797156
antes do prazo conforme,0.00010475479503912575
cortina linda,0.00011954356205583531
prazo produto de acordo,0.000104648685221851
compra super,0.00010457380202676112
ok chegou,0.00010453135427408186
parabens pelo,0.00010449414669144918
estou satisfeita com produto,0.00014123279575577015
recebi antes do esperado,0.00010445055016695585
entregue no prazo combinado,0.00010429297181794245
conforme eu,0.00010428927790747685
satisfez,0.00013116630277765445
de qualidade chegou antes,0.00010413432549251349
lindo bem,0.00010406497299593042
embalado chegou antes do,0.00010397706611415858
bem embalado chegou antes,0.00010397706611415858
não testei ainda,0.00010393129902291215
envio rápido,0.00013081603752451143
simplesmente amei,0.0001039000973857676
recebi produto antes da,0.00010377006476692386
entrega rápida produto conforme,0.0001250907387501945
no prazo tudo correto,0.0001037312003916885
muito bom obrigada,0.00010366910853066376
excelente produto entrega rápida,0.0001035980447999001
rapido produto,0.00010358461037360287
prazo estou muito satisfeita,0.00010349422285981109
fiel,0.00012838503653011323
muito top,0.0001034030273463779
gostei dos produtos,0.00010338459598764312
entrega mega,0.00010334223825920772
do prazo tudo perfeito,0.00010330483090367618
produto veio correto,0.00018333427057011696
loja confiavel,0.0001031809916736115
empresa confiável,0.00010313590946744068
top top,0.00010311140881643198
parece muito bom,0.00011287053135669898
adorei produto muito,0.00010309590224299246
perfeito obrigada,0.00010306800759601019
mercadoria antes do prazo,0.00010305984817844641
site recomendo,0.00010305592811275635
veio bem antes do,0.0001789852918691536
no prazo tudo ok,0.0001140928312951777
do prazo produto bem,0.00010302018916870715
veio muito rápido,0.00010298658999393226
bonito qualidade,0.00010297870664625612
produtos maravilhosos,0.00010291713701814653
bom barato,0.00011379051933724666
gostei muito parabéns,0.00010286503848590778
foto recomendo,0.00010278849841989389
loja parabéns,0.00010277615426759316
loja eficiente,0.00010262375645041451
ótimo custo beneficio,0.00012531194230051246
ótimo produto entregue dentro,0.00010256649725585203
meu produto antes do,0.00010250675362022822
gostei muito obrigado,0.00010246132134619909
produto lindo entrega,0.00010243216004187177
chegou bem embalado antes,0.0001021951049013967
produto certinho,0.0001386188624491225
de qualidade adorei,0.00010210750551708383
muito fácil de,0.00010202367093068501
em menos de uma,0.00011146736982275624
bom pelo preço,0.00010192964389423609
parabéns recomendo,0.00010174489979734868
de qualidade entrega antes,0.0001017301147736717
foi muito antes do,0.00010996448070361715
lindo gostei,0.00010170914140216715
comprar mais vezes,0.000101699051485461
foi conforme,0.00010169636650500965
antes do prazo máximo,0.00010163409258239589
no prazo sem problemas,0.00010157910544099144
compra excelente,0.00010139626466794173
lindo muito,0.0001013917144355528
entrega perfeito,0.00010136902975644553
muito bom muito,0.00010130814264660488
amei produto chegou antes,0.00010125351445591652
recomendo 100,0.00010124658190081556
serviço muito bom,0.00013325982003192468
no prazo ótimo produto,0.00010092018508113397
bom produto chegou antes,0.00011402665326901945
semana antes do prazo,0.00010086551584169534
prazo embalado,0.00010086358637676005
entrega muito rápida produto,0.00010076046509462525
antes do prazo chegou,0.00011368118224915069
produto chegou certo,0.00010044987350878173
pelo excelente atendimento,0.00010044497082714178
ótimo muito obrigado,0.00010038255801145756
ameeei,0.00010038181562946556
continue sempre assim,0.00010026359090016342
certinho dentro do prazo,0.0001001972659003846
de ótima qualidade entregue,0.00010012296742751077
adoro comprar na lannister,0.00010009838020347851
produto muito bom entregue,0.0001184108728327265
antes do prazo indicado,0.00011322893589849798
otimo recomendo,9.994330165044876e-05
bem embalado antes do,0.00012383558109125686
embalado antes do prazo,0.00012383558109125686
foi muito rápido entrega,9.989098687470548e-05
produto obrigado,9.98701558994541e-05
muita rapidez,9.981160844144459e-05
loja ótimo,9.979507008395099e-05
exatamente como eu,9.969251040873159e-05
obrigado lannister,9.956369418266981e-05
qualidade bem embalado,9.956364989873953e-05
entrega super rapido,9.952740400184623e-05
satisfeito com entrega,0.00012174491211246668
um bom produto,0.0001675574254408317
tudo veio,9.937422356384566e-05
produto chegou tudo,9.929986479976495e-05
entrega foi muito antes,0.00010750986611666826
mercadoria recebida,0.00010828920084255512
estao de parabens,9.909139036641853e-05
produtos são de ótima,9.907054090860111e-05
recebi meu produto antes,9.90544506945669e-05
que eu precisava,9.901958766316898e-05
parabéns chegou antes do,9.894095494614093e-05
super resistente,9.883800989465831e-05
produto atendeu minhas expectativas,0.0001137338721240036
foi realizada antes do,9.87429132894662e-05
bom entrega super rápida,9.874057582371658e-05
excelente entregue antes do,9.870970142334869e-05
ainda não testei mas,9.855777675943891e-05
em perfeitas condiçoes,9.855730494182393e-05
adorei produto chegou antes,9.851634046131794e-05
recomendo os produtos,9.850893860180207e-05
bem entrega,9.841555228157315e-05
produto chegou conforme combinado,9.837630239401331e-05
muito bom excelente,9.836770570978262e-05
sem danos,9.83321447014378e-05
já conhecia,9.831090421831037e-05
tempo em,0.00012558142781305122
honestidade,9.823526690190518e-05
entregou produto rápido,9.822332914591301e-05
entrega atendimento,9.818262982784597e-05
eu compraria,9.815708221305147e-05
deus abençoe,9.810331621711768e-05
entrega antes do esperado,9.808679290786812e-05
no prazo produto correto,0.00013056310716730022
parabéns pela agilidade,9.799286194990165e-05
ótimo produto excelente qualidade,9.796797294721377e-05
de ótima qualidade foi,9.793543088280015e-05
atendeu as necessidades,9.789175439276336e-05
prazo previsto muito bom,9.788612392136121e-05
chegou mt,9.782219749459755e-05
antes do prazo exatamente,9.77936872879717e-05
recomendo as lojas lannister,9.77155676645227e-05
com entrega produto,9.77103793773962e-05
chegou no prazo sem,9.762424819592566e-05
foi entregue super rápido,9.760560929258387e-05
rapido excelente,9.758931727353071e-05
tudo perfeito produto,9.749110157544266e-05
vendedor correto,9.743481153886062e-05
ótimo produto qualidade,9.742960248497493e-05
exatamente que esperava,9.738550819575827e-05
chegou de acordo com,9.737944551609136e-05
em perfeito estado bem,0.00011727508524622218
gostoso,0.00010767338272945013
amei tapete,9.696753814128599e-05
ótima loja para,9.692322149742143e-05
amei produto muito,9.691701364373535e-05
material entregue,0.00012086948952133552
voltaria comprar,0.00012059329712334928
ótimo produto entrega antes,9.680684024964288e-05
meu produto chegou antes,0.00010975911454377406
super no prazo,9.670421440204007e-05
site muito bom,0.00012779852387474934
muito excelente,9.656428362190444e-05
ótima loja recomendo,9.646720122188084e-05
continuarei comprando,9.64513133521413e-05
linda de,9.635827832654612e-05
mesmo antes do prazo,0.0001073700824217445
uma semana antes do,9.61866494642897e-05
adorei os produtos,9.618516013080861e-05
muito bem feita,9.615993897265707e-05
bom produto gostei,9.61256342449619e-05
loja muito eficiente,9.591942054573943e-05
antes do prazo valeu,9.589296107636696e-05
produto de qualidade preço,9.5829538715719e-05
bom produto chegou rapido,9.57820179280743e-05
prazo gostei muito do,9.570725415876195e-05
antes do prazo fiquei,0.00014935161558795703
entregue bem embalado,9.546307733799671e-05
bonito de qualidade,9.540923662410824e-05
boa chegou,9.536903631891682e-05
produtos ótimos,9.530443127019526e-05
dentro da normalidade,9.527676181928273e-05
não usei ainda,0.00016129939544481565
excelente produto recomendo todos,0.00011617740191076745
tudo certo rápido,9.509996605751142e-05
chegou rápido produto,9.50069705361977e-05
do prazo ótimo produto,0.0001085219386414204
produto mto bom,9.488266234093282e-05
serviço excelente,9.485677851477607e-05
ótimo fornecedor,9.483104759609896e-05
do prazo previsto excelente,0.0001046534324033071
amei relógio,9.481525838776781e-05
foi tudo perfeito,0.00010609642788678908
preço recomendo,9.47473963358187e-05
dentro do prazo obrigado,9.469081165997988e-05
com seus clientes,0.00012632808440055782
entrega foi rápida produto,9.459416720808285e-05
entregue em perfeitas condições,9.455301592126717e-05
bem resistente,9.448182347873685e-05
recomendo pra todos,9.445479453252185e-05
fácil de instalar,9.441024441518967e-05
produtos de boa qualidade,9.440292521283605e-05
nota 10 para,0.00010499943997022842
minha compra chegou,9.436531879060529e-05
achei muito bom,9.415195502138146e-05
entrega rápida produto em,9.408940847187904e-05
vendedor produto chegou,9.404307716039408e-05
adorei entrega rápida,9.403405990955754e-05
ocorreu antes do prazo,9.400400995939369e-05
recomendadissimo,9.38430337631178e-05
ótimo em,9.382774289205552e-05
absurdamente,9.370675769598321e-05
produto muito bom bonito,0.00010627101039903134
rapida recomendo,9.367761178037455e-05
não tive nenhum problema,0.00011112322541120126
mas no geral,0.000143903183882703
estou satisfeito com compra,9.359462177029524e-05
rápido eu recomendo,9.356269569330541e-05
super leve,9.355759978712184e-05
entrega imediata,9.31016037976635e-05
foi super rápida produto,9.30966446131852e-05
bom produto entrega rápida,9.306829687110903e-05
preço bom entrega rapida,9.303319193845728e-05
muito bom entregou antes,9.292266963223152e-05
chegou rápido bem embalado,0.00010305429353434423
fácil de comprar,9.27779734653556e-05
belíssimo,9.267933322629652e-05
parabéns pelo comprometimento,9.259600892422566e-05
produto conforme foto,0.00010161766932190896
prazo produto bem embalado,9.253113189458911e-05
do prazo de boa,9.251187271433847e-05
adoramos,0.00014503715477854741
funcionou perfeitamente,0.0001513241926285346
produto estou satisfeito,9.24708419356367e-05
entrega ocorreu antes do,9.241202530871536e-05
antes do prazo era,9.235758999496822e-05
muito bom entrega super,9.229673995406796e-05
recomendo todos produto,9.228989780876197e-05
experiência de compra,0.00011314576937202902
parabéns pelo trabalho,9.214121330831705e-05
ganhou,9.213817443132343e-05
vale muito pena,9.198441789103417e-05
entrega tudo certo,9.193621044455533e-05
produto original entrega,9.179277424617189e-05
rapido bem,9.169502275509987e-05
material de boa qualidade,0.00011444535538119934
ótima qualidade foi entregue,9.16919373285973e-05
loja de confiança,0.00013077048205799657
são excelentes,9.161136376733269e-05
de entrega super recomendo,9.160889884368065e-05
produto como eu,9.16061595251403e-05
chegou no tempo certo,9.158851751517689e-05
produto maravilhoso entrega,9.151428890078394e-05
muito bom site,9.145595586203405e-05
produto entrega foi rápida,9.140045059008738e-05
no prazo certinho,0.00010261204528463699
antes do prazo mto,9.13743453009954e-05
excelente vendedor produto,9.137143282341965e-05
muito bom bem,9.126412351270039e-05
produto foi entregue corretamente,0.00013570363391885877
recomendo todos muito bom,9.11571459868937e-05
determinado pela,9.114499427175769e-05
que precisava,9.114394324543981e-05
antes do prazo ainda,0.00010279296521964923
rápidas,0.00010169507198570088
do que eu imaginava,0.00010468890782962102
ótimo produto chegou bem,9.100264818555098e-05
rápido conforme,9.099290124719879e-05
produto superou as expectativas,9.096663962696242e-05
um otimo,0.00010467303217225037
compra obrigada,0.00010559545472463109
preço muito bom,0.00011766727172869724
muito bom conforme esperado,9.075498530428886e-05
produto bem embalado chegou,9.072841292668315e-05
satisfeito produto,9.067897648676348e-05
recomendo lojas lannister,9.057593148873267e-05
de acordo com pedido,0.00011401026601425906
antes do dia previsto,9.041052401032349e-05
perfeito em,9.039889675551655e-05
indico produto,0.00010337869456734663
exatamente como esperava,9.037420161957473e-05
loja entrega rápida,9.035318163930526e-05
20 dias antes do,9.034144100325833e-05
tudo perfeitamente,9.032380497867769e-05
gostei do produto entrega,0.000122363810357086
ótima compra produto,9.015068825241349e-05
parabéns lojas lannister,9.014815537722705e-05
os quadros são lindos,9.011302691532901e-05
obrigada chegou,9.010951654061276e-05
rápido muito bom,9.003228611106466e-05
recebi antes da data,0.00010433354415458983
em perfeitas condições recomendo,8.997643478750112e-05
rápido correto,8.994109707993042e-05
no prazo corretamente,0.00010165126238818177
loja recebi,9.948166469813988e-05
qualidade chegou no prazo,8.988519976806229e-05
otimo material,8.988331813463759e-05
qualidade tudo,8.98793735659471e-05
ótimo vendedor produto,8.987928123162676e-05
entrega produto conforme,8.983587701648543e-05
rápida no,8.983123024355414e-05
tudo em perfeito estado,9.827585921271311e-05
correto foi,8.976195886157069e-05
interessante,0.00012404300552075505
anunciado entrega rápida,8.970451627819724e-05
entrega correta recomendo,8.964326310699396e-05
muito bom atendeu,8.957583970793332e-05
produto boa qualidade,8.951159748982608e-05
podia ser,0.0001628392995601128
além das,8.947318696129447e-05
bom produto entrega no,8.944166781839072e-05
melhores lojas,8.942943688272673e-05
rápido um,8.935707779630154e-05
eficiência na entrega,8.930487600126192e-05
qualidade muito bonito,8.920269594199237e-05
loja produto chegou,0.00010011446978582347
excelente atendimento entrega,8.918715314726752e-05
satisfatória recomendo,8.913427394362738e-05
dedicação,0.000116959680952068
produto bem embalado entrega,8.90858166620303e-05
de qualidade entregue antes,8.90409745318177e-05
eficiente recomendo,8.903244688608122e-05
fácil entrega,8.900362924630307e-05
versátil,8.900207472436042e-05
produto veio perfeito,8.899885994164756e-05
produto corresponde ao,0.00010916840491551848
recomendo para quem,8.888821297734196e-05
tudo foi entregue,8.875934881646715e-05
produto era que,8.871541432735001e-05
recomendo tds,8.851088004373898e-05
produto embalado,8.848411182067258e-05
com bastante,0.00010102708940413096
chegou muito rápido recomendo,8.847468241820175e-05
compras feitas,8.845491230486669e-05
recomendo produtos,8.837294590569668e-05
bonito gostei,8.834480800037332e-05
direitinho recomendo,8.83405822207923e-05
entregue no prazo certo,8.832986592459868e-05
chegou no prazo ótimo,8.829220163932079e-05
recomendo loja produto entregue,8.828001556181956e-05
atendeu minha necessidade,0.00011175325211057394
mto lindo,8.823098384646693e-05
otimo produto entregue,8.81770351809053e-05
uma das melhores,9.916316111356223e-05
produto veio em perfeito,8.81669568005673e-05
conforme planejado,8.810887369009631e-05
um abraço,0.0001231159266218541
muito bom lindo,8.806820723358482e-05
muito seguro,8.804658128011446e-05
entrega rápida produto ótimo,8.803616338177874e-05
condições dentro do prazo,8.801456359174799e-05
melhor que esperado,8.79081550865642e-05
adorei veio,8.786495433476339e-05
mto satisfeita,8.78285266510088e-05
rápido veio,8.779546835195301e-05
boa qualidade chegou antes,8.778191780091085e-05
produto bom chegou antes,8.775200345033878e-05
sempre muito,0.00010830342951258279
produto excelente entrega rápida,8.756691880792446e-05
charmoso,8.756289324354283e-05
produto ótimo entrega rápida,8.753437919775755e-05
porém frete,8.743524678428657e-05
ótimo produto amei,8.741615084182283e-05
lannister como sempre,8.739841191169836e-05
ótimo produto recebi,8.738423806361816e-05
ótimo prazo de entrega,0.00012796425844094375
super rápido recomendo,8.73285819572453e-05
muito bom empresa,0.00011281506871994743
comprarei mais vezes,8.722440376206252e-05
suave,8.716202710074601e-05
sem restrições,8.712889519945194e-05
vendedor excelente,8.709238641378136e-05
do prazo corretamente,8.707717406964868e-05
não tive problemas,0.00014229895263741924
recomendo recebi,8.706084703991629e-05
certinho como,8.704168464686154e-05
produto bom bonito,9.697219109925847e-05
lannister recomendo,8.698595773945436e-05
no prazo ótima,8.698302253333543e-05
adiantado,0.00010006193576813284
uma maravilha,8.69026935720448e-05
do prazo excelente produto,8.683084396634507e-05
mercadoria certa,8.6822653166909e-05
100 confiável,8.677210134137991e-05
recebi produto no prazo,0.0002934300309425637
muito lindas,8.657742796657126e-05
bolsa linda,8.645636785106217e-05
adorei qualidade,8.635353980770687e-05
combinado muito bom,8.635162579426684e-05
rápido amei,8.631878403008583e-05
ocorreu tudo certo,9.705981361111044e-05
muito bom entrega antes,8.628552236625395e-05
no prazo estabelecido,0.00011685861249913202
minha espectativa,0.0001064266127213472
chegou tudo ok,8.603182307070663e-05
sem burocracia,8.59996926538877e-05
obrigada pela atenção,8.592191436812187e-05
ótimo produto de qualidade,8.590780917285592e-05
tudo certinho antes do,8.587940299273857e-05
ótimo muito bom,8.587383041581127e-05
do prazo produto conforme,8.587286255669039e-05
foi ótima,0.00010981163368661209
tudo foi como,8.579551558835909e-05
só elogios,8.579358370367831e-05
compra nessa loja,9.725377691009116e-05
foi bem rápido,8.576797674759214e-05
parabéns obrigada,8.574408944291977e-05
adorei minha compra,8.567643343814349e-05
indico para,8.561686938676457e-05
antes do prazo não,9.302859976703666e-05
envio foi,8.549309151498908e-05
ótimo produto veio,8.546225261324986e-05
lj,8.544151108987003e-05
mas parece ser,8.539948024764269e-05
de ótima qualidade adorei,8.532047239280398e-05
bem embalado sem,0.00010873359058413951
veio tudo ok,9.604999752916832e-05
entregue no prazo tudo,9.643877898808415e-05
produto conforme solicitado,8.527560804039557e-05
lindas amei,8.52576951940686e-05
produto vale,8.525474754438133e-05
combinado sem,8.52267994350209e-05
entregue no prazo bem,8.518983950548904e-05
satisfeito com loja,8.510177237914323e-05
no prazo perfeito,9.500277953802285e-05
excelência,0.00011891929293516575
lannister nota 10,8.508562273689458e-05
recomendo produto excelente,8.502956165965711e-05
qualidade entrega rápida recomendo,8.49585115460496e-05
falta um produto,0.00010041152458946622
recomendo produto entregue,8.489987959370222e-05
direitinho antes do prazo,8.489660598049532e-05
ótimo super recomendo,8.485098473632073e-05
do prazo estipulado produto,8.478200015460983e-05
dentro do prazo sem,0.00011678044501746041
ótima empresa,9.621638379699533e-05
em excelente estado,0.00010027979732318785
recomendo entrega super rápida,8.462942927526358e-05
perfeitamente no,9.98507847701856e-05
cumpriu que,8.462296394432692e-05
eficiente entrega,0.00010080015243750756
excelente parceiro,8.453377835790994e-05
lindo minha,8.453361291900126e-05
boa qualidade entrega foi,8.449124001693188e-05
ocorreu tudo bem,8.433209574784308e-05
produto recebi antes do,8.430899728172326e-05
antes do prazo show,8.43065532110719e-05
prazo meu,8.429475007796041e-05
atende que,8.428727596832125e-05
parabéns continuem assim,8.426216569103044e-05
prazo produto de excelente,8.4177780610789e-05
descrição chegou,8.413282890691575e-05
muito lindo chegou,8.409518929893064e-05
bem antes do tempo,8.407093011598534e-05
entrega chegou bem antes,9.391152018380719e-05
excelente produto excelente,8.396909511891496e-05
compra rápida,8.386001956707423e-05
amei são lindos,8.385753542027267e-05
rápida que,8.383752756173305e-05
vendedor atencioso,8.378835222819163e-05
bem os,8.378038977703635e-05
ágil entrega,8.374570079326916e-05
bons preços,8.374095503093168e-05
do prazo de ótima,8.36849745885297e-05
dentro do prazo combinado,0.00010997114966030034
bom produto bom vendedor,8.363226234844152e-05
muito bom como,8.360417011034364e-05
bom entrega foi rápida,8.359584863487589e-05
atendeu às expectativas,0.00012084327182284348
bom entrega no prazo,0.00010594965479948248
bom chegou rápido,8.339220513948887e-05
ótimo produto entrega no,8.338440301903243e-05
peguei,0.00012406026382984073
entrega no prazo muito,0.00010188394576587122
muito satisfeito recomendo,8.324416611569298e-05
exatamente como no,8.324133573456938e-05
totalmente satisfeito,8.322307493249696e-05
fiquei satisfeita com compra,9.287754361665642e-05
entrega rápida produto perfeito,8.318516437612328e-05
serto,8.310448645319662e-05
estou super satisfeita com,8.308918711963452e-05
são de ótima qualidade,0.00010420577654655533
tudo funcionou,8.307193647729189e-05
recomendo chegou rápido,8.303413999468661e-05
veio rápido,8.29967185453943e-05
espero que continue,8.297965933669367e-05
bom atendimento entrega,8.29744372355604e-05
excelente sempre,8.296061392327702e-05
gostei bastante do produto,8.294826071509965e-05
melhor de,8.294432723284883e-05
recomendo stark,8.29097517563907e-05
qualidade entregue dentro do,8.285906019739512e-05
lannister pela,0.00010265042297700566
seguro comprar,8.280513564087126e-05
perfeito parabéns,8.276849535160058e-05
excelente lindo,8.2761141143337e-05
chegou conforme anunciado,8.27521089371702e-05
parabenizar,8.269805277591035e-05
otimo super,8.266556385091524e-05
bem leve,9.400675896641627e-05
honesto,9.229014423178137e-05
tudo certinho obrigada,8.258874484035498e-05
satisfeita com os produtos,8.258519654529678e-05
qualidade acabamento,0.00012803169599936873
tecido muito bom,8.25733859301455e-05
muito obrigado pela,8.255515761621915e-05
bom chegou dentro do,8.253711117529125e-05
entrega rápida bom produto,8.251889648118148e-05
loja excelente produto,8.251524564368286e-05
tamanho bom,8.251324281169367e-05
semanas antes do prazo,8.249207010094279e-05
chegou corretamente antes do,8.246889930673834e-05
entrega em tempo,8.246723034896578e-05
produto correto dentro do,8.243842386885263e-05
entrega rapido,8.243716769477308e-05
ok recebi,8.243043947509149e-05
chegou tudo direitinho,8.242654838614396e-05
lindo ótimo,8.237898102670452e-05
que prometeu,9.498186105570093e-05
recebi no prazo certo,9.039641641123433e-05
produto entrega dentro do,8.233450638477229e-05
entrega no prazo tudo,8.231492663092722e-05
do prazo previsto em,8.227268959537505e-05
perfeito antes,8.226711577130876e-05
tudo correto recomendo,8.216567396971742e-05
antes do prazo só,0.00010668063020492262
entrega rápida produtos,8.207705781771933e-05
só compro,8.201300490171604e-05
eu recomendo todos,8.199239079204245e-05
de qualidade entrega no,8.198006513066063e-05
carinho,0.00010729929446553783
muito bacana,0.0001004436455881772
produto 100,0.0001119295356726916
no prazo atendimento,8.183049160159679e-05
muito rápido tudo,8.182097637766139e-05
mais rápida do que,8.177671639840036e-05
parabéns pela rapidez,8.175506879015137e-05
do prazo veio tudo,8.174921348119307e-05
eficiente produto,8.1723647765875e-05
rápido ágil,8.171183883537698e-05
comprar outros,8.16458027111353e-05
amo comprar no,8.160906958193478e-05
procurava,8.160054337358098e-05
entrega mais rápida,9.712660481430433e-05
corretamente em,8.156614724194247e-05
mto bem,8.15180483791662e-05
recebimento antes do,8.144364414745361e-05
produto melhor do que,9.92964639189024e-05
apliquei,9.448214150155027e-05
entrega qualidade do produto,8.132853429938114e-05
vou testar produto,9.274785701744961e-05
pelo serviço,8.124184284172273e-05
jeito que eu esperava,8.123429727840553e-05
em perfeitas condições dentro,8.120295450230555e-05
perfeitas condições dentro do,8.120295450230555e-05
loja excelente cumpre prazo,8.117857039976659e-05
antes do previsto parabéns,8.114819564226623e-05
chegou certinho antes do,8.114392416488623e-05
ainda nao usei,8.109746465239112e-05
com certeza recomendo,8.105910825287948e-05
preço produto,0.00010186384263394951
produto realmente,0.00011848725223793961
relógio muito bom,8.092213696080294e-05
rápida como sempre,8.089334728819381e-05
acabamento muito bom,8.086338403789484e-05
tudo certo bem,8.085776500821536e-05
lindo leve,8.08297419575896e-05
produto muito bem feito,8.074130904146849e-05
embalado chegou no prazo,8.072640307950009e-05
antes do prazo um,8.068238771190185e-05
chegou em menos de,9.040339069653057e-05
do prazo de acordo,8.061448307103213e-05
fui muito bem atendido,0.00010051367920994949
recebi produto bem embalado,8.059754226565722e-05
desde compra até entrega,8.050669577220483e-05
tudo certo obrigado,8.045563618593439e-05
eu amei produto,8.044653905543807e-05
qualidade recebi antes do,8.038485863531652e-05
compra entregue antes do,8.035434448424274e-05
correta antes do prazo,8.033822684827731e-05
pedido chegou no prazo,8.033087398134495e-05
original lacrado,8.033051471986936e-05
muito satisfeita com minha,8.031377716061294e-05
rápido fiquei,8.030495332513927e-05
rápido em perfeito estado,8.028185070725964e-05
ótimo como,8.025758913762397e-05
foi muito fácil,8.021664677871353e-05
chegou no dia seguinte,8.021328486747222e-05
top de,8.020263239719658e-05
muito boa gostei,8.019876090648923e-05
de acordo com as,0.0001238593481263241
um charme,8.018804356953052e-05
atendimento muito bom,8.015454897285946e-05
excelente eu,8.015008078549392e-05
igual descrição,9.048953891848963e-05
foi muito bom comprar,7.992113459227806e-05
no prazo adorei,7.988915263892745e-05
adorei relógio,7.982095180754434e-05
chegou perfeita,7.977634433230986e-05
eu recomendo essa loja,7.971681283144475e-05
entrega muito rápida parabéns,7.971189323943787e-05
muito rápido adorei,7.971007164315305e-05
funcionou muito bem,7.968525680874619e-05
bom sempre,7.967230612241773e-05
recomendo produto vendedor,7.961258179027727e-05
bom dentro das,7.95991117393408e-05
rápidos,9.036991746550113e-05
grande muito,7.956396055574394e-05
no prazo parabéns,7.955464756103141e-05
produto exatamente igual,7.955031094789004e-05
bonito de boa qualidade,7.951863402249853e-05
gostei muito vou,7.951246268235126e-05
excelente prestação de,7.949976513045524e-05
bom atendimento recomendo,7.94505462104696e-05
vou instalar,9.494215426411594e-05
pedido entregue antes do,7.941275345314088e-05
mas funciona,9.921989954196945e-05
compra produto chegou,7.930270986910349e-05
variedades,7.927419304271579e-05
adoro comprar nessa loja,7.92650574687378e-05
as minhas necessidades,0.00012526643425184161
produto bom pelo,7.920438080625276e-05
tudo chegou,8.972284534595459e-05
entregue no prazo correto,0.00012201313864762383
maior do que eu,9.257306451178262e-05
bem embrulhado,7.898576302150274e-05
tapete muito lindo,7.89555556989967e-05
esta tudo,0.00010279854935715729
de comprar nesta loja,7.88629430734057e-05
antecipadamente,8.864023960017547e-05
recomendo super,7.883376447293116e-05
amei produto super recomendo,7.882870058260179e-05
entregaram muito antes do,7.882406609118271e-05
já testei,7.881246844527326e-05
chegou antes do prometido,7.878053977667025e-05
conforme solicitação,7.875148198108645e-05
como eu queria,0.0001073227501514556
super responsável,7.866638506946015e-05
entrega super rápida parabéns,9.759746955778342e-05
bem recomendo,7.856380463380582e-05
pelo cuidado,7.850846646566982e-05
tudo dentro da,7.850750009457748e-05
minhas filhas,7.845737898763548e-05
produto condiz com,7.844169092678657e-05
tudo que foi,8.932729607934022e-05
prazo de entrega foi,0.00014829276110147293
com rapidez da entrega,7.8372605812836e-05
atende expectativa,7.836349987685643e-05
maravilhoso adorei,7.826574991748557e-05
pode comprar sem medo,7.826210244798082e-05
recomendo entrega foi,7.824242152220451e-05
com entrega antes do,7.822907416773058e-05
com bom acabamento,9.198959989087335e-05
foi uma ótima compra,7.814349685831458e-05
objetivo,0.00012125022081317382
prazo em bom estado,7.813456769167775e-05
com bom preço,9.827768271759937e-05
produto que eu esperava,7.810534375813002e-05
veio direitinho,9.676553560656633e-05
do prazo satisfeito,7.809614716195723e-05
ótimo entregou,7.804459358970153e-05
com entrega rápida,7.803308411232927e-05
de acordo com anúncio,9.949452691232514e-05
em perfeita condição,7.791744918294767e-05
do prazo tudo correto,7.790062617665535e-05
atendimento tudo,7.788268335301214e-05
curti,7.788044682417669e-05
produto muito bom loja,7.778177247034628e-05
serviço produto,8.95347056289436e-05
linda minha,7.774127414978016e-05
acertado,7.768505355532669e-05
rápida tudo certinho,7.768248101641654e-05
15 dias antes do,7.767405300325572e-05
do prazo em ótimas,7.766510804908053e-05
esperado dentro,7.75135110298043e-05
rápido do que esperado,7.749420485624098e-05
compra segura entrega,7.747507920675669e-05
exelente produto,7.745597824224133e-05
produto preço,0.00011394651250681454
super lindo,7.740866362064037e-05
entregue no prazo muito,0.00010415487722953965
produto chegou sem problemas,8.911024706890107e-05
loja entregou produto,7.731075402142043e-05
atendimento com,9.560829286037312e-05
excelente produto entrega antes,7.72647763377291e-05
adoro comprar nas lojas,7.722919958476374e-05
fácil rápido,7.721731527366262e-05
produto excelente entregue antes,7.720905747913689e-05
bom rapido,0.00010356930256334617
produto chegou certinho antes,7.713080535103333e-05
bom qualidade,7.711987619662382e-05
todas as minhas expectativas,7.710342886642913e-05
rever prazo de entrega,7.709269536371493e-05
bom entrega dentro do,7.69312439651095e-05
tudo certo antes do,9.64404282082413e-05
sempre bem,7.687019136633263e-05
prazo 100,7.68642260483097e-05
foi td,7.675458567466499e-05
atendimento produtos,7.673081269015694e-05
amei veio,7.660477921426387e-05
uma graça,7.659577805931405e-05
excelente produto loja,7.659012615655835e-05
amei bolsa,7.657376305648599e-05
já estou usando,7.655189812647104e-05
antes do prazo otimo,7.653305622708315e-05
produto ótima loja,7.651304154628341e-05
ótimo produto prazo,7.649006706857263e-05
rápida produto maravilhoso,7.646282200728218e-05
muito bom os produtos,7.640890608241648e-05
previsto muito satisfeita,7.640116168586289e-05
corretamente sem,7.639661769380044e-05
produto entregue na data,9.370312490790807e-05
apesar da greve,8.72728407888603e-05
super rápida ótimo produto,7.630323035625071e-05
entrega super rápida ótimo,7.630323035625071e-05
todos comprar,7.628729705663719e-05
lindo super recomendo,7.627252511973673e-05
do prazo produto ok,7.627089445011844e-05
prometido produto,7.626930004357549e-05
rápida em,7.626070211288429e-05
qualidade chegou bem antes,7.62502593816201e-05
excelente foi,7.622739761108739e-05
produto chegou em ótimo,7.621539481895383e-05
do prazo previsto gostei,7.618941662813391e-05
no prazo produto bom,9.000943872749787e-05
conforme as,7.616831510292111e-05
produto de qualidade excelente,7.616701499335662e-05
testado aprovado,7.612078270180949e-05
vendedor confiável,7.612028032275723e-05
espremedor,9.749971345291354e-05
antes do prazo isso,9.161047900708275e-05
atraso foi,7.606801700201991e-05
compra chegou antes do,7.604970235178367e-05
site nunca tive,7.602888931746678e-05
bonita de,7.599919579245979e-05
excelente recebi antes do,7.598180196246359e-05
excelente tudo,7.596617507171469e-05
entrega rápida sem,7.59368448913555e-05
antes do prazo atendeu,7.592195568601869e-05
excelente produto entrega super,7.589016607576303e-05
obrigado todos,7.582030058515991e-05
bem antes do combinado,7.578700303032024e-05
qualidade entrega dentro do,9.325880175536649e-05
dias após compra,9.581578987062899e-05
chegou antes do que,7.567639095067098e-05
produto correspondeu expectativa,7.567246314344813e-05
entrega na data prevista,7.564089471678447e-05
obrigada recomendo,7.562614985644023e-05
satisfeito eu,7.561457972353838e-05
bom produto chegou rápido,7.557034071312802e-05
recomendo obg,7.555365447503085e-05
produto entregue muito rápido,7.554559074670983e-05
recomendo chegou bem antes,7.554366909134672e-05
bom foi entregue antes,7.552715333546912e-05
produto foi entregue em,0.0002092760487914566
pelo bom,7.546951702303944e-05
linda chegou,7.546704304284541e-05
do prazo produto correto,9.802138699423646e-05
entregue certinho,7.54184462523351e-05
muito satisfeita produto chegou,7.540752258670242e-05
rapido tudo,7.539510645826535e-05
produto exatamente conforme,7.537965476955673e-05
tudo ok como,7.535808329827094e-05
os pincéis são,7.535631859815731e-05
muito bem embalado chegou,7.533808844054772e-05
estou muito feliz com,7.529790390044736e-05
prazo estou muito satisfeito,7.52569871052253e-05
no prazo bom produto,7.520914641998028e-05
joia,0.00014178928628094661
sempre nas lojas lannister,7.513319795797225e-05
entrega super rápida muito,7.51168185338682e-05
vou comprar novamente,7.504508170800311e-05
lindas as,7.497564304816159e-05
com segurança,9.12540832283729e-05
achei ótimo,7.492854364141639e-05
está ótimo,7.491626942061939e-05
honesta,8.688510315732638e-05
atendeu minhas necessidades,8.646819724085218e-05
chegou antes do dia,7.48035230423473e-05
produto recebido antes do,9.974267874009755e-05
material de ótima qualidade,7.474121033810499e-05
produtos entregues no prazo,7.47335450460401e-05
excelente produto vendedor,7.469566277444545e-05
parabéns equipe,7.469508216050502e-05
bom grande,7.468876557635906e-05
chegou em bom estado,7.467435298384876e-05
produto tudo certo,7.466729335997029e-05
ajuda muito,7.466635976768856e-05
entrega no prazo combinado,7.463676204047099e-05
produtos chegaram muito,7.457524252493e-05
correto com,8.401872968642257e-05
excelente produto de,7.454913540898827e-05
com muita qualidade,7.453161982665228e-05
entrega no prazo ótimo,7.449578259325823e-05
simples de,7.444587740112252e-05
fragrância,0.00012687152159779417
entrega conforme,9.91295775711154e-05
estao de parabéns,7.435516412872364e-05
loja entrega no prazo,7.434832478198012e-05
ao anuncio,7.433465758699894e-05
produtos ok,0.0001046408615186104
data programada,7.426168768217043e-05
prazo de acordo com,7.419788917922926e-05
sem surpresas,7.418336754139866e-05
produto nota 10,8.863478645087871e-05
atendimento prazo de entrega,7.4110039970126e-05
recebi no prazo produto,8.871837913166585e-05
divulgado,0.00011974403632243205
maravilhoso entrega super,7.396909541893797e-05
compra entrega rápida,7.396508897522338e-05
entregue dentro prazo,7.396121624558362e-05
do prazo excelente atendimento,7.387545855946394e-05
até mesmo antes do,8.515229160218145e-05
entrega foi bem rápida,0.00010728158955437329
recomendo chegou no prazo,7.38467889786175e-05
produto bom vendedor recomendo,7.381085194828336e-05
dos produtos muito,7.379870165598069e-05
cliente recomendo,7.37917122406692e-05
chegou tudo bem,7.375741325437414e-05
prazo produto entrega,7.371505055820605e-05
oque eu,0.00010275591096562137
antes do que eu,7.365477653818554e-05
satisfeito com aquisição,7.362518497082174e-05
mais uma vez,0.00017278131538044525
tudo certo com compra,8.223433578830962e-05
veio tudo correto,7.358810341295001e-05
de acordo com esperado,7.35730395229983e-05
antes do prazo satisfeita,7.354261177171218e-05
loja cumpre,7.353946424527977e-05
rápida produto correto,7.346920942330664e-05
produto superou minha expectativa,7.346298393648971e-05
entregue tempo,7.345647230642506e-05
serviços prestados,7.344864109808958e-05
do prazo embalagem,7.343576913429585e-05
compro há,7.343496509038242e-05
perfeito super indico,7.342357202593811e-05
mto boa,9.087733809924294e-05
entregs,7.34003074660074e-05
super rápido bem,7.336073332422004e-05
antes do prazo lindo,7.331048242374956e-05
ainda ganhei,7.3297325210964e-05
como anunciado entrega,7.326561496857778e-05
sempre cumpre,8.427328114401985e-05
conforme anúncio recomendo,7.320021024693086e-05
super rápida amei,7.319835433740788e-05
prazo bem embalado recomendo,7.315093454832726e-05
lindo de boa qualidade,7.313166814694354e-05
produto correto bem embalado,8.757757944949771e-05
foi entregue em perfeito,7.311711894082324e-05
mais em conta,0.00010519904469008043
rápido antes do prazo,8.651475150042669e-05
fiquei muito satisfeita produto,7.297316927573204e-05
chegou ok,7.297041276041945e-05
ótimo vendedor recomendo todos,7.294708355737253e-05
muto,7.29368949929437e-05
satisfeitíssima,7.293686260288808e-05
atençao,7.289138013239784e-05
do prazo tudo em,8.14521442700085e-05
indico chegou,7.278691907709763e-05
recomendo entrega antes do,7.275859826325111e-05
de ótima qualidade muito,7.269920420467685e-05
chegou tudo certinho recomendo,7.268914586594411e-05
antes da data muito,7.26154989007063e-05
ótimo produto custo,7.258271732855267e-05
pretendo comprar,8.253227334471735e-05
qualidade compra,7.255919017327511e-05
com uso,8.17868879422523e-05
certo na,8.967072362140549e-05
do prazo produto exatamente,7.247293869437224e-05
surpreso,9.632530510262763e-05
dentro do prazo super,7.243845064038993e-05
prazo produto perfeito,7.24313089154941e-05
ainda não utilizei produto,9.650371986604368e-05
lustre lindo,7.241819786568793e-05
ótimo produto muito,7.238090292086215e-05
controle funciona,7.236194026872519e-05
do prazo super indico,7.234765979976017e-05
bonito resistente,7.234258486444247e-05
sertinho,7.234106953899012e-05
comprarei outras vezes,7.231568737174245e-05
prazo conforme anunciado,7.225698045799037e-05
parabéns recebi,7.225321074305346e-05
anúncio muito bom,7.214756056264032e-05
vendedor chegou,7.212546296998036e-05
antes do prazo estão,7.212135119093459e-05
elogiar,7.211088974835285e-05
loja virtual,9.041709698866664e-05
adequado,0.00017619048388338503
satisfeito parabéns,7.204716095463517e-05
bom atendimento produto,7.203659257160962e-05
produto bom com,7.20206440933514e-05
produto de muito boa,7.200655061494836e-05
tudo perfeito entrega,7.19792442308756e-05
adorei rapidez,8.152392721757542e-05
produto chegou muito bem,7.191784501037781e-05
entrega adorei,7.191721750064102e-05
do prazo bom produto,7.191406893029323e-05
entrega recomendo todos,7.189833281428767e-05
produto conforme anunciado recomendo,7.186405149367551e-05
cheiroso,9.066300030167581e-05
feliz com atendimento,7.184927672155444e-05
perfeito nota,7.183692921040649e-05
extremamente rápido,7.182823023859168e-05
embalagem perfeita,7.179771076952058e-05
do prazo muito bonito,7.179183251185563e-05
boa opção,7.177466572519937e-05
amei as,7.171300390550645e-05
feliz com minha compra,7.165582214018955e-05
muito do produto entrega,7.164463331274546e-05
bem as,7.163721313961248e-05
rápido de ótima qualidade,7.16242877925118e-05
loja entrega antes do,7.159437267804991e-05
rapidez na entrega recomendo,7.155340835855105e-05
foi entregue muito rápido,7.152446473165691e-05
tudo certo como sempre,7.150472266906833e-05
ótima qualidade recomendo todos,7.148862399878413e-05
produtos muito bons,7.141266995078292e-05
entrega antecipada produto,7.140150050619587e-05
de boa qualidade bonito,7.132784301257541e-05
em conformidade com,7.130464508007374e-05
recomendo um,0.0001021816108060267
recebi rápido,7.126376751476569e-05
entrega até antes do,8.091646220940089e-05
ótimo produto ótima,7.124566703532217e-05
menor preço,7.120527637545568e-05
recomendo vou,7.117871906405e-05
recomendo entrega no prazo,7.115536730382075e-05
agradeço muito,7.114248855667197e-05
tudo certo com entrega,7.11301920337957e-05
prazo de entrega recomendo,7.11189429295709e-05
excelente super,7.111712383868276e-05
mas tudo ok,7.109753346169134e-05
eu recomendo para,7.104144327301127e-05
uma ótima loja,7.102509977158549e-05
comora,8.381825424656169e-05
linda adorei,7.09460609609261e-05
adorei chegou antes do,7.094439459864489e-05
excelente serviço prestado,7.091176761571024e-05
antes do previsto bem,7.087259863862131e-05
prazo veio tudo certinho,7.083656284926116e-05
muito do produto do,7.083372393718917e-05
otimo produto chegou antes,7.080207804007533e-05
chegou em ordem,7.078632616863378e-05
as características,8.372811303322871e-05
mas bem,0.00013396177272985177
ainda não abri,9.677185142736234e-05
ele chegou,7.072277558876451e-05
produto idêntico,7.071454610725335e-05
não testei produto mas,8.35688038475241e-05
em perfeitas condições antes,7.070976507073967e-05
de um ótimo,7.065978877115283e-05
recomendarei,7.064467731826375e-05
satisfeita obrigada,7.064214396866685e-05
de boa qualidade super,7.063935157242156e-05
parabéns pelo excelente,7.06124301971754e-05
bonito muito bem,7.061090870360018e-05
comprar pelo site,8.097645579299841e-05
rápido bem antes do,7.058625841033605e-05
muito satisfeito obrigado,7.058184224585736e-05
produto em ótimas condições,7.057472607177949e-05
satisfeito com os produtos,7.057271200212257e-05
antes do informado,7.057159993968968e-05
arrasou,7.055890116835202e-05
pela rapidez na entrega,7.05526909157519e-05
produto recomendo loja,7.052087318972033e-05
bem embalado perfeito,8.791870407727076e-05
amou mochila,7.03929165944501e-05
sempre antes do prazo,8.442016507437059e-05
confiança no,7.036618870861741e-05
perfeito estado bem antes,7.035902840938298e-05
estado bem antes do,7.035902840938298e-05
entrga,0.000120796332583423
recomendo quem,7.034220330133083e-05
parecem ser,7.031972567989767e-05
perfeitamente como,7.030130811850009e-05
gostei da eficiência,7.026713468914207e-05
produto correto recomendo,7.025347626539193e-05
ótima qualidade entrega muito,7.024633711053372e-05
excelente produto entregue,9.374968411079003e-05
no prazo de ótima,7.01117301761111e-05
bem embalado conforme,7.005453878392246e-05
tudo normal,0.0001161769177444826
fã,7.000136212405997e-05
entrega super rapida produto,6.999432924813145e-05
no prazo certo recomendo,6.998824356400045e-05
ótimo produto entrega muito,6.99605333502147e-05
produto mt bom,6.991204540790722e-05
boa muito,6.99102962744503e-05
como sempre lannister,7.941905506331268e-05
correto vou,6.987930044363713e-05
estou apaixonada,6.984207838215873e-05
rápida muito bom,6.981413640519475e-05
produto muito bom com,6.979455127693758e-05
confortável recomendo,6.976746633683659e-05
rapida parabéns,6.974413569976679e-05
rápida excelente,8.362099681667718e-05
feliz em,6.969124011659851e-05
recomendo aos,6.965242943971835e-05
produto chegou corretamente antes,6.962747026350623e-05
cumpre com prazo,6.958976550990904e-05
eficiente na entrega,6.955732651556717e-05
prazo muito bom produto,6.955364494327063e-05
do previsto produto de,6.954029370005443e-05
chegou muito antes da,6.953249311781905e-05
com certeza vou,6.953118261471803e-05
vendedores,0.00014829603089306514
bem embalado até,6.94965842622287e-05
bastante satisfeito,6.94820928594738e-05
produto excelente entrega antes,6.940007169378708e-05
transparência,9.18899908927424e-05
do produto atendeu,6.926279679736336e-05
ok produto de,6.924954920160637e-05
produto ok entrega,6.923104816640137e-05
recomendo todos os,6.92033288419562e-05
rápido demais,6.919858149384594e-05
está tudo ok,8.931777961050153e-05
em otimo estado,6.913958799378458e-05
produto chegou na,0.00010045042107157473
melhor do que esperado,8.756937512706236e-05
entregue de forma,6.902678436397145e-05
do jeitinho que eu,6.902066527222037e-05
mas chegou no prazo,6.894245515213897e-05
recebidas,8.445078340589348e-05
bonito material,6.891868819557909e-05
entrega rápida segura,6.886984577429516e-05
parabéns pela competência,6.886822855987829e-05
produto cumpre que promete,6.876617878315634e-05
produto em ótimo,6.871133616672045e-05
prazo de entrega super,6.871030165568891e-05
do prazo era exatamente,6.87051566049227e-05
um pouco fino,6.860472527538228e-05
são de boa qualidade,6.858354517867649e-05
muito rápido bem antes,6.854564072044236e-05
bom de boa qualidade,6.853970626218513e-05
muito bom no prazo,6.852686300265386e-05
parabéns estou,6.852395550986247e-05
produto entrega rápida parabéns,6.850861222788979e-05
correto muito,6.842544047650198e-05
produto de qualidade bem,6.842131362873369e-05
que eu esperava recomendo,6.835304114357494e-05
de fazer compras,6.833769642836244e-05
produto conforme especificado,8.263661381451252e-05
chegou correto antes do,6.833482354799662e-05
previsto parabens,6.832239978358302e-05
recomendo targaryen,7.760307303598425e-05
de comprar neste site,6.826355109081412e-05
algum tempo,9.592576674554434e-05
iguais as,6.82566842150925e-05
muito bem embalado tudo,6.824708690692816e-05
atendimento maravilhoso,6.824666512861809e-05
produto bom entrega excelente,6.82326177557423e-05
produto atendeu as minhas,6.822588930408312e-05
entregue corretamente dentro do,6.821315941333723e-05
tecido de qualidade,6.818330318932017e-05
ótimo chegou bem antes,6.817763526589957e-05
muito responsável,6.815921179987447e-05
no prazo recomendo baratheon,6.809079280266188e-05
gostei muito chegou no,6.808072606212307e-05
gostei muito bom,0.00010794560231135499
esposa amou,6.806028025212662e-05
vcs foram,6.805894464100209e-05
bom produto entregue no,6.803285941581506e-05
bom prazo de entrega,6.80174998017357e-05
tranquila produto,6.797631751394362e-05
achei lindo,8.03433391539987e-05
do prazo acordado,6.795523901470908e-05
gostei do que,6.795126515167259e-05
dentro do prometido,6.79464932854836e-05
amamos,6.791257713842266e-05
realmente que,7.832091480202844e-05
vendedor nota,6.787377978389531e-05
ante do prazo,0.00010471255320859583
bem embalado gostei,6.775977347164119e-05
produto mas entrega foi,6.773241368136925e-05
comprar na stark,6.773080039344446e-05
gosto dos,6.772030488260779e-05
prazo muito bom recomendo,6.771973376864508e-05
comprarem,6.771264897514759e-05
sem dúvida,6.765624268106466e-05
tudo que eu esperava,6.765038873445275e-05
amei comprar com,6.762122218181207e-05
antes do prazo relógio,6.760966662097097e-05
muito rápido eficiente,6.759258095537263e-05
bem embaladas,6.759231175188105e-05
antes do prazo parabens,6.759072095359883e-05
boa produto,6.757399685442652e-05
do prazo ótima qualidade,6.751926543263116e-05
gostei foi entregue,6.745284039011617e-05
entrega eficiente,0.00010246875695786094
lindos amei,0.00014497293960856854
atende muito bem,6.74183208323949e-05
entrega rapida super,6.739555558365408e-05
bem embalado parabéns,6.735433769681068e-05
preço rapidez na entrega,6.73294839812749e-05
rápido mesmo,6.732885289144112e-05
satisfeito com serviço,6.728484597515721e-05
prazo um ótimo,6.727687419517736e-05
produto veio exatamente como,6.723789060607778e-05
perfeito entrega rápida,6.723759319900014e-05
com compra atendimento,6.717315406187213e-05
no prazo produtos,6.714608536008903e-05
atende as necessidades,8.213385544557029e-05
do prazo produto chegou,6.711670395124366e-05
como sempre tudo,6.704488663563365e-05
produto antes do previsto,6.702365114467584e-05
entrega foi excelente,6.702327536232258e-05
antes de prazo,6.695726573402471e-05
bom estou satisfeito,6.69524763804018e-05
maior mas,0.0001027067473609828
entrega no prazo super,6.691998086452637e-05
bom custo beneficio,0.00012491444741969662
lindo demais,6.682294710058624e-05
ferramenta,7.849568318735405e-05
em perfeitas condições muito,6.680536341819117e-05
entregou com,6.678638599080389e-05
negócio com,6.678039320335264e-05
loja os produtos,6.677983825551949e-05
chegou mais rápido do,6.67780827446976e-05
de excelente qualidade chegou,6.677128141124873e-05
antes do prazo nota,8.836176531495695e-05
extremamente satisfeita,6.673819614750157e-05
prazo dentro das,6.672982397945788e-05
também foi,6.671978399384587e-05
produto bonito de,6.671207346511018e-05
ficou perfeita,6.669746075208434e-05
tudo ok dentro,6.669644226870919e-05
excelente acabamento,6.668177777854931e-05
prazo adorei produto,6.664807736728836e-05
do prazo estabelecido produto,7.558281592032208e-05
superou minhas espectativas,6.66054453104299e-05
rápida chegou antes do,6.659538946891499e-05
chegou tudo em,6.657169796836476e-05
bom comprar nesse site,6.654969109196674e-05
muito bom comprar nesse,6.654969109196674e-05
produto bom veio,7.823413599196531e-05
chego antes do prazo,6.649309668773407e-05
dentro do prazo gostei,8.650596078563428e-05
adorei estou,6.642757942623328e-05
uma excelente loja,6.641831117311913e-05
protegida,9.890351361132918e-05
gostei muito veio,6.640594095427653e-05
sempre fui bem atendido,6.637640287432836e-05
excelente entrega foi,6.635773208130241e-05
as lojas lannister sempre,6.635065140234579e-05
sem problemas produto,6.632907316672562e-05
do prazo estipulado em,6.627668770749902e-05
com compra produto,6.624848956061405e-05
muito rápida entrega tudo,6.623482822291281e-05
ótimo estou,6.623181646501834e-05
preço super,6.622862859661462e-05
fiquei super contente,6.622299004655269e-05
confiável produtos,6.621385316798991e-05
ótima produto,9.818815566825909e-05
tudo recebido como combinado,6.619770367866032e-05
do prazo determinado recomendo,6.617706692555962e-05
muito bonito bem,6.613942230581887e-05
condicoes,6.613912215825276e-05
prazo de excelente qualidade,6.612432516012393e-05
bonitos,7.790500371942401e-05
que encontrei,6.607224875668055e-05
atende todas as,6.600714319394636e-05
fácil de manusear,6.597214676055191e-05
produtos de qualidade entrega,6.596780589248447e-05
do prazo produto maravilhoso,6.5950811557989e-05
dentro do prazo qualidade,6.59303386867715e-05
tudo ok com produto,6.592695776948637e-05
do prazo exatamente que,6.592429597934034e-05
amei chegou antes do,6.587820249785968e-05
como sempre produto,6.587099129296212e-05
produto com excelente qualidade,6.586526594278768e-05
atendimento chegou,6.586240876020478e-05
durabilidade,0.00010318182789234273
deveria vir com,7.779173154907184e-05
na cama,0.0001085470904044718
sempre entrega antes do,6.57965933394668e-05
satisfeita produto chegou antes,6.578718820355552e-05
lindo entrega foi,6.578258506503821e-05
melhor site de compras,6.575293342003914e-05
uma excelente compra,6.57414034965564e-05
de acordo com que,9.909002381727685e-05
perfeita antes,6.573495604660692e-05
tudo muito lindo,8.372076736306098e-05
fiquei muito feliz com,6.570020836561022e-05
vendedor ótimo produto,6.566383362893823e-05
prazo do jeito,6.565396038834494e-05
recomendo qualquer,6.564780200699538e-05
entregue antes do combinado,6.563792921356049e-05
compro no stark,8.555408088794955e-05
produtos excelente chegou bem,6.560226672528471e-05
ótimo foi,6.559049333684794e-05
recebi no tempo,7.850962693222451e-05
mala de,6.557491300933096e-05
empresa super,6.554441149843229e-05
rápido estou,6.551337388995615e-05
bem embalado super recomendo,6.550437494619555e-05
do prazo muito satisfeito,6.546411411842487e-05
loja tem,7.79822090750529e-05
chegou com dias,6.545648430587498e-05
meus felinos,6.544932771647134e-05
muito bom preço,6.544352738782184e-05
prometem,6.543003999419475e-05
certos,7.653974009787289e-05
fácil de limpar,6.542142446434491e-05
certo produto muito,6.537910366453362e-05
antes do prazo entrega,6.537405461957529e-05
prazo estipulado muito bom,6.536389145838178e-05
muito rápido parabéns,6.532837658678612e-05
estou satisfeito recomendo,6.532556252748305e-05
os produtos bem,6.530733874828993e-05
anuncio recomendo,6.53046299725394e-05
produto exatamente como anunciado,6.53027380986083e-05
com material,0.00011411441316552535
ótima qualidade entrega rápida,6.529277914381271e-05
estou amando,6.520941461300547e-05
qualidade fácil instalação,6.520795871264698e-05
do prazo parabéns pela,6.520336635014939e-05
do previsto muito bom,7.754283072813331e-05
chegou certinho dentro do,6.518169220846147e-05
atendimento foi muito,6.512511104092945e-05
farei outras,6.511955632292138e-05
ainda não usei produto,0.00012594431717988027
tudo certo muito,6.509270696102323e-05
previsto chegou,6.509047548075926e-05
super rápida antes do,6.503502973896672e-05
do prazo estipulado parabéns,6.503333914620514e-05
no prazo gostei muito,7.434421852874097e-05
produtos entregues dentro do,6.496452950899241e-05
entregou dentro do prazo,9.939864884876352e-05
empresa entregou antes do,6.490883078193916e-05
com atendimento rapidez,6.483465477704852e-05
de qualidades,6.482043403257047e-05
loja entrou em contato,7.337450749523683e-05
produto entrega rápida recomendo,6.47534362235544e-05
minha namorada,6.47384423973805e-05
proposto,0.00011296210870696886
produto com entrega,9.204432130364687e-05
do programado,7.819397486836373e-05
que eu pensava,6.464450686565502e-05
bem antes do dia,6.46405288833011e-05
fraco mas,6.461885772463547e-05
espaçosa,6.461260957440698e-05
parabéns entrega super,6.459861284649009e-05
chegou no prazo conforme,6.456004559333104e-05
gostamos muito do produto,6.449408985594264e-05
produto ótimo preço,6.4472180505187e-05
rapidez na entrega produto,6.445569242659128e-05
muito boa mas,7.747395131893889e-05
muito no,7.517113145909818e-05
chegaram rápido,6.443096571026579e-05
atenção com,7.475549658469844e-05
excelente entrega no prazo,6.44012455660652e-05
compra entrega antes do,6.4391727504211e-05
mas chegou antes,6.434911354179904e-05
do prazo boa,6.433809350832296e-05
minhas expectativas chegou,6.432262423823681e-05
embaladinho,6.42866532566285e-05
normas,6.428656129462417e-05
antes do prazo mercadoria,6.427560198188902e-05
boa loja produto,7.346585387865806e-05
correto chegou,7.605699469451465e-05
em todos os aspectos,8.313825816923512e-05
da data prevista muito,7.740239435389787e-05
de ótima qualidade conforme,6.415581816933951e-05
do prazo preço,6.413821149066683e-05
no antes do prazo,6.41018753380651e-05
de acordo com anuncio,6.409912567620002e-05
recomendo loja todos,6.408243292293035e-05
do prazo determinado muito,6.404828594078375e-05
estão de parabéns pela,6.404412197231364e-05
valeu muito pena,6.403193523479312e-05
qualidade otimo,6.402299574045915e-05
na entrega super,6.402080059658105e-05
tudo certo ótimo produto,6.401851055057146e-05
prazo atendeu as,6.399547616698739e-05
prazo conforme pedido,6.399181440014691e-05
muito feliz com minha,6.398282976271569e-05
rapidez obrigado,6.394546221487901e-05
como contratado,6.392724385892605e-05
ótima qualidade excelente,6.392718375521214e-05
recomendo parabéns,6.389565659845091e-05
com os serviços,6.386791918978125e-05
produto ótimo entrega super,6.379622281927944e-05
facil instalação,6.377002744268045e-05
produto bom foi,6.374318193969622e-05
comprar com certeza,6.372235487768224e-05
produto conforme anúncio entrega,6.368938170665843e-05
entrega garantida,6.366291290413369e-05
mais gostei,0.00011945502330749962
certo super,6.364148044044713e-05
recomendo meu,6.363291674757852e-05
preço otimo,6.362798583168291e-05
lannister está de parabéns,6.362618115305972e-05
tudo certinho entrega,6.362299344988309e-05
facil de montar,6.36188105281069e-05
tudo certo no prazo,7.382124119524909e-05
antes do prazo sempre,6.3577624337193e-05
conforme especificação,6.355756503796885e-05
produto rapidez,6.355126522233234e-05
gostei de ter comprado,6.354880344079295e-05
tudo transcorreu,6.354230380290111e-05
produto chegou rapidamente,6.351814928014494e-05
muito entrega rápida,6.349457137410975e-05
combinado com,7.365956878011827e-05
dia recebi no,6.34789885211366e-05
especificações recomendo,6.347070995447558e-05
produto igual foto,6.343047246942504e-05
relógio bonito,7.502787798479637e-05
perfeito entregue antes,6.340613904276829e-05
produto ótimo muito,6.33861766663491e-05
produto de muita qualidade,6.337853346166811e-05
sempre um,6.335102430767828e-05
com produto loja,6.331640431368097e-05
bem embalado entregue no,6.331329846445013e-05
embalado entregue no prazo,6.331329846445013e-05
bem embalado muito,6.328662118558128e-05
produto com preço,6.328378258691428e-05
todos da,6.327964937746193e-05
pois chegou antes do,6.327615308069753e-05
ótima compra entrega,6.324970211226082e-05
serviço de entrega,0.00012801646528254665
entraga,0.00011170620009844114
muito bom chegou dentro,6.31718985202275e-05
chegou no prazo recomendo,8.186098943406672e-05
otimo custo beneficio,8.523622455391246e-05
acabamento entrega,6.313994408660506e-05
produto de fácil,8.391954350298945e-05
melhor custo,6.310744020788813e-05
da compra recomendo,6.309271529523889e-05
barra,0.00011226956359451594
farei novas compras,6.306528386917766e-05
previsto muito bem embalado,6.3062768773855e-05
muito bom recebi produto,6.305954333890293e-05
boa qualidade bom,6.304918219325086e-05
negociar com,6.300512057599055e-05
poderia ser mais barato,6.300392282185076e-05
prazo conforme descrição,6.298543097187881e-05
produto foi entregue dentro,0.00019327718815098646
para testar agora,6.292677170152739e-05
prazo produto como,6.292582298993988e-05
chegou muito rápido bem,6.28977895222663e-05
das minhas expectativas,6.28638897992609e-05
muito do produto chegou,0.00010058709145804082
combinado eu,6.285250983613002e-05
na minha cama,6.284744533691385e-05
lannister uma,6.27756909765463e-05
original chegou,8.320759258568746e-05
na compra entrega,6.276665963543264e-05
parabéns por,6.276534164939046e-05
estão de parabéns muito,6.275944040949156e-05
do previsto bem embalado,6.275011878826154e-05
uma ótima qualidade,6.272187609929352e-05
super prático,6.268441256150037e-05
ótimo adorei,6.26843512442033e-05
pesada,8.786452300263312e-05
preço excelente,6.265010907969545e-05
produto bom preço,6.26182514126295e-05
qualidade atendimento,6.260569208889923e-05
no prazo em ótimas,6.259211389062692e-05
muito bom super indico,6.258753323898658e-05
resistente muito,6.254897795161628e-05
rapidamente produto,7.790972080462392e-05
lindíssimo,6.251206819729667e-05
qualidade dentro do,6.250505266613542e-05
atende as especificações,6.24349530110467e-05
produto de qualidade com,6.243381493664218e-05
chegou tudo correto,6.242661994965342e-05
rápida antes da,6.242235100671188e-05
feliz com produto,7.899023088988095e-05
bem lacrado,6.239333951836043e-05
da data prevista adorei,6.236659341627576e-05
prazo conforme combinado,6.232850319902805e-05
gostei muito super,6.23267296182531e-05
bem certinho,7.54734733168335e-05
chegou rápido em perfeito,6.230790949604591e-05
prazo em perfeita condições,6.228783235119447e-05
combinou,6.226791900652713e-05
super bom,6.223543854939198e-05
ficou lindo no,6.222204254321128e-05
produto simples mas,6.220244496679689e-05
como eu imaginava,6.219902721845705e-05
sem complicações,6.219717491627352e-05
bonito chegou antes do,6.21912289810794e-05
todo processo foi,6.216021965473544e-05
bom que,8.252915962537643e-05
satisfeita com compra entrega,6.215332586358578e-05
melhor compra,6.213049260509727e-05
qualidade foi entregue antes,6.2122738711987e-05
produto bom entrega no,6.210510723049222e-05
funcionando muito bem,6.210207613863164e-05
mas muito bonito,6.207488382282687e-05
para confirmar,8.290735738518198e-05
muito bom comprar com,8.299415979839386e-05
ok loja,7.632957587634965e-05
comprarei de novo,6.18773268456355e-05
rápida estão de parabéns,6.182171510824633e-05
entrega como sempre,6.181810368739309e-05
como sempre as,6.181596473711805e-05
bom foi entregue bem,6.179729311104194e-05
prazo produto exatamente como,6.178270602613708e-05
de excelente qualidade muito,6.17780067663969e-05
efetuada antes do prazo,7.071255606412973e-05
capa muito,9.351440850057004e-05
obrigada lannister,6.176149542085764e-05
só cor que,6.174601048675666e-05
muito macio,6.174225950981676e-05
rápida me,6.170579923833421e-05
agradeço pelo,6.170465743095906e-05
no prazo certo eu,6.17024887303637e-05
antes do previsto ótimo,6.16803936792884e-05
qualidade rapidez na entrega,6.16785876112797e-05
do prazo estou satisfeito,6.167785070212696e-05
pela entrega antes da,6.167327669825599e-05
obrigado pela entrega antes,6.167327669825599e-05
prazo gostei do produto,6.165921408390116e-05
produto entregue rapidamente,7.681971537565048e-05
pedido atendido corretamente grata,6.164350343439689e-05
produto ótimo de,6.163965496405868e-05
entrega foram,7.335472088669963e-05
satisfeita chegou,6.161701865050134e-05
tempo estipulado,6.161095060283118e-05
produto foi entregue super,6.161038878386739e-05
primeira vez que compro,0.00011570534173914919
produto conforme descrito muito,6.159628493697596e-05
boa empresa,9.11610033025139e-05
prazo bom preço,6.158154193409224e-05
do prazo está,6.157547021008016e-05
ótima loja entrega no,6.153314927125318e-05
exatamente que eu esperava,7.618421498627089e-05
super recomendo entrega rápida,6.150922541242628e-05
produto esperado,6.150329971785984e-05
mais chegou,0.000139054874784504
comprei chegou antes do,6.145406999713341e-05
muito bom entregaram,6.145037294798344e-05
comprar outras,6.143716264036881e-05
produto material,0.00011826966833214583
com minha expectativa,6.141409882785156e-05
entrega do produto foi,6.141263607610417e-05
parabéns aos,6.140514285326493e-05
no sábado,9.13292339079014e-05
em perfeito estado dentro,7.329943632498393e-05
na minha sala,8.418680844394093e-05
combinado super,6.133564783947065e-05
com maior,6.128284954231623e-05
qualidade lindo,7.241066571599269e-05
com ótimo preço,6.125436279555877e-05
na foto chegou,6.125368185437453e-05
com imagem,9.559211816631113e-05
tenho comprado,6.124613925937621e-05
ótima para,6.124190576695392e-05
do prazo mto bom,6.122528256707717e-05
muito bem protegido,6.116603204875811e-05
produto entregue com rapidez,6.116141374051217e-05
reclamar tudo,6.11408495687113e-05
embalado de ótima qualidade,6.10375670104457e-05
bem embalado de ótima,6.10375670104457e-05
anunciado produto,6.102539587938114e-05
de linha,8.078386024865745e-05
chegou no tempo previsto,7.147047442755717e-05
bem fácil,6.099962742468011e-05
um produto de qualidade,6.099370706705645e-05
super recomento,6.0984142994838326e-05
correto parabéns,6.09716637780434e-05
produto veio certo,0.00012003119613025379
entrega no prazo certo,6.0940841389381164e-05
expectativas parabéns,6.093153661860912e-05
produto igual ao anunciado,6.089348922974384e-05
produto bem embalado recomendo,6.0888293868077696e-05
entrega efetuada,8.906276671048664e-05
excelente produto com,6.087689762630043e-05
como descrito no anúncio,6.083792656010946e-05
ainda cedo,6.083724146990188e-05
de menos,6.083386691267544e-05
boa só,6.082437639468714e-05
satisfeita com compra com,6.081557612412973e-05
com certeza farei,6.0743711533746186e-05
chegou certinho bem embalado,6.071787743256586e-05
chegou super rápido produto,6.0704573959623915e-05
qualidade chegou muito,6.069085399186587e-05
bom também,6.068452687066429e-05
amei produto lindo,6.065866233099638e-05
muito bem embalado dentro,6.062138784643084e-05
perfeito amei,6.0620152464945304e-05
em duas etapas,6.060226870709852e-05
do prazo combinado produto,7.065116271619649e-05
no prazo muito bem,7.559833069205179e-05
prazo em ótimo estado,6.0560706255462346e-05
com eficiência,6.0557603624256193e-05
produto conforme anunciado entregue,6.054161071694369e-05
do prazo que me,6.0536366427363235e-05
bom gosto,6.0532260898561655e-05
mercadoria chegou antes do,8.251205012261762e-05
entrega tudo perfeito,6.0520391458719955e-05
de comprar produto,7.481402864033548e-05
bom produto chegou no,7.942402163834715e-05
ela gostou,6.0490291187428674e-05
recomendo sim loja,6.0488220740451174e-05
produto foi entregue conforme,6.046870669959597e-05
sem duvida,6.045773994946563e-05
compra foi muito,6.043864485469901e-05
muito do produto recomendo,6.042633774995033e-05
melhor loja para,6.041131864963996e-05
em otimas,6.0408214904486644e-05
chegou certinha,6.039026715471228e-05
produto correto entrega antes,6.0355374814822965e-05
do prazo super rápido,6.030339997879198e-05
como no anúncio,6.028010984840863e-05
feliz por,6.0265797996655964e-05
sempre que compro,6.025414267448417e-05
super recomendo produto loja,6.02539334492192e-05
na foto amei,6.0253501936327063e-05
desde pedido,6.020627866381223e-05
prazo produto muito bem,6.0201130698723696e-05
produto entregue corretamente dentro,6.018393985060295e-05
preço bem acessível,6.016835602329243e-05
tudo certo sem,6.0164942996342256e-05
do mercado,0.00010530802304359287
entregou antes da,6.014177191337254e-05
certo em prazo recorde,6.013710927732604e-05
tudo certo em prazo,6.013710927732604e-05
chegou tudo certo em,6.013710927732604e-05
minhas expectativas super,6.0111489682196926e-05
com certeza voltarei comprar,6.0107116342457877e-05
fofinho,9.168184635690275e-05
com minhas compras,7.045332911777155e-05
entregue de acordo com,8.89253552253365e-05
sastifeito,6.003095658842544e-05
valeu compra,9.127209928061177e-05
bom produto de qualidade,5.999444120695655e-05
do prazo não tive,5.998694842957012e-05
satisfeito recomendo todos,5.996798703808566e-05
perfeito do,5.9957919183123356e-05
como previsto,7.19538784891348e-05
vou comprar sempre,5.987006525699458e-05
chegou no prazo muito,5.9862979781748454e-05
compra entrega super,5.9857244045678936e-05
muito bom recomendo entrega,5.983265654500198e-05
rapida antes do prazo,5.980421506203464e-05
esperava chegou antes do,5.980054118502938e-05
boa qualidade chegou no,5.976754638207321e-05
antes do previsto amei,5.975221586593864e-05
na terça,7.82849564397587e-05
compras realizadas,5.972848414428611e-05
qualidade dos produtos,7.554105084210108e-05
estamos satisfeitos,5.970732861987764e-05
que falar,5.9660936356340535e-05
mesmo com greve,7.883764483391018e-05
grande de boa qualidade,5.9650412989303535e-05
entrega produto bem embalado,7.522320892067507e-05
ao descrito,5.9563412343254856e-05
atendimento bom,7.312949062275096e-05
muito bom mais,5.955756734071656e-05
anunciado ótimo,5.953469719116258e-05
perfeitas condições de uso,5.9525623017364576e-05
loja pela,7.775605468235823e-05
td em,5.941562291593568e-05
produto original entregue,5.9397241791631605e-05
entrega no prazo preço,5.93915093299101e-05
previsto fiquei,5.93659555695997e-05
resistentes,5.936484543846723e-05
entregaram dentro do prazo,6.977714596069742e-05
muito bom produto de,5.9318853610099655e-05
anunciado chegou antes do,5.93074328907492e-05
custo benefício entrega,5.929809606931238e-05
prazo relógio lindo,5.9293470620595144e-05
chegou ate antes do,5.929337778967926e-05
como descrito no site,5.927037139438488e-05
produtos originais,6.868542274940487e-05
do prazo estimado muito,5.922626744907914e-05
compras pelo site,5.922507379264278e-05
produto bem como,5.922250495843386e-05
atendimento nota,5.918794658516469e-05
veio tudo em,5.91824927982396e-05
do brasil,0.00011509549293797082
foto gostei,5.9165666788740664e-05
recebi gostei,5.9158859605826304e-05
produto ótimo lindo,5.914806397242496e-05
entrega bem antes da,5.914507908244587e-05
muito confiável,0.0001120032081384312
produto sensacional,5.913063405396397e-05
produto exatamente como descrito,5.912471288996681e-05
ressalva,6.929608642966282e-05
qualidade ficou,5.905376146120562e-05
conforme anunciado chegou,5.903615800165257e-05
entrega no prazo gostei,5.9015131217223166e-05
tudo resolvido,5.9011074915725744e-05
relógio lindo entrega,5.8992483356222445e-05
previsto com,7.291884645503788e-05
cento,7.356651085463092e-05
entrega feita no prazo,7.201954306618981e-05
produto atendeu todas,5.895537915396964e-05
mais bonito que,5.894554840847198e-05
entregando antes do prazo,5.893919241153231e-05
realizada dentro do prazo,5.893742949611456e-05
amei minha compra,5.893083508709896e-05
da data prevista fiquei,5.891649574701875e-05
relógio muito lindo,5.891531552961098e-05
do prazo em bom,5.890834756572005e-05
muito agradável,5.88526914275104e-05
muito bom super recomendado,5.884770518666932e-05
super recomendo essa loja,6.823231646834959e-05
chegou direitinho antes,5.8793364533996275e-05
embalado perfeitamente,5.879075432404985e-05
estou muito contente,5.8777596338985235e-05
tenho elogios,5.871550916725439e-05
antes do esperado muito,5.8644944843133e-05
do produto chegou bem,5.863384981462852e-05
antes do prazo minha,5.861165751106932e-05
bíblia,7.29333669085174e-05
do prazo fiquei muito,7.691980140889195e-05
nunca tive nenhum problema,8.477922406670354e-05
cumpriu tudo que,5.8575251694323573e-05
ótimo entrega antes do,5.8570607645198654e-05
entregue antes do esperado,5.8564962475497654e-05
elevado,7.30799598827012e-05
rápido do que eu,5.854513159716565e-05
tudo entregue antes,5.850290465327025e-05
não eram,5.849997808412867e-05
rapida produto muito,5.849620131410638e-05
recebi produto correto dentro,5.8460667560795406e-05
um ótimo atendimento,5.8457233655217014e-05
tem bom acabamento,5.845256918003072e-05
rápida produto veio,5.843196254186234e-05
site excelente,5.841931320893092e-05
bom produto chegou dentro,5.840852492054151e-05
entrega rápida como,5.839163575832498e-05
ainda não montei,5.838963656440102e-05
mas chegou bem,5.838340999578169e-05
acabamento excelente,7.236505099930446e-05
produto muito bom veio,5.826646621440516e-05
comprei mais,9.119692677750517e-05
tudo correu bem,9.012555639066512e-05
qualquer um,6.923526279440962e-05
excelente qualidade recomendo produto,5.822344556635719e-05
mto bom recomendo,5.820223067150163e-05
graças deus,5.8185709860090454e-05
relógio em,7.127433064738012e-05
produto muito prático,5.815123841423512e-05
muinto,7.149803806043702e-05
muito satisfeita com entrega,5.8147618591102506e-05
sempre melhor,5.813415507624192e-05
do esperado muito bom,5.8093226786273206e-05
descrito antes do,5.809194139352061e-05
prazo foi entregue,6.82125819730953e-05
entrega feita dentro do,6.869571589303517e-05
embaixo,0.00010282095812887464
combinado no,5.804002647009702e-05
moderna,5.8018962456372865e-05
excelente entrega dentro,5.800880979232624e-05
produto ótimo entrega foi,5.799412599941029e-05
que eu imaginei,5.794572544633971e-05
eu confio,5.794534587231192e-05
que continue assim,5.7919024821558626e-05
respeito com os clientes,5.7889554809811924e-05
entregaram no prazo produto,5.7863987780700725e-05
chego muito,5.7852136183934526e-05
produto chegou bem rápido,6.840570516267743e-05
meu esposo,7.147394520623874e-05
prazo recomendo vendedor,5.780837923460764e-05
de comprar nessa loja,7.397995464003941e-05
só poderia,5.7792708968054096e-05
gostei do produto chegou,0.00011619083527411028
entrega no prazo sem,5.77251108776896e-05
manter,6.965143750949238e-05
do prazo estão de,5.7683731139647384e-05
prazo estão de parabéns,5.7683731139647384e-05
até antes do previsto,5.7680562025605224e-05
previsto estou muito,5.767817838177503e-05
lindo chegou no prazo,5.76674242680061e-05
do prazo exatamente como,5.7648824263243286e-05
prazo recomendo essa loja,5.7645948104171284e-05
tamanho muito bom,6.78500808421331e-05
ótima qualidade chegou bem,5.7632641053251315e-05
dias chegou em,5.7612139606236405e-05
prazo previsto gostei muito,5.7599353381639925e-05
antes do prazo loja,6.639460883542155e-05
abri produto,5.7580492421803075e-05
agradeço atenção,7.711560505003543e-05
do prazo previsto estou,6.914425177963352e-05
ótimo produto atendeu as,5.754615055049285e-05
entrega foi dentro do,0.00012264767372760962
comprar na baratheon,5.7519091412616276e-05
produto excelente de,5.7516822901573776e-05
tudo funcionando,7.25162121841346e-05
de compra entrega,5.74648415272911e-05
exatamente que pedi,5.744198474928626e-05
rápida produto bom,8.247782919142711e-05
dias antes da data,5.7411832864369034e-05
esta de parabens,5.739580739070196e-05
recomendo produto ótimo,5.737676736670058e-05
gostei de comprar com,5.736271163159204e-05
entrega feita bem antes,5.735194972786613e-05
contente com produto,5.73282739186746e-05
para meus amigos,5.73107491885294e-05
baratheon eu,5.729229715446268e-05
perfeito de,5.727386276058737e-05
cliente muito,5.726861395225551e-05
anunciado de,5.726722725234736e-05
dentro do esperado recomendo,5.724366610691739e-05
tenho certeza que,6.739841643517173e-05
antes do esperado recomendo,5.723024959555292e-05
bom fácil de,5.7194887945858675e-05
com todas as,6.835473750047493e-05
certinho super,5.713732070054654e-05
muito agradecida,5.7133102336554544e-05
recomendo minha,5.7105284723126033e-05
loja estão de,5.705461146937008e-05
site ótimo,5.7030263601767165e-05
muito bom fiquei,5.700703423530821e-05
fazer negócio,5.6988215906206464e-05
com produto de qualidade,5.697155094822349e-05
entrega rápida bem antes,5.6946007211839334e-05
tamanho excelente,5.693738429018144e-05
recomendado para,5.6931678422043804e-05
entrega ocorreu em,5.691357113762665e-05
prazo de entrega ótimo,5.690194077051387e-05
loja ok,7.997603733369943e-05
reforçada,7.475144708704247e-05
anunciado recomendo todos,5.686137776293905e-05
chegou no prazo atendeu,5.685576372121775e-05
boa preço,5.684088912456253e-05
tudo dentro dos conformes,5.68295530607165e-05
do prazo as,5.681074983460365e-05
qualidade foi entregue dentro,5.679147474710818e-05
qualidade exatamente como,5.6755102160108695e-05
fiquei muito contente com,5.6753446905822824e-05
comprei em um dia,6.503369347472182e-05
comprar com voces,5.6693738715855055e-05
produto parece bom,5.669333892490437e-05
mais lindo,5.6690631396231266e-05
ser resistente,5.665397762156008e-05
produto bom entrega antes,7.86365815466948e-05
antes da data estimada,5.660554437968898e-05
entrega rápida recomendo todos,5.659927820980935e-05
produto de qualidade conforme,5.659921068685468e-05
da data prevista parabéns,5.659824600496811e-05
todas minhas,5.657215009531177e-05
produto muito bonito chegou,5.655897242295331e-05
pela rapidez da entrega,5.654947125185102e-05
eu esperava entrega,5.651578239589969e-05
cumpre prometido,0.00015787972403319
encomenda muito,5.648806470095212e-05
do jeito que imaginei,5.6486026655892826e-05
de entrega melhor,5.645542700444654e-05
estado gostei,5.6430194294746355e-05
expectativa muito,7.350518082349623e-05
do prazo previsto ótimo,5.640291597685552e-05
próxima compra,5.635606370654237e-05
com produto obrigada,5.634871234507907e-05
antes do prazo pedido,5.633161734511304e-05
produto dentro do que,5.63253686320297e-05
gostei muito da minha,5.631408592519155e-05
adorei entrega super,5.6311443533584504e-05
muito bom já,5.6310551125668216e-05
no prazo loja,6.553397079277715e-05
bom ótima qualidade,5.630307677273299e-05
produto chegou em dias,5.630293122895196e-05
entrega super rápida super,5.628372154197729e-05
foram exatamente,5.6271617295475793e-05
produto de primeira qualidade,5.62521213178081e-05
como descrito chegou,5.624903789453894e-05
resistente entrega,5.62473569200781e-05
da hora,7.5704191596844e-05
prazo superou as,5.617665108078299e-05
tudo no prazo,0.0001207577371069039
entregue no tempo certo,7.648335835273994e-05
embalado tudo certo,5.612123154532007e-05
entrega em dias,5.611885281220509e-05
produto chegou direitinho,6.694805595443532e-05
bonito barato,7.013989510226572e-05
todos do,7.75847199082759e-05
tanto produto quanto,5.602392524155087e-05
meu bebê,5.601541681372995e-05
vendedor cumpriu,5.601454796518814e-05
por isso recomendo,5.596609649722648e-05
antes do prazo superou,5.593588338943509e-05
nota 10 recomendo,5.592394207022836e-05
prazo veio que,5.591498266346047e-05
prazo ótimo atendimento,5.591257573289858e-05
produto bom dentro,6.777456928268674e-05
produto bastante,5.588808272929353e-05
atendeu minhas expectativas recomendo,5.588446501341739e-05
recomendo produto de ótima,7.35970222246184e-05
tudo ótimo produto,5.5856244060539e-05
dias muito bom,5.5838878680104917e-05
acordo com anunciado entrega,5.580306877741086e-05
bom entregou no,6.714817387966283e-05
muito bom entrega muito,5.5739776621868495e-05
de acordo com solicitado,5.5697125279067365e-05
entregue muito bem embalado,5.568786419734448e-05
qualidade chegou dentro do,5.568199081980015e-05
pedido muito bom,5.563021472100659e-05
propósito,8.178541005199279e-05
comprei num,5.55909051713059e-05
entregou produto no prazo,7.832346008215564e-05
produto chegou correto antes,5.552805014929308e-05
responsavel,0.0001001508599402841
do prazo estipulado pelo,5.5456045684286146e-05
ótimo produto bem embalado,5.544791498221231e-05
mas deveria,5.543513585435736e-05
do prazo satisfeita com,5.5429473800631826e-05
ainda nao instalei,7.079225475995335e-05
antes do prezo,5.5392269612843215e-05
parabéns empresa,5.537781912417363e-05
entrega realizada dentro do,5.535928600755415e-05
tudo certinho no prazo,5.535043031263406e-05
entregue no prazo estou,5.5324299569037614e-05
mapas mas só recebi,5.5309611899048495e-05
encomendei mapas mas só,5.5309611899048495e-05
demorou um pouquinho,5.5290395712613604e-05
término,5.528659438715976e-05
previsto da,5.5277368549495026e-05
recebo tudo,5.5272472308439546e-05
com as expectativas,5.527047468276498e-05
entrega no prazo correto,5.5265221235219916e-05
ótima qualidade veio,5.5241521480700996e-05
original bem,5.523353255157166e-05
veio conforme anunciado,5.521227257068591e-05
fim de ano,5.520829997291802e-05
pra ver se,9.200707736576206e-05
tudo ok entrega,5.51810500328691e-05
uma não está funcionando,5.516694509973426e-05
apenas uma não está,5.516694509973426e-05
bom apenas uma não,5.516694509973426e-05
muito bom apenas uma,5.516694509973426e-05
pedi muito,5.515358364388793e-05
parabèns,5.514570983781959e-05
ser grátis,5.5128731048584445e-05
no dia seguinte da,5.5099565587486434e-05
produto de exelente qualidade,5.509177212806837e-05
produtos bem embalados,5.503634619508844e-05
atendimento entrega no prazo,5.500228516277697e-05
produto fácil de,5.4993622871766155e-05
muito bom superou minhas,5.497978557961483e-05
bom superou minhas expectativas,5.497978557961483e-05
bem pequeno,0.00010688559380802973
ainda não coloquei,7.150757342145683e-05
mas gostei muito,5.496030278980921e-05
lojas lannister muito,5.494104208018084e-05
foi enviado rapidamente,5.49408792043312e-05
muito obrigado por,5.493208221284638e-05
ocorreu dentro do,7.636681673365898e-05
atende minhas necessidades,5.491179459105476e-05
conforme descrito no site,5.490271801084184e-05
produto entregue perfeitamente,5.48832558003899e-05
muito feliz com compra,5.483697029117442e-05
16 dias antes do,5.479902702435146e-05
eu recomendo nota 10,5.479736192727554e-05
super recomendo esta loja,5.479690378561589e-05
vendedor recebi,5.477492763695825e-05
lindo eu,5.477462468807473e-05
antes do prazo agora,6.560134045690889e-05
prazo mesmo com,5.4745672578325904e-05
condições parabéns,5.474181640177693e-05
produto veio bem antes,5.47335090647788e-05
parabéns pela qualidade,5.4676943233342e-05
prazo ainda não testei,5.467693178403434e-05
bom produto muito caro,5.46222277296987e-05
muito bom produto muito,5.46222277296987e-05
produto muito caro frete,5.46222277296987e-05
mas nada que,6.984079483588168e-05
estava procurando,5.455330192377844e-05
organizar,5.4529344753342864e-05
entrega rápida bem embalado,5.4527665341330446e-05
bom entregou bem antes,5.4495488037089385e-05
muito bom entregou bem,5.4495488037089385e-05
conceito,6.949916337964177e-05
amei chegou bem antes,5.443153984214772e-05
me entregaram antes do,5.442714769891161e-05
cumpre prazo de entrega,6.771650975154932e-05
com preço bom,5.441775953061341e-05
loja atenciosa,5.4395841342020605e-05
produtos entregues antes do,5.438067809136472e-05
satisfeita com serviço prestado,5.435625343950804e-05
super recomendo obrigada,5.433773230746071e-05
mais pelo,8.854744449554145e-05
qualidade bom preço,5.432182346448537e-05
certo entrega antes do,5.4283661070458305e-05
tudo certo entrega antes,5.4283661070458305e-05
parabéns lannister com,5.4261537208385416e-05
bonito conforme,5.4247697236164784e-05
produto certo dentro do,5.4247051703292226e-05
aos meus,5.4205095690517935e-05
do que imaginei,7.301674841058166e-05
mercadoria de ótima qualidade,5.4180845167533486e-05
eu aprovo,5.4166252052992684e-05
obrigado bom,6.381628893356105e-05
ótima qualidade de,5.410910497161683e-05
de qualidade fácil,5.4092557701168155e-05
excelente entrega super rápida,7.175818492684231e-05
loja muito segura,5.406080243183951e-05
adorei produto foi entregue,5.405658838622076e-05
rápido no,6.524939867163704e-05
da data prevista tudo,5.404064201708236e-05
pedido chegou muito,5.400881214330184e-05
sempre recomendo as lojas,5.397626744607675e-05
foi feita bem antes,5.396680454586973e-05
do prazo produto foi,5.395765121022172e-05
atendimento super recomendo,5.395495922959259e-05
vendedor tudo,5.3953641652318054e-05
do que esperava,0.00012221225656832007
antes até do prazo,5.3935145492299304e-05
dentro do prazo chegou,5.3932401527228755e-05
mto antes do,5.388233390921894e-05
embalagem bem,9.9031158722092e-05
recomendo preço,5.379167716885392e-05
loja foi muito,5.3764239268525175e-05
paciência,6.81353334864773e-05
muito bom vale,5.37515432569547e-05
metade do prazo,5.3747929349490795e-05
acessível produto,5.3747825170884766e-05
são as,6.296981062033653e-05
muito de fazer,5.374356653952084e-05
certinho chegou antes do,5.3742428317637476e-05
produto muito bonito entrega,5.373219747719639e-05
não usei produto mas,6.497482644287199e-05
de ótima qualidade amei,5.372293660315416e-05
recebi até antes do,5.36406379754177e-05
ficou perfeito na,5.363555761442525e-05
ótimo produto porém,5.362652614589488e-05
sempre faço,5.362309833604001e-05
qualidade conforme anunciado,5.358930111906502e-05
do prazo produto em,6.739287109750105e-05
continuam,5.352509876172516e-05
poderia vir com,5.351084848522693e-05
linda no,5.350018368402878e-05
os produtos superou,5.347878423972177e-05
condições bem,5.347794311784705e-05
muito bom entrega no,5.346583115991891e-05
as minhas espectativas,7.304037598101705e-05
na data correta,8.401496302615012e-05
muito da loja,6.385717649692307e-05
dos quadros,5.3433070675215024e-05
boa qualidade entregue antes,5.341245162203355e-05
chegou no prazo de,5.3384804003689034e-05
muito em,5.33737464321745e-05
excelente ficou,5.3370276959367365e-05
estão de parabéns produto,5.3357143735842636e-05
mais rápido que esperado,5.335187017264915e-05
de excelente qualidade recomendo,6.906891981310022e-05
entrega vou,6.275037159421694e-05
eu recomendo entrega,5.3328064083510906e-05
obrigada super,5.3312387053070184e-05
expectativas muito bom,5.330394864295434e-05
recomendo tanto,5.329109747906543e-05
otimo processo de entrega,5.3271671092175834e-05
processo de entrega super,5.3271671092175834e-05
btus,5.324460880307919e-05
muito satisfeita com as,5.323858601735265e-05
sempre fui bem atendida,5.320013141275432e-05
produto excelente chegou antes,5.317487676772168e-05
muito bom mas,8.680082072058951e-05
pena que não tem,5.3125181375000716e-05
atrasado mas,5.31078944687125e-05
muito bonito chegou antes,5.308262053824304e-05
produto original de qualidade,5.307869040107144e-05
parabéns loja pelo,5.305566835238024e-05
ótima qualidade preço,5.3031412064438195e-05
produto bom de qualidade,5.299800203123621e-05
feita dentro do prazo,7.647712281322505e-05
muito satisfeita produto de,5.299338763042766e-05
as minhas expectativas recomendo,5.299225880637979e-05
muito grata,8.033886866303593e-05
prazo super satisfeita,5.297875863013284e-05
de qualidade entregue no,5.2948718795405306e-05
remessas,5.2931820669277915e-05
cumpridos,5.292760575249431e-05
de otima qualidade chegou,5.29111128770286e-05
perfeita bem antes do,5.28820168926219e-05
boa qualidade entregue no,5.281559342644618e-05
excelente como eu esperava,5.280185133245632e-05
rapida produto veio,5.27869975007552e-05
prazo super recomendo loja,5.273233880602393e-05
com os produtos baratheon,5.2731619200453586e-05
continuo comprando satisfeita com,5.2731619200453586e-05
comprando satisfeita com os,5.2731619200453586e-05
com menor,5.2721182895676284e-05
prazo de entrega em,5.268031848440883e-05
mas chegou tudo certinho,5.267097423730673e-05
tudo bem com,5.2653032252991e-05
qualidade entrega muito rápida,5.260809068733813e-05
felizes,5.2602034352654424e-05
entregou super,6.64392571334607e-05
prazo recomendo site,5.258386534996594e-05
muito bom entregue no,7.496124487422612e-05
produto chegou em menos,5.254495548862321e-05
entrega aconteceu,6.199891507482791e-05
mim foi,5.253134818282883e-05
meu marido,8.496721162065647e-05
adorei pois,5.251313259417477e-05
custo do frete que,5.2503125971562895e-05
no prazo eu recomendo,5.2488913243179826e-05
já compro,6.345080991061452e-05
muito pontual,8.900474284048542e-05
atendeu às minhas expectativas,5.2470511476891925e-05
aloja,5.245481302740484e-05
produto de qualidade recebi,5.242019398425416e-05
de qualidade recebi antes,5.242019398425416e-05
chegou 15 dias antes,5.24189021059397e-05
recebi produto correto antes,5.240794111239688e-05
produto muito bonito de,5.2405266381742155e-05
ficou super,5.240128945401846e-05
certo com produto entrega,5.239145575026157e-05
entrega superou minhas expectativas,5.237904243376574e-05
prático para,5.233980770734225e-05
prazo poderia,5.232790881011326e-05
do prazo de excelente,5.228204466252277e-05
entrega demorou um pouco,5.2241963079148335e-05
recomendo só,5.219578172079479e-05
boa qualidade eu,5.2164020475782566e-05
recebi nota fiscal do,5.215671571369226e-05
com produtos de,5.21513498953357e-05
rápida eu,5.212125839009013e-05
qualidade chegou em,5.21169552437236e-05
nossa muito,5.211284968713871e-05
bem antes do prometido,5.20979886748779e-05
prazo de entrega excelente,6.783949560161172e-05
atende ao,6.926050089355711e-05
veio até,0.00010612089051887264
os produtos sempre,5.2064405406319255e-05
qualidade entregue muito,5.205105704446329e-05
comprado antes,5.203969146370061e-05
estado estou,5.2038840218111455e-05
idônea,5.2038204870511024e-05
só frete que,5.2033585073343006e-05
muito rápida bem,5.20315209693962e-05
ganhei um,5.200957973806344e-05
mais duas,5.198760461173399e-05
prazo previsto veio,5.195055398183283e-05
feliz pelo produto,5.193939403648129e-05
no site entrega rápida,5.193016262316261e-05
preço prazo de entrega,5.1926627448524626e-05
na metade do,5.191277055540196e-05
muito resistente,0.00011799442239207005
foi uma boa compra,5.1894501822349837e-05
somente frete que acho,5.189061553630053e-05
frete que acho ainda,5.189061553630053e-05
acho ainda muito caro,5.189061553630053e-05
que acho ainda muito,5.189061553630053e-05
do tamanho que,6.635154134536333e-05
sempre dentro do prazo,5.183775919279554e-05
temperatura do,5.182970338620472e-05
muito chegou no prazo,5.1800890240154617e-05
boneca linda,7.058776413603318e-05
foi entregue em tempo,6.717974846623272e-05
entrega obrigado,8.851403756932947e-05
senão,7.052127516993528e-05
lindo na minha cozinha,5.16917110186562e-05
produto que eu queria,7.210450127614498e-05
tanto no produto,5.1658621977110595e-05
chegou no prazo era,5.1657565973429896e-05
gostei muito pois,5.162553123506577e-05
do prazo em ótimo,5.161531783777257e-05
ofertado,7.836066965193296e-05
produto chegou em bom,5.158145670272115e-05
que eu estava,8.223480795476115e-05
relogio lindo,5.157493195639081e-05
conforme descrição no,5.157034738794015e-05
produto veio corretamente,8.594180793257719e-05
realizada com,7.104214890548709e-05
bem bonita,6.566180555382037e-05
prazo parabéns pelo,5.152926624787626e-05
produto bom chegou no,7.071915508775104e-05
do prazo veio em,5.1522928768273104e-05
com ótima qualidade,6.729867307697883e-05
compra adorei,5.1488784786962553e-05
recomendo produto chegou antes,5.145134741520459e-05
loja chegou antes do,6.39165032176319e-05
tive nenhum problema com,5.142961957566257e-05
perfeitas condições antes do,5.1428544341505894e-05
foi respeitado,6.198985903957319e-05
bom agora,5.1365112230382154e-05
parabéns as,5.135759270478809e-05
muito bom comprar nas,5.1343276913037286e-05
fiquei super satisfeita,5.133889489872179e-05
entrega feita em,5.1328201447889274e-05
imaginado,5.132480008257761e-05
rápido entrega antes,5.132265830482529e-05
só faltou,0.00010943055545705954
recomendo pela,6.511103971127536e-05
com produto recomendo,5.1275038844268845e-05
prazo tudo ok recomendo,5.12742228962458e-05
com um brinde,5.125708810592261e-05
compra sem problemas,6.7114892881788e-05
altamente,8.754629539683344e-05
compras sempre,6.098892676903661e-05
essa cadeira,6.277207919927548e-05
do prazo estipulado tudo,6.352629303121525e-05
deveria ser mais,0.00011030980291826214
do prazo nota 10,6.211811034565914e-05
no prazo chegou,5.1166906805839075e-05
bastante no,5.1160830438517016e-05
dentro do prazo estou,6.15280045751399e-05
chegou muito bom,6.170246408519637e-05
linda confortável,7.276227485048725e-05
sempre compro nas lannister,8.921634746926778e-05
no combinado,6.158949383655975e-05
certo fiquei,5.113195781207102e-05
produto como anunciado,7.113381056012265e-05
anunciado entrega antes do,5.111407241807526e-05
dentro do prazo eu,5.1112186551449094e-05
super fácil de,5.109722509896941e-05
muitíssimo,6.312023453128828e-05
entregue no prazo material,5.108678446182932e-05
muito de comprar com,5.108530031109126e-05
no quarto,7.457102441772472e-05
foto chegou antes do,5.107974916109238e-05
muito loja,6.64190954642765e-05
no prazo sem avarias,5.1016985335317435e-05
só não recebi nota,5.100524010260663e-05
perfeito estado produto,5.0995146877864874e-05
indico com,5.099184265004932e-05
atendeu bem,6.411644479894549e-05
do prazo foi,6.951495114798576e-05
recomendo estou,5.0970542398017486e-05
minha compra entrega,5.093481664963247e-05
veio como descrito,5.091664001442259e-05
antes da data prometida,5.08985767586204e-05
recebi exatamente que,5.089637469415093e-05
bem embalado chegou no,5.0895301145407113e-05
prazo tudo de,5.0894165159351315e-05
entrega foi perfeita,5.088189847185326e-05
no prazo tudo certinho,6.249171791877314e-05
bem atendida produto,5.0771926564351156e-05
prazo certo como,5.076554808397114e-05
me surpreendeu entrega,5.076371720269928e-05
recomendo material,6.173069938040777e-05
intactos,6.327225981711926e-05
pouco tempo,8.843255008588518e-05
entrega rápida produto como,5.0683673681357684e-05
do prazo minha filha,5.0647399100081764e-05
produto entrega feita,5.06372656680572e-05
baratheon muito,7.046550894025251e-05
bem embalado em perfeitas,5.057180539823832e-05
embalado em perfeitas condições,5.057180539823832e-05
impressionada com,5.0556463161614816e-05
do prazo previsto parabéns,5.054440365378311e-05
agora utilizar,5.0481005203389836e-05
mercadoria bem embalada,5.0462217467308435e-05
isso muito bom,5.0422304614632224e-05
produtor,8.988068543714635e-05
antes do dia marcado,5.041777267640333e-05
material muito bom chegou,5.041292874038881e-05
produtos tudo,5.0407723305283425e-05
entrega super rápida chegou,5.040631747702188e-05
otima loja para,5.038168289889085e-05
qualidade com preço,5.0366775471463545e-05
chegou tudo certo antes,5.03657979671787e-05
pela seriedade,5.034746910924362e-05
em fase,6.213981826148316e-05
como das outras vezes,5.032361620696458e-05
para outras pessoas,5.028425212518114e-05
embalagem adequada,6.818227483448254e-05
do prazo previsto bem,5.0245313158939465e-05
prazo previsto bem embalado,5.0245313158939465e-05
do prazo bem embalada,5.024003107446482e-05
com rapidez na entrega,5.022107910743365e-05
antes do previsto super,5.0212316308995184e-05
do previsto super recomendo,5.0212316308995184e-05
produto muito bom foi,5.016594160420906e-05
certinho antes da data,5.01339986924148e-05
confiáveis,7.727462862666764e-05
produtos chegaram bem antes,5.005502088791156e-05
tanto na,5.0053006724020615e-05
bem embalado tudo certinho,5.0042812165218534e-05
muito grato,4.997570686163937e-05
prazo de entrega poderia,4.997329587572648e-05
boa qualidade gostei muito,4.993696857163972e-05
está de parabéns produto,4.992091327543902e-05
produto no prazo certo,6.289840718054576e-05
senti falta,4.988159588561921e-05
utilidade,7.445741495804486e-05
produto correto no prazo,8.377115144162459e-05
expectativas super recomendo,4.9863359493836026e-05
resalva,4.982674807444517e-05
bom atendeu minhas expectativas,4.9817122726029576e-05
que nas,6.008451593734273e-05
produto chegou no dia,4.978183399660095e-05
em ordem recomendo,6.32905183756068e-05
com proteção,4.9765591497989656e-05
certamente,6.069682082901861e-05
na entrega produto de,6.613890799106354e-05
boa de,6.37049312273635e-05
enviado dentro do prazo,6.023307960560132e-05
rapidamente bem embalado,6.576013958767541e-05
técnico,4.957488535416599e-05
rápida produto exatamente,4.9574617137491904e-05
antes do esperado em,4.9572042198702085e-05
qualidade prazo de entrega,7.534292599127446e-05
produto exatamente como na,4.9551036875107406e-05
no mercado,0.0001218227085757909
pra quem quer,4.954165777051783e-05
qualidade estou muito,4.953190538100749e-05
nota máxima,5.963963399782995e-05
tive problema nenhum,4.9468101191746336e-05
linda super,4.946467142519968e-05
bem embalado adorei,4.942323017548716e-05
com mercadoria,0.0001263906749754912
bom um,4.941616482957159e-05
excelente site,0.00010378216736817463
do que previsto,4.9399915974339576e-05
da minha filha,7.655397931556366e-05
prazo funcionando,6.198132980441723e-05
prazo um produto,4.934594355446935e-05
perfeito estado dentro do,6.150064644421798e-05
lindo como,6.459941193885764e-05
esperado entrega super rápida,4.926227644462739e-05
nas lannister com,4.9230049747929234e-05
mais do que,0.00011886124658030813
grandes,0.00017335620444558923
condições produto,5.920642460633168e-05
gostei bastante da,4.918243235391901e-05
tem ótimo,4.91715225417142e-05
capricho,4.9165983356287486e-05
gostei tanto,5.9826317303184486e-05
produto entregue corretamente antes,4.911050094460165e-05
produto mas chegou,4.908660123939055e-05
mas deu tudo certo,4.908593903036937e-05
tudo certinho amei,4.9075756768024263e-05
bem acabados,4.9074745820596855e-05
no prazo ou,4.906145821767227e-05
tudo certo chegou no,4.9035170406735794e-05
pelo preço está,4.902687956031593e-05
no prazo certo tudo,4.902479844680544e-05
muito obrigada pela,4.8977398354968236e-05
que foi muito bom,4.8965260875037335e-05
prazo bem antes,4.8956501629475246e-05
são sempre,4.8949922013000516e-05
sempre satisfeita com,6.0419665204494764e-05
no futuro,4.8872370252064965e-05
produto entregue correto,4.88591318980332e-05
foi menor que,4.8824912443045964e-05
recomendo já,4.882062031884921e-05
produtos de excelente qualidade,4.8775138834593764e-05
unica coisa que,4.876342958274967e-05
bem embalado bem antes,4.87535129657303e-05
entrega porem,4.8749603793820955e-05
foi fácil,4.8749245972769676e-05
funcionado,4.871764188901685e-05
perfeito estado chegou,4.8677776670153736e-05
foram bem,4.866935468818227e-05
em todos os quesitos,4.866687301257711e-05
está funcionando perfeitamente,4.866439197543712e-05
sempre compro produtos,4.863795091431407e-05
prazo tudo certo com,4.8602720289437985e-05
pouco espaço,4.854187435347464e-05
certo eu recomendo,4.8533173835268586e-05
pela qualidade do produto,4.852538469134201e-05
hiper,6.11697934337822e-05
prazo quanto,4.8504101663556725e-05
demorou um pouco entrega,4.8502642364713834e-05
lannister parabéns,4.8497381624884885e-05
da pontualidade,6.99206688464912e-05
loja pra comprar,4.8477285722248667e-05
produto resistente,7.51428000529074e-05
de qualidade preço justo,4.845358604668196e-05
cuidadoso,4.844305776756417e-05
ótima compra chegou,6.073830682251068e-05
estou bem satisfeita,4.8436206423998244e-05
foi culpa dos correios,4.843527160563814e-05
de acordo como,4.8361296630480067e-05
muito de comprar no,4.835687070069868e-05
que está tudo,4.8351107433908224e-05
demorou um pouco pra,5.938151626281268e-05
produto bem embalado em,4.832878061804048e-05
loja rápida,4.830792249784485e-05
do prazo recomendo muito,4.830078470696155e-05
produto demorou um pouco,4.829563274168728e-05
tudo dentro do previsto,6.923245328523059e-05
sempre recebo antes,4.824782365901392e-05
prazo bem embalado produto,4.823330213554333e-05
amei entrega,4.8202384616851446e-05
rápido comprei,4.814201487413646e-05
12 dias antes do,4.812186350477816e-05
já instalei,4.810546892339991e-05
tempo produto,6.590979922589978e-05
frete poderia ser mais,4.807062805114064e-05
tudo muito bem embalado,4.806960982389198e-05
foi entregue corretamente antes,4.806875562943886e-05
esse vendedor,9.413567193067188e-05
exatamente como na descrição,4.8043849516604496e-05
era que esperava,8.436324215264641e-05
satisfeita com compra recomendo,4.802254592378698e-05
vai amar,4.801573207131248e-05
no prazo obrigado,7.367106858411234e-05
proteção de,4.7962216207369105e-05
abri ainda,4.795952665542031e-05
correto estou muito,4.7950780789487034e-05
entrega no prazo mercadoria,4.7945235602893005e-05
apenas achei,6.971260017215245e-05
do prazo combinado muito,4.7936272815385235e-05
produto exatamente que eu,6.096220451236691e-05
foi minha primeira compra,7.610859781660569e-05
todas as compras que,4.790498009897836e-05
mas chegou em,4.7886713986344096e-05
de maneira,0.00013983054799369596
lindo mesmo,4.7833300354377174e-05
recebi os produtos no,5.692758836823358e-05
chegou mais rápido que,4.7765526041559285e-05
entrega produto chegou,4.773377151449592e-05
agora vou,8.99355526541774e-05
mais bonito do que,4.769986475607018e-05
em perfeitas condições nota,4.7694431500396227e-05
foi dentro do prazo,0.00013789402475039545
não usei mas chegou,4.763117042514065e-05
luminária linda,8.762697580980158e-05
prazo produto veio conforme,4.76163599614265e-05
está de parabéns entrega,4.76087187024685e-05
apenas dias,5.8609464974349064e-05
sempre chegaram,4.7589149187576946e-05
prazo prometido preço,4.757515741634524e-05
se deu,5.931388881620866e-05
qualidade superou minhas expectativas,4.75501450447379e-05
foi entregue muito bem,4.7547422649132236e-05
entregue no prazo previsto,6.232101000870976e-05
do fim,4.7513666874308485e-05
recebi produto em ótimas,4.749415526636009e-05
dentro do prazo exatamente,4.749107797039878e-05
adorei comprar com vocês,4.747659491156791e-05
prazo na,4.744796635029245e-05
em todas as,4.7430537796823626e-05
de qualidade veio,4.7428189432183495e-05
recebi produto em perfeito,4.7420007863318114e-05
produto funciona,9.38864071507762e-05
cliente por,4.735796414112884e-05
do acabamento do,4.7353309886082614e-05
corretamente produto,0.00011013113870252179
são muito boas,4.734628932965786e-05
ela amou,4.7330353741273126e-05
previsto produto muito,4.732273226072319e-05
colocação,9.684456528574498e-05
em perfeito estado parabéns,4.729720092938469e-05
prazo todos os produtos,4.729633818373803e-05
parabéns chegou bem antes,4.7290825395269815e-05
relógio original,4.726502380501223e-05
no prazo de entrega,0.0001677582950486061
boa compra entregue antes,4.7234545489492174e-05
de comprar na lannister,5.656698271326668e-05
de boa qualidade que,4.719552377653642e-05
quase tudo,4.7181412831272234e-05
produto veio muito bem,4.718126757081412e-05
em perfeito estado entrega,4.7177964816430836e-05
bom produto entrega foi,4.71755566310977e-05
perfeito estado muito bem,4.717404360818819e-05
estado muito bem embalado,4.717404360818819e-05
fiquei satisfeita com produto,6.285627795479786e-05
muito bom pelo,4.7137054431631294e-05
parabéns obrigado,5.734487727255773e-05
material um pouco,4.710660228715493e-05
antes do previsto estou,4.7104024498539165e-05
atendeu todas as minhas,4.710385567879903e-05
minhas expectativas entregue,4.70387129015408e-05
12 000,4.702271622085236e-05
finalmente,6.451901739608183e-05
chegou em uma semana,4.700635532675274e-05
recomendo este vendedor,5.65434140690175e-05
mas lindo,6.046495735347225e-05
com receio,4.690180325032378e-05
produto correto antes do,4.6867268181007306e-05
recomendo todas as,4.685969957967956e-05
descrição mas,4.6811373984082346e-05
tempo sempre,5.800380161040548e-05
chegou dias antes do,4.676904108125789e-05
super recomendo loja produto,4.6763566494000255e-05
apenas um dia,4.671785855741911e-05
certinho do jeito que,4.66927046480944e-05
mas tudo bem,0.0001238923261740253
que atende,4.665312464077172e-05
prazo chegou em,4.66396763344341e-05
testar para,4.662819077940717e-05
compro no baratheon,5.753380086828344e-05
duas semanas antes do,4.661552536201002e-05
parabéns como sempre,4.659808576763614e-05
produto muito bom superou,4.6584915784564026e-05
momento tudo,6.793196130537418e-05
entregue na data combinada,5.616957986567477e-05
compra produto de qualidade,4.6576229538563486e-05
prazo produto igual,4.657283838115099e-05
empresa stark,4.651633409905601e-05
pesquisei,4.651514033799288e-05
rápida produto lindo,7.607103157653266e-05
em perfeito estado conforme,4.64875599952537e-05
todos os envolvidos,4.6487118812813114e-05
exatamente os que,4.648347170969203e-05
compra foi super,4.647918233808035e-05
condições antes do prazo,5.838145931543278e-05
antes da data produto,5.958691732713114e-05
no prazo correto produto,4.641092904736052e-05
relacionado,4.639735712298272e-05
entrega foi feita bem,4.637540754822339e-05
quanto ao produto,0.00011666914263140898
esperado produto de,4.636660395955866e-05
prazo ótimo custo benefício,4.633829939895294e-05
produto igual da foto,4.633785884194341e-05
fora isso tudo certo,4.633333098903456e-05
meu quarto,4.627966628709349e-05
produto foi que,5.775850612541721e-05
mais loja,4.625540659890605e-05
satisfeita parabéns,4.6243854900599264e-05
gostei muito do que,4.624170014779917e-05
produto chegou mais rápido,4.623934451300456e-05
se precisar,6.376232247111369e-05
nada quebrado,4.620694048204366e-05
pelo fornecedor,5.8045946421964064e-05
caimento,7.180836583652127e-05
entrega chegou no,5.9323761521446557e-05
podem comprar sem medo,4.6169361007104586e-05
embalado lacrado,4.6153539026901e-05
muito bom exatamente demonstrado,4.614861030403144e-05
bom exatamente demonstrado no,4.614861030403144e-05
exatamente demonstrado no site,4.614861030403144e-05
conforme imagem,5.6785355311343565e-05
bem embalado de acordo,4.614155988606823e-05
embalado de acordo com,4.614155988606823e-05
foram muito atenciosos,4.613711051619547e-05
parece ser bom,7.116563291136711e-05
além de ser,8.438748945982437e-05
pelo respeito ao,4.6073453352661575e-05
estão em operação obrigado,4.605189702813943e-05
os produtos já estão,4.605189702813943e-05
recebemos os produtos já,4.605189702813943e-05
já estão em operação,4.605189702813943e-05
produtos já estão em,4.605189702813943e-05
qualidade produto,5.609684184977588e-05
comparação,5.7112811501241616e-05
foi super rápida adorei,4.5984639898934613e-05
do prazo sem problemas,7.171922978970065e-05
sempre entregam,5.4151564803458794e-05
rápida adorei produto,4.592873968984931e-05
um produto muito bom,4.5923940728114724e-05
produto muito útil,6.809937112465556e-05
minhas expectativas entrega,4.5885463267802374e-05
esse loja,4.588357875192156e-05
tamanho perfeito,5.758986758791428e-05
sempre que precisar,5.520043888868943e-05
condições no prazo,4.5779824897723116e-05
que normal,4.5765017538183857e-05
foi antes do previsto,5.763877463735343e-05
chegou antes do praso,5.47058690039286e-05
tem preço,4.571640584763066e-05
até recebimento,4.57125249433237e-05
meu produto bem,4.570925421792392e-05
que posso,8.565118472044917e-05
perfeito na minha,4.5679041662480866e-05
produto foi recebido,5.646172980128207e-05
estou usando produto,6.243614003553307e-05
prazo de entrega um,4.5603768677776545e-05
de entrega um pouco,4.5603768677776545e-05
do prazo previsto adorei,4.557936020871661e-05
recomendo foi,4.555750788337544e-05
fretes para mesmo produto,4.553135820652769e-05
apesar da demora,9.958734846528478e-05
ótimo atendimento entrega no,4.5468380823259665e-05
loja estou muito,4.545359230023881e-05
muitooo,7.571424176301458e-05
muito antes do que,4.54074552771535e-05
certinho produto de,4.5362761076282526e-05
em excelentes condições,4.536154348926188e-05
espaçoso,4.531191031960988e-05
os passos,4.528847345571442e-05
sim eu recomendo,5.727573878336296e-05
do prazo que foi,5.444197778309108e-05
chegou tudo certinho produto,4.5255609840041285e-05
da entrega obrigada,6.069500619696628e-05
expectativa entrega,4.517837178629374e-05
de se comprar,5.754737292187357e-05
macias,8.819207075907957e-05
produto chegou no tempo,5.744145943559368e-05
vendedor entregou produto,4.507700344694876e-05
chegaram bem antes do,5.669013831001334e-05
muito bem no,4.499124195566674e-05
eficiência do,5.728920117019952e-05
anuncio entrega,4.491611503867512e-05
produto atende as expectativas,7.293367432351456e-05
qualidade muito bem,4.4893105878648804e-05
pelo excelente trabalho,4.48611449446562e-05
ficou tudo,4.483219992306807e-05
todos de,6.697680993650751e-05
principalmente,0.00021496259279634895
prazo chegou bem,4.4814856194558694e-05
funciona conforme,6.632834626661726e-05
contratempos,7.063787151532678e-05
comprar na lannister com,5.685042844622191e-05
embalada em perfeitas condições,4.469719862881853e-05
bem embalada em perfeitas,4.469719862881853e-05
da greve dos correios,6.426242088314038e-05
perfeição,6.371456053180907e-05
mesinha,8.215373503786317e-05
não avaliei,4.458085938262664e-05
ótima qualidade chegaram,4.4553637966342154e-05
com pontualidade,5.8144278955761476e-05
profissionalismo,0.00019794164539924973
se diminuíssem custo do,4.4495950594559956e-05
que ainda muito caro,4.4495950594559956e-05
seria maravilhoso se diminuíssem,4.4495950594559956e-05
frete que ainda muito,4.4495950594559956e-05
diminuíssem custo do frete,4.4495950594559956e-05
do frete que ainda,4.4495950594559956e-05
maravilhoso se diminuíssem custo,4.4495950594559956e-05
antes da data limite,4.448803755324327e-05
tem um tamanho,4.445964763711084e-05
que pedii cadê último,4.443290360993059e-05
almofadas que pedii cadê,4.443290360993059e-05
eu recebi dos almofadas,4.443290360993059e-05
recebi dos almofadas que,4.443290360993059e-05
dos almofadas que pedii,4.443290360993059e-05
lannister pelo excelente,4.4420861536949825e-05
compra fiquei,7.054732281400373e-05
produto veio em perfeitas,4.4402752180118944e-05
antes parabéns,4.43950170631295e-05
como sempre entrega antes,4.43948303259771e-05
do produto prazo,4.435620690354176e-05
desde embalagem,4.433793824636924e-05
loja americana,0.00010639563743091851
comprometimento com cliente,8.096565000359718e-05
produto chego antes,4.428937698341451e-05
ainda mais,0.00012127464080687157
minha encomenda chegou,5.507125876598141e-05
todas compras,4.4250408004597215e-05
foi entregue em perfeitas,4.424236407860193e-05
rapidez produto,5.37089684979097e-05
sem nenhuma avaria,6.425762561490514e-05
até agora tudo,5.417673349574536e-05
em perfeito estado eu,4.4044985541052956e-05
prestação de serviços,5.555393205129739e-05
tudo de primeira qualidade,4.398783078971775e-05
amassada mas,4.3978988977797115e-05
aos amigos,5.6936231461003736e-05
bem embalado estou,4.397287730784319e-05
data prevista super recomendo,4.3955286106399004e-05
um pouco caro,4.395394357721785e-05
os resultados,6.305040176563807e-05
excelente qualidade muito bom,4.394649252197598e-05
no prazo produto entregue,4.394630466968568e-05
qualidade ainda,5.603614128528619e-05
trabalho de,8.915034527195512e-05
entrega sempre antes do,4.388585891343325e-05
parabéns eu,4.387337347929245e-05
com minha aquisição,4.381158603391636e-05
dentro da data,6.494097455338124e-05
foi entregue bem rápido,5.507171434319661e-05
coluna,5.357555934046818e-05
lannister com sempre,6.437078879891725e-05
qualidade em,4.371813631702885e-05
ficamos muito satisfeitos,4.371198780078543e-05
demorou um pouco mais,9.799260992224068e-05
entregue perfeito,8.551400600818627e-05
robusto,5.496228728094053e-05
lugar para,6.569112642014064e-05
prazo combinado produto de,4.358417214888438e-05
lindo ficou,5.539776399161724e-05
de entrega chegou,4.3546676328340886e-05
estado de conservação,4.354243011735576e-05
prazo material de,5.849659597643831e-05
amo comprar nas,4.3516288214973814e-05
bem embalado ainda não,4.3470215137388395e-05
gostei do produto muito,7.395629751803455e-05
embalado do,4.346196064832525e-05
linda do,4.345954959393069e-05
um veio em uma,4.3433911915665555e-05
cada um veio em,4.3433911915665555e-05
recomendaria para,4.341457817163119e-05
lojas lannister entrega,4.3386738479322616e-05
vou dar de presente,4.3384063525703025e-05
veio super bem,4.3356451962893485e-05
as minhas compras,4.3352949365656944e-05
não muito grande,4.331201930760101e-05
feliz obrigada,4.328660134025047e-05
com certeza comprarei,5.715147946257408e-05
dentro da expectativa,6.586355497199244e-05
jeito que eu queria,6.902600234990433e-05
da data prevista recomendo,4.315626836623221e-05
de ótima qualidade só,5.499390820895752e-05
vivas,5.3719852338644574e-05
loja extremamente,4.313451432402832e-05
pro meu,7.356915559165371e-05
sim recebi,5.388650397973718e-05
compra os,4.3091821494954925e-05
compra chegou bem,5.5547640478493905e-05
da data prevista estou,4.306691508595566e-05
revestida,5.338267916456073e-05
chegou em boas condições,5.565957768025824e-05
cuidadosa,4.293356898833119e-05
compra nas lannister,5.27720745297277e-05
ainda vou,0.0001365889284007302
produtos em perfeito estado,4.290036760103007e-05
um pouco do,5.382047065292288e-05
estou contente,4.2849976247793105e-05
só acho que poderia,4.282754579129127e-05
qualidade espero que,4.282185054226953e-05
comparei,6.641494643424152e-05
sem palavras,7.9112026241642e-05
bonitinho,0.00010448328984046678
produto com muita,4.2739190545924334e-05
tudo ocorreu bem,8.080087156711978e-05
entregas sempre,4.2728175757295045e-05
pois chegou bem,4.2701125575818756e-05
do produto do atendimento,5.5364298092584464e-05
produto entregue em perfeitas,4.2663792849637534e-05
havia solicitado,4.263777721499366e-05
quatro dias,4.259577231197368e-05
pontualidade respeito com os,4.258723362458801e-05
lojas lannister pontualidade respeito,4.258723362458801e-05
as lojas lannister pontualidade,4.258723362458801e-05
lannister pontualidade respeito com,4.258723362458801e-05
espero que seja sempre,4.253690015280112e-05
que seja sempre assim,4.253690015280112e-05
previsto prazo,5.2051227821658945e-05
quando vi,5.783692549199095e-05
chega bem antes do,6.964689589918023e-05
por causa da greve,5.132352396044532e-05
chegou uma semana antes,4.24351552693471e-05
tudo de acordo com,6.144413150328845e-05
não veio tudo,4.238480409139854e-05
chegaram super,4.237405806426402e-05
da data prevista super,4.236913510973081e-05
na quarta,4.2360262824607314e-05
sim dos correios,5.2150463941720274e-05
problemas nenhum,4.233022851303093e-05
mais linda,4.232445777699033e-05
vários anos,4.232087788563379e-05
pouco antes do prazo,4.230646653755888e-05
rápido chegou bem antes,4.228803313492086e-05
fiquei bastante,5.2936084203380585e-05
que eu esperava chegou,4.224095301008367e-05
agradecer pela,4.223088608736912e-05
chegou na data certa,6.04197635514731e-05
comprar no stark,5.5476619854006226e-05
níveis,4.2200012359324755e-05
compras que já fiz,4.219518806902572e-05
as expectativas dentro do,4.219296901982902e-05
expectativas dentro do prazo,4.219296901982902e-05
atendeu as expectativas dentro,4.219296901982902e-05
já fiz várias compras,5.824019289909254e-05
um pouco grande,4.21644641381977e-05
do prazo vou comprar,4.211143500203276e-05
antes do prazo vou,4.211143500203276e-05
muito importante,4.20520820175183e-05
produto entrega muito rápida,6.260285656296388e-05
que compro sempre,4.198111976038851e-05
excelente estou,4.1981006284683315e-05
fiquei satisfeito com produto,6.467276597722351e-05
que compro com,4.979074207784304e-05
rápido sem,5.8006990743163535e-05
estou super satisfeito,4.1941193264480154e-05
um pouco fraco,6.542021944036705e-05
prazo muito satisfeita com,4.1908612658633155e-05
vem antes,4.1885914011343956e-05
correspondeu às,5.4836667563657776e-05
embalagem muito bem,4.1809333936634596e-05
eu recomendo loja,9.05632295436344e-05
encomenda antes,4.177477101016349e-05
prazo fui,4.176692945953889e-05
perfeito sem,4.175209798713944e-05
prazo fiquei muito satisfeita,4.1743200402299895e-05
produto em duas,4.1722303488785526e-05
parabéns entrega dentro do,4.169789651719572e-05
meus parabéns entrega dentro,4.169789651719572e-05
excelente produto meus parabéns,4.169789651719572e-05
produto meus parabéns entrega,4.169789651719572e-05
estiloso,5.0531094543086286e-05
da rapidez da entrega,7.104069362011471e-05
loja por ter,4.1597769429892353e-05
chega em,5.190098326846434e-05
com 10 dias,4.156965546188765e-05
indico esse,5.190640644410513e-05
enfeite,5.0831416080834834e-05
produto recebido em,5.343520848506855e-05
prazo era de,0.00010220588542957362
nunca vi,8.851999446974879e-05
qualidade tamanho,7.551584102780511e-05
duração da,4.141359139163244e-05
muito pratico adquirir produtos,4.1352678429699626e-05
pratico adquirir produtos através,4.1352678429699626e-05
produtos através do stark,4.1352678429699626e-05
adquirir produtos através do,4.1352678429699626e-05
fretes diferentes,4.134413236883537e-05
qualidade fiquei,4.133285575855361e-05
foi presente,5.850939075418881e-05
só achei muito,8.515760182262194e-05
produto escolhido,9.721482810957302e-05
fico muito,7.183162324213056e-05
dia seguinte da compra,4.113104046034203e-05
poderia ser menor,5.8195691623060195e-05
superou minhas expectativas produto,4.109662330962591e-05
com relação ao,4.108492181144975e-05
se arrepender,5.2475455086436805e-05
chegou no prazo só,4.099110786591382e-05
sempre chegam,4.091293880614733e-05
eu sempre,7.103396388414662e-05
que faltou,7.61857910816709e-05
preço melhor,5.90290002796714e-05
diferentes mas,5.319287918871101e-05
um acabamento,5.9338688093289704e-05
veio muito bem embalada,4.0786668271009255e-05
entrega foi no prazo,0.00010381113060658616
menos de 48 horas,4.073905606595718e-05
em menos de 48,4.073905606595718e-05
mas um pouco,5.5152734685976745e-05
qualidade bom acabamento,5.18613521640307e-05
estou bastante,5.0189944601669985e-05
ótima loja pra,4.0657617728270236e-05
meu filho gostou,6.102946785752063e-05
muito bem embalado com,4.060021431125881e-05
apesar de não ter,4.058047969554978e-05
embalado com nota fiscal,4.057363143215436e-05
loja produto veio,5.818665406611594e-05
na qualidade do,5.16650096714191e-05
que me deixou muito,4.0495922980170365e-05
dentro do prazo indicado,4.049119141973189e-05
entrega foi rápida antes,4.0470494688321275e-05
foi rápida antes do,4.0470494688321275e-05
pronta entrega,5.79135954860946e-05
um produto bonito,5.2760747866512353e-05
fiquei mto,5.1197957059234595e-05
qualidade muito bom mesmo,4.027447323576114e-05
sem comentarios,8.064435443915452e-05
não utilizei produto mas,6.512657286377801e-05
achei frete caro,5.768070527668507e-05
tempo muito,5.0490502646457266e-05
obrigada pelo atendimento,6.155219673042496e-05
respeito ao cliente,5.276255434278264e-05
certo veio,5.4174807285306624e-05
do que imaginava,5.5535636062700505e-05
um manual de,5.917657155061162e-05
site da lannister com,3.994545720008085e-05
parabéns para,9.731615082714525e-05
super rápida chegou antes,3.991366712592224e-05
estou satisfeita com minha,3.990419198505201e-05
atendimento mercadoria,5.955109794155354e-05
produto com bom,8.753743399191037e-05
pois produto chegou,6.590754559014208e-05
produto chegou de acordo,6.50387665060142e-05
entregaram no dia,3.984331775286823e-05
compro aqui,5.1906346323142426e-05
ok entregue,7.64621714420973e-05
lannister com br,6.245012704884067e-05
06 lixeiras chegaram só,3.975439467988457e-05
chegaram só 05 lixeiras,3.975439467988457e-05
mais infelizmente comprei 06,3.975439467988457e-05
comprei 06 lixeiras chegaram,3.975439467988457e-05
lixeiras chegaram só 05,3.975439467988457e-05
infelizmente comprei 06 lixeiras,3.975439467988457e-05
450,5.055635898424169e-05
equipe da,5.266288503240726e-05
produto chegou intacto,5.739239164659131e-05
na lannister sempre,4.917799451694858e-05
pois entrega,6.410818688483323e-05
prazo direitinho,5.408589495788621e-05
ofertas,4.945390339912912e-05
sempre vem,3.95424205385861e-05
um probleminha,5.08674077035084e-05
prazo estipulado no,3.9536529238770215e-05
facilmente,7.803831529175133e-05
de parabéns entrega antes,3.952455932106495e-05
parabéns entrega antes do,3.952455932106495e-05
testando produto,5.146395997259505e-05
todo processo de compra,3.947408485021515e-05
exatamente que eu queria,5.2859244982743486e-05
loja eu recomendo,7.664737378505301e-05
sempre compro nas lojas,5.688897436923344e-05
pequena mas,5.822827452949132e-05
parece de boa qualidade,3.944006218609437e-05
do prazo do,3.9417894100573823e-05
chegou no outro,3.939424462872094e-05
gosto da,5.599900788223777e-05
produto entregue em perfeito,7.254185946474161e-05
ao prometido,5.212860523954908e-05
melhor pois,3.9196908712180944e-05
para quem tem,5.0263516911675935e-05
produto no tempo,4.938284350234784e-05
do produto super recomendo,4.887558747884557e-05
corretas,0.00010297793287740662
demorou um pouco mas,7.880230637333043e-05
produto conforme pedido,4.9452782291871846e-05
idêntico ao,5.1059100816803826e-05
loja para comprar,5.3238748098577945e-05
pendente lindo,5.1896275408836496e-05
relógio um,5.138760740276409e-05
loja com certeza,3.880054822720625e-05
veio com película,5.1052058263450723e-05
como na imagem,4.987085465414888e-05
canon recebi,5.451587137466736e-05
chaveiro,6.0484457104335325e-05
ótimo para,5.1228780951925806e-05
igual imagem,5.024730321000173e-05
no prazo ainda não,6.569878699472145e-05
dos fretes,3.857645166782102e-05
dias super,5.833172270443858e-05
do prazo produto bom,6.34042869116254e-05
de acordo com compra,4.990402125207185e-05
no começo,5.843641537922105e-05
mas veio sem,5.997365066327692e-05
de boa qualidade muito,5.1888562703750635e-05
semanas de antecedência,4.7991779470702476e-05
mas acredito que esteja,3.821988780474931e-05
sempre que eu,5.3018693263281024e-05
instalar para,5.748264096038078e-05
no envio do produto,4.739657313308165e-05
chegou bem embalado produto,3.805444829225538e-05
lannister seus parceiros,3.802884334927458e-05
espero que funcione bem,3.8020567706026474e-05
não gostei foi,3.8018945531163966e-05
pedido antes do prazo,5.127297781537073e-05
gostei da loja,5.4555954243747986e-05
do produto tudo,4.8311202252250536e-05
dia chegou,8.583110621801598e-05
meu produto chegou em,3.78611258617998e-05
dentro do prazo estimado,5.1103823670823836e-05
recebi pedido corretamente,5.6365472031869274e-05
parabéns chegou muito,4.868730449595181e-05
supriu,6.894976448131338e-05
impressionado com,3.778563377073752e-05
bem mais rápido,4.814425507311462e-05
laser,5.7967822346065723e-05
que pagar frete individualmente,3.7689819825557286e-05
lixeiras dentro que seria,3.7689819825557286e-05
lixeiras tive que pagar,3.7689819825557286e-05
apenas lixeira stark poderia,3.7689819825557286e-05
comprar 11 lixeiras tive,3.7689819825557286e-05
poderia ter montado caixa,3.7689819825557286e-05
as 11 lixeiras dentro,3.7689819825557286e-05
dentro que seria mais,3.7689819825557286e-05
caixa maior com as,3.7689819825557286e-05
tivesse comprado apenas lixeira,3.7689819825557286e-05
com as 11 lixeiras,3.7689819825557286e-05
lixeira stark poderia ter,3.7689819825557286e-05
que seria mais barato,3.7689819825557286e-05
como se tivesse comprado,3.7689819825557286e-05
stark poderia ter montado,3.7689819825557286e-05
ter montado caixa maior,3.7689819825557286e-05
maior com as 11,3.7689819825557286e-05
individualmente como se tivesse,3.7689819825557286e-05
montado caixa maior com,3.7689819825557286e-05
11 lixeiras dentro que,3.7689819825557286e-05
se tivesse comprado apenas,3.7689819825557286e-05
pagar frete individualmente como,3.7689819825557286e-05
ao comprar 11 lixeiras,3.7689819825557286e-05
11 lixeiras tive que,3.7689819825557286e-05
frete individualmente como se,3.7689819825557286e-05
comprado apenas lixeira stark,3.7689819825557286e-05
otima qualidade super,3.768555903825645e-05
não dei estrelas porque,3.7660323991230304e-05
produto entregue de acordo,4.993055312646401e-05
segunda vez que compro,8.573034122061045e-05
bem embalado produto de,3.7639366004207685e-05
gostei muito só,5.480697177947394e-05
produto bom entregue no,6.001163464206098e-05
linda bem,5.769194074298304e-05
prazo empresa,5.47265843428308e-05
ainda em,5.866558401749881e-05
bem embalado produto muito,3.755378440927054e-05
embalado produto muito bom,3.755378440927054e-05
ficou lindo na,3.754874815691492e-05
mais clara,4.9224413284251265e-05
comprar prazo,3.7527672383805455e-05
um pequeno atraso,5.4816300953531795e-05
pra chegar mas,6.045589398944493e-05
compra entrega foi,6.602854155483047e-05
site de confiança,6.911132339264408e-05
tenho do que reclamar,5.932395961781458e-05
producto,6.652908562304342e-05
um presente para,4.80730187791473e-05
só tive um,3.737623005494365e-05
de comprar pelo,5.8068472862822405e-05
rápido perfeito,6.311259025404876e-05
muito bom não,4.773733393504839e-05
corretamente até antes do,5.006596096825242e-05
prazo de entrega produto,0.00010844515732565907
novamente com,4.7935090114909066e-05
novos,5.2260665455812285e-05
no prazo produto veio,3.717569356005475e-05
recomendo as lannister,5.04276291222046e-05
mochila muito,6.160604157869393e-05
era esperado,5.913680838828178e-05
com um bom,4.7367141936352085e-05
primeira vez que comprei,7.846520956758196e-05
loja sim,7.359359395988941e-05
compras por,4.739551184703369e-05
parabéns targaryen,3.696492725643271e-05
sofisticado,5.068773364188186e-05
certo estou,4.7338768383893804e-05
produto bem antes da,4.808071395490103e-05
não tenho nada reclamar,5.427254414194921e-05
indico pra,6.479737330316984e-05
no prazo foi,4.7255066511266927e-05
pontualidade da,5.827079205780229e-05
tem uma boa qualidade,4.6851004707433624e-05
mas fora isso tudo,3.682360687906062e-05
às lojas lannister,4.647202291537486e-05
chegou um pouco antes,3.680778864789344e-05
amigos familiares,3.680213653626177e-05
bem porém,5.071407472349951e-05
tapete muito bonito,5.04735585018428e-05
entrega foi super rápido,5.013746732158521e-05
efetuada no,4.478403487261467e-05
informado de,6.632829218566185e-05
com as compras,5.781226404025571e-05
eu esperava super,5.494520976066647e-05
anúncio mas,3.667504046111844e-05
apesar de ter vindo,3.6662305758722034e-05
achei os,4.705620410783893e-05
dentro do que eu,5.8748589029490345e-05
loja séria,5.2380168660414096e-05
entrega foi extremamente rápida,3.659051736633371e-05
do previsto muito bem,3.6587400530509415e-05
10 dias de antecedência,3.6582090035340894e-05
devido as,3.6569389395612904e-05
entregue em boas condições,5.577852742128738e-05
produto entregue em boas,5.577852742128738e-05
aguenta,7.411875415378877e-05
só não foi melhor,3.649555336287699e-05
recomendo veio,6.290643677901736e-05
revendedor,5.227983591667421e-05
tranquilidade,4.806915646015206e-05
no site chegou,6.164430374634624e-05
confiabilidade,7.068409032007853e-05
muito do produto da,5.149100046801421e-05
produto além de,7.490354285001231e-05
embalagem produto,5.986857960133769e-05
mesmo produto do mesmo,3.628167522729974e-05
prazo veio bem,5.000372377620214e-05
entregue no prazo veio,4.982561330595431e-05
no primeiro momento,3.615591650122775e-05
até próxima,5.206821809666706e-05
previsto de,5.08546013349666e-05
previsão era para,3.611991955817245e-05
os rolos,3.611655135369028e-05
entregam antes do prazo,4.4526563623354586e-05
se está,6.662800218271776e-05
comprado tudo,3.603526509217942e-05
agora vamos,4.6755918345843166e-05
sempre recebi,0.00014182083313499065
produto como na,6.306492143069297e-05
prazo de validade,6.492819936062318e-05
que foi dado,3.595964568800903e-05
foi enviado dentro do,4.6882178545887184e-05
de entrega tudo,3.59289776667481e-05
queria que,4.6902491140299335e-05
lindo mas,6.059245454561176e-05
cartão stark,4.486234472322965e-05
especificado na publicação recomendo,3.589104804448188e-05
com qualidade como especificado,3.589104804448188e-05
prazo com qualidade como,3.589104804448188e-05
qualidade como especificado na,3.589104804448188e-05
como especificado na publicação,3.589104804448188e-05
vou voltar comprar,4.6742020711524354e-05
as minhas amigas,4.934057893979966e-05
compra dentro do prazo,5.5846738239215365e-05
embalagem poderia,4.60339163521391e-05
produto acabamento perfeito discreto,3.571760599580674e-05
perfeito discreto muito fácil,3.571760599580674e-05
discreto muito fácil para,3.571760599580674e-05
ótimo produto acabamento perfeito,3.571760599580674e-05
acabamento perfeito discreto muito,3.571760599580674e-05
muito fácil para instalar,3.571760599580674e-05
tecido ótimo,4.693066642294166e-05
comprar chegou,5.608139031599112e-05
além da qualidade do,3.556826296638899e-05
qualidade do produto eficiência,3.556826296638899e-05
na logistica da entrega,3.556826296638899e-05
do produto eficiência na,3.556826296638899e-05
produto eficiência na logistica,3.556826296638899e-05
eficiência na logistica da,3.556826296638899e-05
20 anos,3.555426038700775e-05
foi combinado,4.614535834333115e-05
do prazo estou satisfeita,5.12018452758236e-05
prazo tem,5.080063743765093e-05
janela,4.657286681833242e-05
loja recomendada,5.81629510643693e-05
pois presente,4.3546200747031926e-05
causa da greve dos,4.4316807789993364e-05
ruim ter,3.530826376345451e-05
gostei do relógio,6.18451490580039e-05
loja totalmente,5.9647036809005605e-05
chegou até antes da,5.321605712581324e-05
produto com boa qualidade,4.7295255572143954e-05
ter um prazo,4.50848276569804e-05
foi esperado,7.396495077136086e-05
que diz,9.163017925609723e-05
qualidade eficiência,4.7733964115452734e-05
do pendente era cobre,3.501594719771001e-05
cobre veio com base,3.501594719771001e-05
era cobre veio com,3.501594719771001e-05
produto base do pendente,3.501594719771001e-05
pendente era cobre veio,3.501594719771001e-05
do produto base do,3.501594719771001e-05
veio com base preta,3.501594719771001e-05
base do pendente era,3.501594719771001e-05
descrição do produto base,3.501594719771001e-05
muito rápido em,4.482625699601197e-05
rapida bem,5.85322188659559e-05
entrega foi mais,4.632708679263428e-05
dia útil,6.173613683834035e-05
ser de boa qualidade,5.2899811223984413e-05
ficou ótimo,4.668326703425836e-05
mas achei que,4.9320011951686963e-05
gostei muito das,4.4793971460692125e-05
quanto entrega,0.00012429658458797645
antes do prazo já,4.30160802476472e-05
show produtos em perfeito,3.468331774764544e-05
do prazo show produtos,3.468331774764544e-05
muita rápida muito antes,3.468331774764544e-05
entrega muita rápida muito,3.468331774764544e-05
prazo show produtos em,3.468331774764544e-05
internamente,4.872828091013384e-05
ser um pouco mais,4.5259296430656566e-05
dentro do prazo parabéns,4.550787199285779e-05
pois mesma,5.035800593327832e-05
sem mais,9.633070008695542e-05
muito atenciosa,4.645141081622155e-05
relogio muito,6.371198454742066e-05
isso entrega foi,3.442691999262726e-05
muito bom quando,3.439996063602562e-05
com tempo,4.7549243935857145e-05
chegaram mas,4.361134609704444e-05
meu sofá,6.6956130553176e-05
ainda estou testando,4.6124750502138884e-05
pasta,7.946024469435446e-05
foi bom,0.00021233737966164435
esponja,5.0187852697139744e-05
ao produto ainda,4.412654945083092e-05
veio que eu,5.8586666235817536e-05
dentro do prazo só,4.314282883038668e-05
feliz recomendo,4.679464616504716e-05
foi como eu esperava,6.168509599843247e-05
compro na loja,4.3357110752382415e-05
não experimentei,6.741704780637085e-05
acabamento do produto,4.394320274765104e-05
do que na foto,5.487275462746014e-05
mt antes,4.6078551092666274e-05
seriedade da,4.8382894535338874e-05
recebido corretamente,5.908418435112607e-05
mês antes,4.403271822613218e-05
que já comprei,3.396387719401037e-05
meu pai,7.026943272417751e-05
compra pela internet,7.888669859133699e-05
entrega rápida produto bonito,4.6352399644831e-05
ao site,5.4430946617014435e-05
correios produto,5.2778095280190064e-05
assim como,0.00011223328139987812
quero agradecer,3.3632868666755856e-05
comprar mas,4.98897262883696e-05
eu amei meu,4.9617495696253294e-05
atendimento ao cliente,7.979244434529917e-05
em poucos,4.724759294435028e-05
função,9.755349915859757e-05
chegou bem embalada,4.5482229877807764e-05
um pouco pra chegar,4.47991656886511e-05
ordem no,5.304166263823733e-05
pela lannister com,8.576968442286971e-05
targaryen entregou,3.330617545565466e-05
boa experiência,6.050591633710979e-05
os produtos chegaram bem,3.329121025494565e-05
realizada no,4.341159695745459e-05
princípio fiquei,3.325799818854539e-05
exelente loja,7.385230168497902e-05
produto chegou em boas,4.607216653808227e-05
do corpo,4.5146988880314295e-05
mas chegou tudo certo,5.361182785766945e-05
entrega fiquei,4.466095940393383e-05
sempre foi,7.150856169738281e-05
produto entregue conforme anuncio,4.396248354939144e-05
td bem,6.729777552019911e-05
status do produto,5.175656061796093e-05
entrega que foi,7.656833849999952e-05
que vou,9.065900105756974e-05
devidamente embalado,4.6074736008353364e-05
estado dentro do prazo,6.082463169751285e-05
do previsto obrigada,5.423746705216306e-05
chegou sem problemas mas,4.45909893989015e-05
arranhão,5.2188509740284686e-05
de grande,4.3728324908917295e-05
propõe,4.9997932160508446e-05
para entrega em,4.290159542369745e-05
da data prevista só,4.5290821726942955e-05
no prazo mesmo,5.4229309595242304e-05
de comprar na loja,4.411085291179845e-05
prazo produto em perfeito,4.682384354711218e-05
comecei usar,6.607538132606055e-05
lannister vem,3.260591067109737e-05
do período,5.619019767874351e-05
um prazo muito,6.56936198876194e-05
de qualidade boa,5.130513683378267e-05
fica muito,7.599594345821755e-05
loja cumpriu com,4.728698780243443e-05
era como,4.525968182748383e-05
correios demorou,4.828270911487374e-05
tenho sido,4.5384081436948715e-05
11 dias,6.105433248063538e-05
prazo apesar,4.5680359203405264e-05
que mais,9.19745599348311e-05
compra tudo,4.692861854090144e-05
prazo estava,5.227049679836166e-05
encomenda chegou antes do,5.1925136719745546e-05
lannister melhor,5.488781518919509e-05
chegou 20,4.20350499233676e-05
para pendurar,4.405210495417918e-05
já sabia,4.240283457043154e-05
antes do prazo comprei,3.226950237279146e-05
aparenta ser,0.00011346209498396373
esquenta,9.646332922040746e-05
muita habilidade,3.218493932919365e-05
veio conforme descrito,5.671265522782492e-05
aos clientes,5.328708869074718e-05
está ok,0.00010665365293188138
gostei muito dos,5.45418888374307e-05
simplismente,4.587586370638956e-05
de uma vez,3.187010293535482e-05
dentro do prazo veio,4.563094010093546e-05
ele muito,5.6131277895237544e-05
compras eu,4.185173201738375e-05
fidelidade,4.8560979312700475e-05
estalei,4.806984055411557e-05
valendo,6.595510511936837e-05
eu gosto muito de,3.167813703447275e-05
na caixinha,4.814597005875104e-05
configurar,7.057246678154834e-05
recomendo compras,4.2902672468589674e-05
tudo bom,0.00012595869359209661
bolsa muito,6.788375174352648e-05
em menos de dias,4.193161836182237e-05
site sempre,4.3400056553817616e-05
previsto eu,4.28768392850154e-05
atraso na entrega foi,4.0611906847423016e-05
entregue tudo,7.09646853565974e-05
produto muito bom só,6.413449119816438e-05
película quebrada,4.2378290246253186e-05
material que,8.217784750987209e-05
de parabéns chegou,4.20448938821008e-05
recomento loja,5.649451727464509e-05
mas chegou dentro do,4.2641428991933374e-05
boa essa,4.966263195556928e-05
panela veio,4.123092670272674e-05
com todos os,5.326413066377456e-05
integridade,5.854323708821289e-05
só demorou,5.304967063112705e-05
com ótimo custo benefício,4.548857566507634e-05
entrega pelos correios,6.134035805614455e-05
não tenho do que,5.2955838411627786e-05
entrega foi rápido,4.3397733128301175e-05
em outras lojas,4.187913665187392e-05
por ter comprado,4.22918314541283e-05
recomendo compraria novamente,3.08252975107278e-05
produto anunciado não,5.055635898424169e-05
aprovou,5.5377354430091025e-05
do prazo estipulado pela,5.4666202602330733e-05
instalei na,4.256433701692062e-05
veio ate antes do,4.339868256266179e-05
ao serviço,4.074551898138353e-05
na entrega muito,5.066324449737193e-05
do produto da loja,5.005822181957367e-05
investimento,5.953591084402463e-05
que compramos no,3.0410096325935725e-05
pela compra,9.356831528305148e-05
opções de,6.150182966992007e-05
que poderiam,5.1018801885505004e-05
dia antes do,4.989087936663824e-05
era de 15 dias,4.285502235799861e-05
gostei sim,4.183188259007423e-05
apesar de terem,4.283128851432805e-05
mais fina,4.082549835327553e-05
muito bonito com,4.437135274330093e-05
final de semana,4.090575407798154e-05
quando precisar,5.3213600021121364e-05
com muito,8.083729767031696e-05
brinquedos,3.920687887111101e-05
antes do prazo definido,4.1936236663336883e-05
empresa foi,4.6291223859877265e-05
sua entrega,4.036002587638977e-05
acabamento bem,5.275897854581992e-05
exatamente igual ao,4.116786889858955e-05
proposta,6.375532891375198e-05
bom as,4.187489929080411e-05
ficou muito bom,4.313816716498807e-05
eu fiquei,4.550471859776133e-05
queria mesmo,3.958950268688667e-05
os carrinhos,4.0068891963586084e-05
antes do prazo material,8.682529973407898e-05
veio em perfeitas condições,6.181308147798595e-05
material acabamento,5.757723551742247e-05
entregue no prazo determinado,4.702584970830664e-05
corresponde ao anunciado,4.751323776049141e-05
noa instalei mas principio,2.939064509424882e-05
ainda noa instalei mas,2.939064509424882e-05
principio tudo ok com,2.939064509424882e-05
certo ainda noa instalei,2.939064509424882e-05
instalei mas principio tudo,2.939064509424882e-05
prazo tudo certo ainda,2.939064509424882e-05
tudo certo ainda noa,2.939064509424882e-05
mas principio tudo ok,2.939064509424882e-05
deveria vim,4.967084546331812e-05
fiquei na dúvida,4.455035726965971e-05
um cheirinho,4.0368043858675566e-05
combinado entrega,4.596528444603195e-05
estavam na,4.647106209969701e-05
esperado mas,5.339139337077557e-05
só achei um pouco,6.580971815758916e-05
calor,3.84441662111639e-05
de boa qualidade preço,4.174271929307047e-05
foto mais,4.312965940033361e-05
uma sugestão,4.0936380138149375e-05
encantada,4.041169141209927e-05
bom cor,5.4142422751374574e-05
compra desse produto,4.664934957448044e-05
ganhar,3.7398228313411075e-05
muitas vezes,4.0692624540665924e-05
super recomendo compra,4.028680838682287e-05
tocar,3.911309734181165e-05
produto eh,5.112573853023578e-05
em uso,5.5873624686754214e-05
foi entregue até antes,5.022327244484403e-05
sério,7.349140418967505e-05
jogo de cama de,3.8471476913034703e-05
stark loja,4.940531843813874e-05
frete grátis,7.488948831246117e-05
com garantia,4.460752698140539e-05
casa em,4.799751433530974e-05
relacao,4.326676773361659e-05
aconselho,8.435952506103837e-05
na americana,0.00010623332606996634
compramos pedestais só vieram,2.8492145967095166e-05
as lannister estão resolvendo,2.8492145967095166e-05
com as lannister estão,2.8492145967095166e-05
faltando quantidade correta compramos,2.8492145967095166e-05
quantidade correta compramos pedestais,2.8492145967095166e-05
vieram já entrei em,2.8492145967095166e-05
produto porém faltando quantidade,2.8492145967095166e-05
correta compramos pedestais só,2.8492145967095166e-05
só vieram já entrei,2.8492145967095166e-05
porém faltando quantidade correta,2.8492145967095166e-05
recebemos produto porém faltando,2.8492145967095166e-05
pedestais só vieram já,2.8492145967095166e-05
de diferença,3.933584788701863e-05
utilizar produto,5.71194086240267e-05
grande mais,3.970833999580074e-05
entrega um pouco demorada,4.160581440280473e-05
produto eu recebi hoje,2.8395395206718315e-05
um produto eu recebi,2.8395395206718315e-05
hoje muito obrigada tudo,2.8395395206718315e-05
estava faltando apenas um,2.8395395206718315e-05
apenas um produto eu,2.8395395206718315e-05
muito obrigada tudo certo,2.8395395206718315e-05
eu recebi hoje muito,2.8395395206718315e-05
faltando apenas um produto,2.8395395206718315e-05
tudo certo att elenice,2.8395395206718315e-05
recebi hoje muito obrigada,2.8395395206718315e-05
obrigada tudo certo att,2.8395395206718315e-05
do prazo só não,3.896991333666406e-05
da previsão de entrega,4.0408128796745706e-05
minha experiência,5.5052515772293616e-05
um estojo,5.098484081419745e-05
lannister entregou,4.057018495853208e-05
longo prazo de entrega,5.3707752592555223e-05
produto entrega foi bem,4.263316001430982e-05
só precisa,5.3863810611995783e-05
veio tudo bem,4.2405355696167864e-05
mala pequena,4.3124406729865e-05
assim sendo,4.0732715401138885e-05
correção,0.00012065307238736724
uma loja muito boa,4.540786279665476e-05
na sexta,7.837576055359357e-05
reduzir,4.410034583099792e-05
caro mas,6.098501853260672e-05
com antecedência,6.583410791503756e-05
boa qualidade atendeu,4.136777614253338e-05
dentro do que foi,3.7331709039339624e-05
da minha expectativa,5.175114068784383e-05
no site muito,5.237135936544306e-05
muito de comprar nessa,4.448153205034002e-05
produto solicitado,6.094457544856235e-05
tomado,3.958950268688667e-05
das lâmpadas,4.61381364322448e-05
mas tudo certo,4.341956832491855e-05
muito entrega foi,4.160487469919234e-05
meu sobrinho,7.894146461093289e-05
gostei do produto veio,3.789264880274156e-05
tdo certo,6.456099987466943e-05
atende as minhas,4.754513151864512e-05
mais cedo,4.601930984850608e-05
compras nas,4.302486428477388e-05
mais dois,4.399403411615901e-05
lavei,6.326905013639004e-05
tinha dado,3.8465268064502154e-05
minha tv,3.74830601456943e-05
dias mais,3.838863523537114e-05
entrega estou muito,3.805377724851849e-05
não tive oportunidade,4.160392252314316e-05
recebi em dias,4.9429477935709174e-05
eu tinha pedido,3.715517562574143e-05
está cumprindo,3.5665495277360605e-05
material fraco,5.588426640818011e-05
qualidade esperada,5.120833791658747e-05
achei caro,6.347859740337872e-05
em todos os sentidos,5.194161880401637e-05
frete ser um valor,2.6723746501169536e-05
apesar do frete ser,2.6723746501169536e-05
caro foi entregue muito,2.6723746501169536e-05
ser um valor muito,2.6723746501169536e-05
produto apesar do frete,2.6723746501169536e-05
satisfeita com produto apesar,2.6723746501169536e-05
do frete ser um,2.6723746501169536e-05
valor muito caro foi,2.6723746501169536e-05
com produto apesar do,2.6723746501169536e-05
um valor muito caro,2.6723746501169536e-05
muito caro foi entregue,2.6723746501169536e-05
futuramente,5.792010594396898e-05
alem da,3.739793139191977e-05
também com,3.6581309677308584e-05
terceira compra,4.933425919756452e-05
em 10 dias,3.941697090006523e-05
ter de pagar,3.574857138403772e-05
por este site,3.721362074399929e-05
super rápido antes,4.062761825555367e-05
recomendo pelo,4.031592056200522e-05
as bolsas são lindas,3.636783288830489e-05
entrega chegou dentro do,3.7161675514201995e-05
saiu tudo,4.3301020750056496e-05
pedido dentro do prazo,5.5630812175915416e-05
do jeito que pedi,3.620818943126547e-05
queria recomendo,4.007829200845247e-05
frigideira,5.2356360886271575e-05
tecido mas,4.03067396950728e-05
dúvidas,0.00013621504468663118
benefícios,4.3873005889882405e-05
ela ficou,4.067330007802936e-05
mas prazo de entrega,3.909790044186914e-05
veio exatamente que comprei,4.298261908672942e-05
eu recomendo esta loja,4.252821936338099e-05
sem nenhum problema recomendo,4.081291602012103e-05
no brasil,5.176714259358427e-05
ser em,4.854152187014789e-05
que sempre,5.321258462887822e-05
encontro,4.8275550589447916e-05
que depois de,3.602281503857973e-05
de compra foi,3.786301611702644e-05
apesar de ser,4.5783940070556425e-05
18 dias,3.9091287466221734e-05
muito bem embalado produto,3.6392400257531e-05
eu não estava em,3.570605398063646e-05
estava tudo,8.845115354131264e-05
ainda chegou,9.325060209940838e-05
descrição do site,5.504611118810288e-05
só houve,3.827361258119177e-05
sempre compro por,3.5483717131451626e-05
por vcs,4.1657069723248176e-05
chegou tempo,7.162504164212171e-05
eu recomendo esse,5.202638856520528e-05
em seus,4.63911322504372e-05
parceiro das,3.643613801222292e-05
chegou sem nenhum problema,4.007960096020964e-05
iniciar,3.7864071104589666e-05
não estava em casa,3.526648831976655e-05
lannister minha,3.937879416191139e-05
deu para,3.810149232877376e-05
recomendo lannister,7.244398203401269e-05
comprei no mesmo dia,3.8691936095536595e-05
supera as,4.1264856001940734e-05
pedido foram,4.673977443185422e-05
viajando,3.730011424786871e-05
canivete,7.150193816616881e-05
do prazo especificado,4.102811015074066e-05
demonstrou,3.886018027567197e-05
já sou cliente,5.869503576041212e-05
instruções de uso,3.501380010013339e-05
se você,3.64838108021645e-05
veio violada,5.775409568155909e-05
qualidade no,9.326040936468904e-05
entrega no tempo previsto,4.259836284337583e-05
nota 10 produto,3.722535636577805e-05
do prazo até,5.31632912358776e-05
só não dei estrelas,3.513735618932721e-05
que comprem,3.77339779526618e-05
acima de,3.723019433755955e-05
quanto compra,4.127162057502368e-05
até antecipado,3.456994580211475e-05
deveria ter mais,3.7302183630397525e-05
bateria que,3.6886064958950496e-05
com papel de,3.515573352515018e-05
capa chegou,4.7283145372259506e-05
faz que,5.364704563085512e-05
comprei para meu,3.952025492795775e-05
de acordo com combinado,4.419698751647767e-05
dias pois faltou um,2.488601466769808e-05
dois dias pois faltou,2.488601466769808e-05
pois faltou um berloque,2.488601466769808e-05
um berloque até agora,2.488601466769808e-05
há dois dias pois,2.488601466769808e-05
faltou um berloque até,2.488601466769808e-05
os demais vieram muito,2.488601466769808e-05
tive resposta espero que,2.488601466769808e-05
com loja há dois,2.488601466769808e-05
contato com loja há,2.488601466769808e-05
que resolvam os demais,2.488601466769808e-05
espero que resolvam os,2.488601466769808e-05
berloque até agora não,2.488601466769808e-05
resposta espero que resolvam,2.488601466769808e-05
demais vieram muito bem,2.488601466769808e-05
resolvam os demais vieram,2.488601466769808e-05
loja há dois dias,2.488601466769808e-05
do prazo previsto super,4.314711138444159e-05
do produto bem,5.657724258554822e-05
quebrado embalagem,3.3827836167285084e-05
bem mais barato,3.634079869520676e-05
desconfortável,4.134029676855831e-05
uma empresa séria,3.584742309645678e-05
ficaria,5.1693633211947795e-05
aquilo que,6.411203687807347e-05
correto mais,3.506392279135183e-05
minhas encomendas,5.0602796057618364e-05
demorou um pouco para,4.2768148450487174e-05
para minha filha ela,3.613764402892613e-05
muito de comprar nas,4.549357527420488e-05
sem valor,3.862557375545695e-05
ao prazo de entrega,4.9129998112401204e-05
entrega mas produto,3.855074295791637e-05
sem problemas mas outro,2.4316989164653604e-05
pomada santa chegou sem,2.4316989164653604e-05
da pomada santa chegou,2.4316989164653604e-05
pois pedido da pomada,2.4316989164653604e-05
indicaria está loja pois,2.4316989164653604e-05
sendo que não tinha,2.4316989164653604e-05
verdade não sei se,2.4316989164653604e-05
produto foi pago sendo,2.4316989164653604e-05
santa chegou sem problemas,2.4316989164653604e-05
foi pago sendo que,2.4316989164653604e-05
pedido da pomada santa,2.4316989164653604e-05
se indicaria está loja,2.4316989164653604e-05
sei se indicaria está,2.4316989164653604e-05
mas outro produto foi,2.4316989164653604e-05
loja pois pedido da,2.4316989164653604e-05
na verdade não sei,2.4316989164653604e-05
problemas mas outro produto,2.4316989164653604e-05
outro produto foi pago,2.4316989164653604e-05
não sei se indicaria,2.4316989164653604e-05
está loja pois pedido,2.4316989164653604e-05
pago sendo que não,2.4316989164653604e-05
fica com,3.5028298794833674e-05
certinho conforme,4.034380744617631e-05
site produto veio,3.551155466278754e-05
loja entregou no prazo,5.1075713373341005e-05
ser melhor embalado,3.426510455929142e-05
para qualquer,6.223899536044121e-05
vou usar,9.127218730427824e-05
produto ainda não usei,4.151076563156697e-05
um pacote só,3.451696523057513e-05
as minhas expectativas muito,3.606741542160265e-05
no braço,3.6396737221362795e-05
compra prazo,8.045219542297938e-05
nao testei,5.910590045742174e-05
embalado corretamente,6.67837424166963e-05
os produtos antes do,3.529344024062904e-05
satisfeita recebi,5.281410913405687e-05
menor do que eu,7.13104989364387e-05
veio como eu esperava,4.787530411138916e-05
de entrega mais,3.520268279741395e-05
atualizar,6.665300721426418e-05
como solicitado,5.906937401952263e-05
vi na,5.9441303662150406e-05
especial,4.4413978736459415e-05
apenas que,6.147747532346582e-05
meu produto chegou no,3.484174667499976e-05
de lavar,5.674227949914699e-05
da compra chegou,3.5893533257923865e-05
satisfeito com meu produto,3.414877825670045e-05
ótimo atendimento produto,5.574489561242364e-05
bom minha,4.849198065886836e-05
no quesito,4.608220310836643e-05
primeira compra na,3.747578806377463e-05
produdo,8.186126076810446e-05
embalado não,3.8603506487154635e-05
cortina de tecido,3.8535813981230214e-05
cliente com,4.7396329959619284e-05
dentro do tempo,5.349599817168706e-05
trabalho que,3.5359831797408775e-05
recebi sem,9.092232864931991e-05
prazo produto original,4.706967893376464e-05
produto tudo em ordem,3.864396955659298e-05
em dias muito rápido,3.7060431035404886e-05
outro fornecedor,3.596027703089629e-05
produto top pra quem,2.3316925780282176e-05
por fazer drinks recomendo,2.3316925780282176e-05
loja tbm que entregou,2.3316925780282176e-05
tbm que entregou no,2.3316925780282176e-05
quem que apaixonado por,2.3316925780282176e-05
top pra quem que,2.3316925780282176e-05
produto loja tbm que,2.3316925780282176e-05
pra quem que apaixonado,2.3316925780282176e-05
no até antes do,2.3316925780282176e-05
recomendo produto loja tbm,2.3316925780282176e-05
fazer drinks recomendo produto,2.3316925780282176e-05
drinks recomendo produto loja,2.3316925780282176e-05
apaixonado por fazer drinks,2.3316925780282176e-05
entregou no até antes,2.3316925780282176e-05
que entregou no até,2.3316925780282176e-05
que apaixonado por fazer,2.3316925780282176e-05
certo gostei,5.226048734294835e-05
no período,3.3756890349483776e-05
fim do prazo,3.5183515174020026e-05
minha compra produto,3.905915880258322e-05
pronto,6.716356163901903e-05
pode quebrar,3.3827836167285084e-05
não posso falar,3.6975071607412936e-05
período da,3.599573445376728e-05
entre compra,3.771158862587757e-05
com os correios que,3.782631588309209e-05
parece ser muito bom,3.360179408777903e-05
loja esta de parabéns,3.6339154252205375e-05
diminuir,5.15638180830508e-05
um atendimento,5.864841287148999e-05
tudo certo mas,4.355688584682843e-05
mais estou,3.925388509444499e-05
testes,5.9934346176948014e-05
foi muito boa,4.3376682845506145e-05
uns 15,3.4473343291468515e-05
lannister com nunca tive,4.048459614735026e-05
corresponde ao anúncio,3.722199320415391e-05
confio no,5.126293359431796e-05
foi correta,4.824410517632519e-05
muito fofo,4.793461057889116e-05
compra chegou no,3.48598247698462e-05
loja entregaram,3.470701244440252e-05
na caixa com,3.27932452064931e-05
mesa de,4.857087242267854e-05
em um pacote,3.451696523057513e-05
nada declarar,0.0001738058673632275
entrega mas tudo,3.861693595126641e-05
pano muito,5.3734671579767245e-05
anos nunca tive problemas,3.2946149622720646e-05
com outras lojas,3.506179299085247e-05
quanto qualidade,3.7259422726785546e-05
há tempos,4.054279377223321e-05
achei que seria,5.992464221161651e-05
funciona como,5.5855688038639944e-05
entrega foi feita em,3.519538027104207e-05
erro do,4.3397082709787585e-05
mas ficou,7.178819606237708e-05
greve dos correios mas,3.416100445477054e-05
fiz pedido em,4.0485002267375425e-05
data prevista muito bom,3.626680904181267e-05
insatisfação com,4.510421567050624e-05
inicialmente,4.480593259877759e-05
porteiro,4.867708466518756e-05
coerente,4.60101710833028e-05
quarto do,3.354078990031993e-05
muito rápido na entrega,4.641537224058982e-05
junto com produto,3.299494486374832e-05
pra carregar,3.3832340572380055e-05
aparentemente parece ser,3.4111417709680456e-05
dos pedidos,4.046129397872304e-05
muito corretos,7.146387650005292e-05
comprei de presente,3.528154972590424e-05
nos primeiros dias,3.336134428429559e-05
estou avaliando,5.271275699900029e-05
esperava super recomendo,4.055327044822669e-05
do prazo ainda não,6.62029001173884e-05
mercadoria foi entregue no,3.5630744956702976e-05
mas são,3.8666324877066234e-05
produto muito bom exatamente,4.481975769246831e-05
previsto ainda não,3.676874808720813e-05
so achei,4.131739591402207e-05
acompanhamento da entrega,4.122509770629757e-05
usar produto,8.842658298820797e-05
com os seus clientes,3.25923606131348e-05
muita coisa,4.130685450153019e-05
veio sem nenhum,3.3082639165670883e-05
está tudo correto,3.345110971845471e-05
lojas lannister pelo,3.111114028430492e-05
foram entregues antes do,3.36143309982217e-05
parceiro muito,5.0593635859766074e-05
ser mais em,3.3655807431210877e-05
foi uma compra,4.767737953888693e-05
produto em um,4.179885062687041e-05
transportadoras,3.131469489433354e-05
ele bem,7.404004183816735e-05
desempenho,6.906410518719377e-05
greve dos caminhoneiros mas,3.1247196668075665e-05
problema foi com,4.066903199955569e-05
do produto da rapidez,3.6670710175014796e-05
um problema com os,3.2600403682925696e-05
mas por,0.00010313529276831596
só que com,3.897865789025726e-05
do produto antes do,3.6824269574951315e-05
lannister além de,3.014150221797614e-05
satisfeita com loja,4.923911300888705e-05
no dia dia,4.304388475671968e-05
bb,4.080044891178974e-05
correios isso,2.9998776972974464e-05
pelo preco,3.5748300645477634e-05
muito melhor,4.5650373687722725e-05
site das lojas lannister,6.571506516355987e-05
estava muito,3.3707120254600136e-05
as tesouras são,3.3743870735132026e-05
loja entrega foi,4.076236052984091e-05
embalagem de,7.098165639557746e-05
de fácil manuseio,6.104287573625465e-05
com propaganda,4.230656372757844e-05
os produtos no prazo,4.5233155498023826e-05
correio mais,4.0075162312828425e-05
cuidado com embalagem,3.425271689169366e-05
lannister porque,2.946537555094691e-05
desse site,4.234903182944603e-05
certinho na,3.4232193149858534e-05
pq eu não,2.993243851684803e-05
que não receberia,3.394845676233588e-05
prazo estipulado pela loja,4.497151532252383e-05
um dia depois,5.557226663204888e-05
relação custo,4.049126801158018e-05
que ainda não chegou,3.137828069631386e-05
plástica,5.583579189372974e-05
da maneira que,4.0602001134464574e-05
da americana,4.1269288256968466e-05
pois para,3.343840276787844e-05
prazo de entrega informado,3.391717710704871e-05
ser bem,5.767403388979248e-05
conforme esperava,5.276174390572966e-05
pelo custo,6.871096150170583e-05
que saco do aspirador,2.040409970689736e-05
que maior que saco,2.040409970689736e-05
por isso recebi nano,2.040409970689736e-05
ver se funciona corretamente,2.040409970689736e-05
maior que saco do,2.040409970689736e-05
recebi nano 11 que,2.040409970689736e-05
lannister informação do tipo,2.040409970689736e-05
vou ver se funciona,2.040409970689736e-05
da lannister informação do,2.040409970689736e-05
de saco descartável nano,2.040409970689736e-05
11 que maior que,2.040409970689736e-05
aspirador vou ver se,2.040409970689736e-05
site não diz número,2.040409970689736e-05
do tipo de saco,2.040409970689736e-05
tipo de saco descartável,2.040409970689736e-05
saco descartável nano no,2.040409970689736e-05
saco do aspirador vou,2.040409970689736e-05
no site não diz,2.040409970689736e-05
nano 11 que maior,2.040409970689736e-05
descartável nano no site,2.040409970689736e-05
isso recebi nano 11,2.040409970689736e-05
site da lannister informação,2.040409970689736e-05
não diz número por,2.040409970689736e-05
número por isso recebi,2.040409970689736e-05
nano no site não,2.040409970689736e-05
diz número por isso,2.040409970689736e-05
do aspirador vou ver,2.040409970689736e-05
informação do tipo de,2.040409970689736e-05
do prazo mesmo,4.5177427734412334e-05
porque tive que retirar,3.429906136369415e-05
bom tamanho,4.9660688052189695e-05
pois muito,5.525311770505022e-05
reclamar produto,3.631005911821607e-05
respeito ao consumidor,5.6082427978399745e-05
muito grande mas,3.174119811865142e-05
mas de resto,6.355041602723973e-05
que preciso,6.76167652116353e-05
mesma que,3.434380967765806e-05
são bonitas,4.797806111958619e-05
problema muito,3.013787694698514e-05
nao entendi,3.105037634075667e-05
embora não,3.227056590201518e-05
acompanhamento do,6.2171292476046e-05
uma das prateleiras,4.525715611740662e-05
um parafuso,4.3380051067577604e-05
compacto,3.9914528249587754e-05
troca urgente,3.15886056782479e-05
foi com os correios,3.93952583483487e-05
esperava produto,6.901203526962828e-05
demonstrando,4.067036524493063e-05
confio muito,3.298567118022951e-05
comprei muito,3.265225880605823e-05
produto vou comprar,4.6189276832304545e-05
do prazo que era,2.9550881986791127e-05
veio com um pequeno,8.482602889001449e-05
vale comprar,3.853122555954242e-05
tem sido,4.438640011365754e-05
funciona mesmo,4.814530110721991e-05
que eu escolhi,4.819032031419988e-05
compro nas lojas lannister,4.798952094071369e-05
compras que fiz,6.058623940777916e-05
receci,5.254258800474814e-05
por enquanto está,3.445905739561733e-05
para tirar,5.363413144626502e-05
de venda,9.869911894703167e-05
não tive tempo,3.7125039409903896e-05
com produto com loja,4.022242577289173e-05
visível,4.0455434400444094e-05
em entregar,3.745118774244257e-05
toda atenção,3.0261402716112713e-05
melhor se,3.235465106229511e-05
veio td,7.466073996734652e-05
chamou,2.929966418976099e-05
cada vez mais,4.2496871007538834e-05
loja também,3.582793840643381e-05
ficou um pouco,3.1957167412803034e-05
de comprar nas lannister,4.813241676517344e-05
as cortinas são,3.212900578559427e-05
recebi produto correto no,3.5777962998888057e-05
dia mais,3.992110048213297e-05
postou,5.2195271250135144e-05
prazo produto que,3.443933061308045e-05
chegou bem rapido,4.71936753231033e-05
dure,5.0372716784512134e-05
tive que pagar frete,3.706493172435475e-05
no carro,5.712816006765603e-05
veio em bom,3.401186053070079e-05
escrito de próprio punho,1.9241563563254424e-05
recado escrito de próprio,1.9241563563254424e-05
loja produto pois eles,1.9241563563254424e-05
minha expectativa enviando um,1.9241563563254424e-05
produto pois eles aumentaram,1.9241563563254424e-05
alguns brindes que com,1.9241563563254424e-05
brindes que com certeza,1.9241563563254424e-05
enviando um recado escrito,1.9241563563254424e-05
eles aumentaram minha expectativa,1.9241563563254424e-05
amei loja produto pois,1.9241563563254424e-05
agradaram que comprarei novamente,1.9241563563254424e-05
certeza me agradaram que,1.9241563563254424e-05
com certeza me agradaram,1.9241563563254424e-05
aumentaram minha expectativa enviando,1.9241563563254424e-05
que com certeza me,1.9241563563254424e-05
punho alguns brindes que,1.9241563563254424e-05
próprio punho alguns brindes,1.9241563563254424e-05
de próprio punho alguns,1.9241563563254424e-05
um recado escrito de,1.9241563563254424e-05
pois eles aumentaram minha,1.9241563563254424e-05
me agradaram que comprarei,1.9241563563254424e-05
expectativa enviando um recado,1.9241563563254424e-05
cedo para,3.8836545879402104e-05
da rapidez na entrega,4.155103775234355e-05
so tenho,4.08954098456978e-05
sempre em,3.2438940869776536e-05
mais acho que,3.086291702150549e-05
exatamente que foi,4.98572391942947e-05
noite recebi mercadoria em,1.9088748304921785e-05
no prejuízo ou quem,1.9088748304921785e-05
em parte pois uma,1.9088748304921785e-05
uma cuba esta quebrada,1.9088748304921785e-05
quebrada como devo fazer,1.9088748304921785e-05
recebi mercadoria em parte,1.9088748304921785e-05
prejuízo ou quem que,1.9088748304921785e-05
que ira me repor,1.9088748304921785e-05
ira me repor esta,1.9088748304921785e-05
mercadoria em parte pois,1.9088748304921785e-05
boa noite recebi mercadoria,1.9088748304921785e-05
cuba esta quebrada como,1.9088748304921785e-05
ou quem que ira,1.9088748304921785e-05
quem que ira me,1.9088748304921785e-05
pois uma cuba esta,1.9088748304921785e-05
me repor esta quebrada,1.9088748304921785e-05
fico no prejuízo ou,1.9088748304921785e-05
fazer fico no prejuízo,1.9088748304921785e-05
como devo fazer fico,1.9088748304921785e-05
esta quebrada como devo,1.9088748304921785e-05
parte pois uma cuba,1.9088748304921785e-05
devo fazer fico no,1.9088748304921785e-05
no prazo até antes,3.3765463851823555e-05
esperamos,3.0958385264685494e-05
faturar,2.8857853961589957e-05
boa vedação contra chuva,1.8991871720532128e-05
bonita graças esse adereço,1.8991871720532128e-05
para torná la mais,1.8991871720532128e-05
minha área para torná,1.8991871720532128e-05
só falta eu instalar,1.8991871720532128e-05
área para torná la,1.8991871720532128e-05
torná la mais bonita,1.8991871720532128e-05
muito bonita possui boa,1.8991871720532128e-05
agora só falta eu,1.8991871720532128e-05
na minha área para,1.8991871720532128e-05
chuva insetos agora só,1.8991871720532128e-05
bonita possui boa vedação,1.8991871720532128e-05
luminária muito bonita possui,1.8991871720532128e-05
eu instalar na minha,1.8991871720532128e-05
mais bonita graças esse,1.8991871720532128e-05
instalar na minha área,1.8991871720532128e-05
contra chuva insetos agora,1.8991871720532128e-05
la mais bonita graças,1.8991871720532128e-05
falta eu instalar na,1.8991871720532128e-05
vedação contra chuva insetos,1.8991871720532128e-05
possui boa vedação contra,1.8991871720532128e-05
insetos agora só falta,1.8991871720532128e-05
produto só não,5.6914327227878635e-05
um bom acabamento,4.0450682078869765e-05
eu recomendaria,0.00013765044884629548
produto mais bonito,4.332687860535949e-05
compras no site,2.9065199248334507e-05
produto foi enviado,0.00011065349995304234
entregue mais rápido,4.7413561191982995e-05
em relação qualidade,3.028576045497611e-05
todos os produtos que,3.7451584663188134e-05
foto vem,3.4420908842212465e-05
compras online,4.053826871135404e-05
valor 179 40 obrig,1.880037772272252e-05
no total da compra,1.880037772272252e-05
os demais foram cancelados,1.880037772272252e-05
no valor 179 40,1.880037772272252e-05
compra 293 38 comprado,1.880037772272252e-05
pois os demais foram,1.880037772272252e-05
valor do boleto veio,1.880037772272252e-05
30 04 18 estou,1.880037772272252e-05
do boleto veio no,1.880037772272252e-05
um pois os demais,1.880037772272252e-05
aguardando envio do boleto,1.880037772272252e-05
envio do boleto no,1.880037772272252e-05
cancelados no entanto valor,1.880037772272252e-05
comprado 30 04 18,1.880037772272252e-05
do boleto no valor,1.880037772272252e-05
293 38 comprado 30,1.880037772272252e-05
demais foram cancelados no,1.880037772272252e-05
recebi um pois os,1.880037772272252e-05
38 comprado 30 04,1.880037772272252e-05
quatro pedidos só recebi,1.880037772272252e-05
pedidos só recebi um,1.880037772272252e-05
boleto no valor 179,1.880037772272252e-05
boleto veio no total,1.880037772272252e-05
da compra 293 38,1.880037772272252e-05
04 18 estou aguardando,1.880037772272252e-05
entanto valor do boleto,1.880037772272252e-05
veio no total da,1.880037772272252e-05
foram cancelados no entanto,1.880037772272252e-05
no entanto valor do,1.880037772272252e-05
fiz quatro pedidos só,1.880037772272252e-05
só recebi um pois,1.880037772272252e-05
total da compra 293,1.880037772272252e-05
18 estou aguardando envio,1.880037772272252e-05
tenho reclamar,4.022392939470079e-05
que ficou,3.130218446169995e-05
de data,3.813866377834891e-05
são os,5.2443639375739194e-05
com ótimo acabamento,5.2774161589645195e-05
minha filha de,2.955563772276296e-05
aqui no,5.277840942532883e-05
os produtos da,3.7501861279986816e-05
muito sempre,4.0494522848026913e-05
um produto comprei,5.614375024798655e-05
de fazer uma,3.061728126543383e-05
que eu não gostei,2.9498489375322344e-05
não dei nota,3.2509801842174964e-05
que me enviou,2.9974980914761074e-05
só fiquei,4.850911221582413e-05
produtos tem,3.779464068255426e-05
comprei pra,6.139152680507905e-05
recebi encomenda em,3.625943800316076e-05
recomendo empresa,4.761330082225065e-05
de ótima qualidade superou,3.659102740338843e-05
primeira vez que eu,3.012675338533274e-05
recebi 10,3.4492560077751946e-05
via internet,5.684068006632502e-05
perfeito só,3.2106830605300035e-05
que caixa,4.531006631956216e-05
dos correios pois,2.5871087887794387e-05
entregou produto em,2.9369013200045504e-05
encomendo,4.65380145322018e-05
data de previsão,3.065029956483684e-05
stark estou,4.11201615710288e-05
preço achei,3.073782474654112e-05
enrolação,5.045594088198621e-05
chegou um dia,4.334588285050836e-05
quadro muito,4.412869449861918e-05
produto mas parece,5.326913137417332e-05
perfeito estado bem embalado,3.994042193027208e-05
ótimo produto em,3.8042764334350375e-05
coisa que não gostei,3.021180252838738e-05
fosse em,3.0409207281272692e-05
preço do produto,3.9446884546325964e-05
novo produto,3.037574265835445e-05
foto entrega,3.118203305641578e-05
achei estranho,4.577597837197786e-05
apenas uma observação,2.9111883059686632e-05
prazo de entrega bem,3.1145927859778316e-05
uma coisa estranha pedi,1.7698076920212535e-05
achei um pouco exagero,1.7698076920212535e-05
aconteceu uma coisa estranha,1.7698076920212535e-05
tudo em uma caixa,1.7698076920212535e-05
uma caixa só achei,1.7698076920212535e-05
sendo que cabia tudo,1.7698076920212535e-05
os mas em caixas,1.7698076920212535e-05
estranha pedi potes vieram,1.7698076920212535e-05
em caixas pote em,1.7698076920212535e-05
em uma caixa só,1.7698076920212535e-05
em cada caixa sendo,1.7698076920212535e-05
mas aconteceu uma coisa,1.7698076920212535e-05
caixa só achei um,1.7698076920212535e-05
potes vieram os mas,1.7698076920212535e-05
pedi potes vieram os,1.7698076920212535e-05
caixa sendo que cabia,1.7698076920212535e-05
tudo certinho mas aconteceu,1.7698076920212535e-05
mas em caixas pote,1.7698076920212535e-05
certinho mas aconteceu uma,1.7698076920212535e-05
chegou tudo certinho mas,1.7698076920212535e-05
pote em cada caixa,1.7698076920212535e-05
coisa estranha pedi potes,1.7698076920212535e-05
caixas pote em cada,1.7698076920212535e-05
cabia tudo em uma,1.7698076920212535e-05
cada caixa sendo que,1.7698076920212535e-05
que cabia tudo em,1.7698076920212535e-05
vieram os mas em,1.7698076920212535e-05
recebi produto conforme anunciado,6.135653411202245e-05
recebi produto recomendo,6.207786541797069e-05
do prazo da entrega,8.474337043056856e-05
previsão de entrega de,2.701653965699761e-05
14 dias,8.211606115667404e-05
em greve,7.08102260070952e-05
produto veio como,5.565374927721384e-05
no mais foi,3.4487321258475704e-05
por aqui,7.693646608033975e-05
conforme informado,6.630522239368352e-05
esta ok,6.597705839638107e-05
produto de forma,4.8393285901090775e-05
limpo,3.224130734411598e-05
antes do prazo achei,4.1729808030288086e-05
com certificado de garantia,3.094535104143206e-05
produto igual ao anúncio,3.609096327370611e-05
no site das lojas,4.4795270848473173e-05
única coisa que achei,3.095612263834523e-05
está tudo certo,5.308284863721615e-05
de entrega com,2.8451510197922212e-05
ótima qualidade super recomendo,3.381276945679177e-05
de entrega cumprido,4.106849404598155e-05
compro na lannister com,3.609605750762322e-05
para colocar no,3.0028840390023187e-05
pedido foi entregue muito,3.897446625085456e-05
os pelos,5.0593244014146876e-05
do ano,4.876744696275586e-05
vou recomendar,0.00010084568064310088
stark está,4.347724040580053e-05
no tempo correto,5.175807614060523e-05
ligaram pra,4.3829664992164406e-05
targaryen lannister,4.941993079406921e-05
do resto,5.7151687041218976e-05
minha cidade por,2.765571629047505e-05
concorrentes,4.305449447420245e-05
canetas para cd acabei,1.6963074192592306e-05
oferecem muito bom só,1.6963074192592306e-05
tonner umas canetas para,1.6963074192592306e-05
um tonner umas canetas,1.6963074192592306e-05
serviço pela internet que,1.6963074192592306e-05
comprar um tonner umas,1.6963074192592306e-05
cd acabei desistindo daqui,1.6963074192592306e-05
eu ia comprar um,1.6963074192592306e-05
vocês oferecem muito bom,1.6963074192592306e-05
desistindo daqui pra frente,1.6963074192592306e-05
umas canetas para cd,1.6963074192592306e-05
alto eu ia comprar,1.6963074192592306e-05
discordo com valor do,1.6963074192592306e-05
que vocês oferecem muito,1.6963074192592306e-05
pela internet que vocês,1.6963074192592306e-05
com valor do frete,1.6963074192592306e-05
acabei desistindo daqui pra,1.6963074192592306e-05
só discordo com valor,1.6963074192592306e-05
daqui pra frente só,1.6963074192592306e-05
para cd acabei desistindo,1.6963074192592306e-05
pra frente só na,1.6963074192592306e-05
ia comprar um tonner,1.6963074192592306e-05
frente só na loja,1.6963074192592306e-05
bom só discordo com,1.6963074192592306e-05
muito alto eu ia,1.6963074192592306e-05
frete muito alto eu,1.6963074192592306e-05
internet que vocês oferecem,1.6963074192592306e-05
muito bom só discordo,1.6963074192592306e-05
uma entrega,9.872472132179485e-05
mulher,4.33287813637978e-05
ter certeza,4.318811459094661e-05
que eu esperava muito,4.129891682536999e-05
porque no,2.762044845476548e-05
prazo estou satisfeita com,3.305263754182228e-05
nas fotos,0.0001196987047351233
minha bebê,3.857920183315038e-05
pedido correto,4.1340590192734264e-05
nada demais,3.717646331956702e-05
impressionante,5.856210891353002e-05
abriu,3.9900107924193766e-05
foi entregue de acordo,3.553919923334127e-05
correio que,4.953789035216161e-05
em minha cidade,2.765571629047505e-05
em viagem,3.756075448968054e-05
do notebook,3.189398002319565e-05
aprovada,9.469804723124975e-05
potência,3.8214919580089664e-05
há muitos anos,3.5399026548920815e-05
produto ótimo veio,3.8444743486666065e-05
em relação ao produto,2.760887805766438e-05
falha dos correios,2.979655847615895e-05
tampa de,6.174439208615713e-05
na lojas lannister,5.1068483447269176e-05
pena produto,3.672045927496179e-05
veio mais,3.977351978495867e-05
apropriada,4.370296838761973e-05
explicado,3.60987589665464e-05
so não gostei,3.645803800632895e-05
uma dica,2.7519195836030093e-05
produto muito bom eu,6.122123190812713e-05
viajar,3.940468646639561e-05
que demorou muito,3.857815608949115e-05
estava prevista para dia,3.808682883833385e-05
prazo assim,3.073608706489626e-05
brinco,3.930364667349097e-05
pessoal da,3.678906343240524e-05
que estava no anúncio,3.250452216585939e-05
estado do,4.1261948162251136e-05
com medo de ser,2.6344039873758267e-05
ao fim,3.168354473483562e-05
preciso que façam troca,3.1764182002029254e-05
compro pelo site,3.470141662803225e-05
chegar um,3.8888732841791e-05
conforme foi,4.015775341958235e-05
igual as,3.804215887106365e-05
no caminho,2.908801928861565e-05
cesto de lixo,3.5406287123791044e-05
festas,4.108243278474363e-05
qualidade das,7.609587008528665e-05
muito leve,6.481236537139014e-05
produto me foi,3.34932177375362e-05
de comprar por,3.62546660464154e-05
do mesmo vendedor,2.762510626736957e-05
dois dias após,5.031587600565202e-05
da melhor,5.068368849554191e-05
anos compro,3.4465872057499146e-05
uma semana produto,4.320578751434587e-05
período de,4.014541824826129e-05
atende bem,5.5969968580123155e-05
bom entregue dentro do,5.65486152973608e-05
sempre tem,3.615097871213553e-05
muito nesta empresa,3.298567118022951e-05
qq,3.901692047070951e-05
poderia ser maior,3.554046092083978e-05
aguardando para ver se,3.113938965362585e-05
veio conforme esperado,3.749024276672305e-05
pontual na entrega,4.19656745427616e-05
quem está,3.6033295665599905e-05
veio rosa,4.507460512881891e-05
ainda não foi instalado,3.656571813044533e-05
mas qualidade do produto,4.4334144598554355e-05
as vezes que comprei,2.656752777661005e-05
todas as vezes que,2.656752777661005e-05
que não havia ninguém,2.4831576399768508e-05
rapido na entrega,4.196367465885e-05
demais entrega,6.86225090850926e-05
sempre compro na lannister,4.864504670314343e-05
tive que pedir,2.8418989559570097e-05
que esteja tudo certo,2.941251676466929e-05
lannister ótima,4.062053999581955e-05
bom produto foi entregue,3.5309808928464784e-05
por isso entrega,2.765571629047505e-05
prazo previsto super recomendo,3.330863592289448e-05
atendimento sempre,5.210748394273756e-05
aproximadamente,3.6096007525545774e-05
tempo mas,3.8754742883929484e-05
comprar produtos,6.876057861424781e-05
produto entregaram,6.218165332919426e-05
mais da,4.535131395971021e-05
todavia,3.466390710479685e-05
atendimento pelo,3.3859030034927306e-05
realmente produto,3.667977896144617e-05
de forma correta,5.191257997619047e-05
só não veio,3.876842227633215e-05
fino mas,7.155442279459167e-05
os detalhes,5.6533889189008505e-05
ele tem,4.411723462354544e-05
que empresa deveria,2.4860373629537193e-05
dentro do prazo informado,5.6535022308867535e-05
preço do frete,3.020480660189871e-05
fechado,5.9693963657727386e-05
atenciosa com,3.9406751981898905e-05
rápido mas,8.221441679068295e-05
no acabamento,5.019590631933676e-05
ótima qualidade porém,4.287347571418795e-05
02 para,3.38541188122898e-05
um tecido muito,3.7343332278520635e-05
não esperava,4.708914679519078e-05
tamanho de,3.723190146955604e-05
violão,3.797885985049975e-05
qualidade mais,5.7116680578757454e-05
fica dica,2.979693385566842e-05
loja stark,4.099765712853743e-05
com este parceiro,3.2967327305582585e-05
cuidado na,3.68879954265033e-05
nenhum mail,2.4922868603650085e-05
satisfeito com produto com,3.4240247744418693e-05
um pouco amassada,4.032722732968131e-05
mesmo chegou,6.781914142752938e-05
atendimento produto chegou,4.143373493203035e-05
por sua,3.431641587494666e-05
muito chegou bem,3.7854193869785304e-05
desperdício,2.5393027829342504e-05
lindo só,3.810663531176731e-05
cobrou,5.185003871117676e-05
após ter,2.7602447997990783e-05
não tive resposta espero,2.4548185390439785e-05
pois eu comprei,3.7750580627113896e-05
diferença na,2.6033879802246098e-05
tratamento,9.728136826952209e-05
compro com vcs,3.804677594523637e-05
produto muito bom porém,5.262470746393078e-05
não precisa,4.866242595052902e-05
estipulado sem,3.496095180559636e-05
mas depois que,3.586090415407674e-05
não instalei ainda,4.235820094435325e-05
chegam antes do prazo,3.095159540147609e-05
vi no site,4.244435436257533e-05
máquina de,6.631755034520395e-05
em razão,4.527877447801433e-05
com parte,3.863710753866874e-05
estipulado ainda,3.060374723166719e-05
recebi produto dias,3.567620402484279e-05
chegou que eu,4.328747887961358e-05
ainda não foi usado,3.373304792594198e-05
rapidez da entrega do,2.8639449823659354e-05
pois sempre,3.517779287844564e-05
ótimo já,4.12983776510416e-05
mail enviados,2.3707486460731108e-05
bem minha,3.265446322197535e-05
muito bom prazo,6.823982773407267e-05
as alças,3.846468136540234e-05
lindo mais,3.513946391848598e-05
que como,3.555156587463694e-05
visualizei,3.9602042276801564e-05
em uma loja,3.222962063512342e-05
momento está,3.1689394728586705e-05
para dia 09,2.850040433828744e-05
pagamos frete para,2.6034871135039716e-05
do xbox,5.379098716455593e-05
está de acordo com,4.694982917468051e-05
veio com outro,2.1587960208483175e-05
com uma pequena,3.0790014686533777e-05
os produtos conforme,3.4383943314411636e-05
tamanho do produto,3.839522021172548e-05
de todos os,5.305612023331342e-05
embalagem pois,4.265667075539425e-05
loja site,4.417419180819385e-05
conhecer,4.1487894975306455e-05
parceira da,3.9116776473670655e-05
condizente,3.75632258735233e-05
produto com uma,4.639314236976345e-05
houve atraso na entrega,4.185705555485686e-05
mesmo assim agradeço,3.8703245554859905e-05
mta,4.779003986619408e-05
em dias úteis porém,2.6276195189384374e-05
no prazo qualidade,4.4585350455234224e-05
foi bastante,3.5312070778893675e-05
compra na loja,6.137938904155736e-05
que muito,9.401338799609235e-05
um problema de comunicação,2.3707486460731108e-05
no aplicativo,3.9059637141398594e-05
cadeira muito,3.6464554058251497e-05
mas pelo preço,0.00012043898780870362
site tudo,3.442660973137665e-05
final da,3.763889023733505e-05
os suportes,3.7515654759395894e-05
foi boa compra,4.397759990063349e-05
com produto entregue,3.504906847369002e-05
atendimento do stark,3.557685807779385e-05
foto material,4.0897123285705705e-05
velocidade,5.76963873821265e-05
da data estipulada,3.142540668604477e-05
compro neste site,5.3882708095069426e-05
nf veio com,3.4164740440065964e-05
além de receber,3.608414898942866e-05
poucos dias,5.462958451610831e-05
de transportadora,3.464839486715339e-05
comprei nunca,3.57665489946632e-05
mais os,4.35734215736329e-05
com tamanho,5.1909063640114006e-05
foto muito,4.978310940634291e-05
que eu preciso,3.5381206640830666e-05
finalidade,5.620574179170864e-05
que cada,3.268945235455895e-05
entrega foi rápida porém,3.8222798457518576e-05
gás,3.630872183334234e-05
problema resolvido,2.374764282094618e-05
dos produtos adquiridos,4.0447554038393554e-05
de entrega mas,7.293871088244223e-05
encomenda foi entregue,2.9947913899655476e-05
entregou em,8.612804398820396e-05
resto tudo certo,3.864793769637022e-05
mesma embalagem,3.099901289668534e-05
fornecedor nf,2.1587960208483175e-05
atrazo,4.198759624200929e-05
como nas,6.176973451241545e-05
algo de,3.3218957665325546e-05
sido mais,3.106801729381906e-05
certo no meu,3.59834034709495e-05
que eu tinha,5.796347448579359e-05
gosto muito da,3.189768809255774e-05
enviaram nenhum,2.4922868603650085e-05
sistema de,9.94337007180878e-05
bem produto,6.675612801715656e-05
cumprimento,5.4795476964157846e-05
na entrega que,2.9953067270492893e-05
muito pelo,4.52907869755119e-05
tem boa qualidade,0.00010584309349595577
mas ainda assim,3.582585587135584e-05
dormir,7.178207186284126e-05
em duas entregas,3.322723669454899e-05
cores são,3.411760193715478e-05
caqui,4.6058149764548384e-05
tudo junto,5.457361484290983e-05
no prazo prometido,6.660406714104102e-05
embalagem aberta,3.608446801949081e-05
minha escolha,3.0828843054378515e-05
só posso avaliar,3.3000737866552386e-05
excesso,3.0099839723168808e-05
igual ao da,3.838225507299831e-05
fiquei preocupado com,2.6276195189384374e-05
bom só achei,3.6689413460432714e-05
na primeira entrega,2.5711793115272606e-05
peça de,3.272982209404942e-05
de meus,6.526904449583272e-05
da compra até,6.068126470973224e-05
como estava,5.074301608119784e-05
seria maior,3.6697887104277255e-05
neste caso,3.176497889497464e-05
adquiri um,3.215512971367163e-05
tempo só,3.9356053118997394e-05
para minha mãe,3.216998264549001e-05
de entrega os,3.413188350182479e-05
atraso na entrega mas,3.7537142273609076e-05
são ótimos,7.680109498723124e-05
era que eu queria,5.0433279190518425e-05
como mostra,6.028659247892155e-05
recebi tudo corretamente,4.677776731807467e-05
com loja fornecedora,2.1587960208483175e-05
chegou depois,6.0559295576465316e-05
esse produto foi,3.498525391827878e-05
mil vezes,3.148187516252527e-05
um chegou,5.506123910213431e-05
outros pedidos,6.599183885499885e-05
produto chegou com um,3.743925994512568e-05
já comprei vários produtos,3.0146642660981454e-05
chegaram no prazo,5.0380686609522556e-05
ver como,4.295499551171275e-05
cor que pedi,3.2797197959864556e-05
se tratar de um,3.23705076779403e-05
oleo,5.3639041929982414e-05
falando do,2.888887561336067e-05
não venho,3.415382140423167e-05
veio lacrado,3.147910433564732e-05
manual veio,4.473039855209886e-05
aroma,4.569025673643466e-05
que voces,4.5602043832764195e-05
são bem,8.614643498107385e-05
deu tempo de,3.741973447128302e-05
prazo previsto para entrega,3.0528988836742634e-05
cadeira chegou,3.266732316109773e-05
limite do prazo,2.9479377639071117e-05
vindo separadamente,3.06589255697354e-05
há vários,3.4472557322059086e-05
chegou no prazo estipulado,8.07201531293497e-05
nao fica,3.2294438284978344e-05
pelo site das lannister,3.038538990315529e-05
prazo sem nenhuma,3.470976951691779e-05
compra que fiz,8.757456602502572e-05
chegava,4.043153715675527e-05
bastante tempo,5.481502039853497e-05
presentes,3.1881351195990124e-05
viria em partes,2.2328537278295127e-05
vem na,3.4798860909453624e-05
de entrega poderia ser,3.89482571124285e-05
atrasou entrega,7.646444606805667e-05
lojas lannister para,2.9117094836241456e-05
que eh,3.4313633689861417e-05
um jogo de toalhas,3.277547035003532e-05
confusão na,2.9596543851860586e-05
situação de,3.3563023524020165e-05
bem acabada,5.640303664606333e-05
com película de,3.4844608281995744e-05
preciso fazer troca,4.001712636527364e-05
comprar pela internet,5.558730137756759e-05
sempre compro pelo,2.8929310453215185e-05
produto vem em,3.9611803931825154e-05
de lencois,3.080194120666221e-05
sendo cliente,3.117132480103483e-05
original como,5.43924517694179e-05
veio do jeito que,3.269874930716451e-05
com suas,4.217509213522329e-05
santos,3.0194945498208074e-05
de chocolate,3.584610284245715e-05
os tres,3.7336264622463464e-05
são iguais,5.617078186390116e-05
muito da mercadoria,4.0174538789481595e-05
da qualidade da,3.16831682562921e-05
confirmação do pagamento,3.0447896245949758e-05
entrega produtos,3.926588414312877e-05
que vale,3.3700761602350744e-05
nível de,3.008918882648507e-05
diante,5.6231271295707976e-05
tido problemas,2.9761314566665774e-05
montada,3.749214976634328e-05
no tempo determinado,3.483192611003846e-05
da troca,7.124521395853099e-05
até com,3.1636147194222705e-05
antes do prazo espero,2.6914539497144272e-05
estou satisfeito com atendimento,3.3955476637538604e-05
acertar,3.417098429230442e-05
conforme descrito no anuncio,3.399826437803972e-05
acabamento mas,2.6942191434674753e-05
lannister esta,2.903922938331407e-05
americas,9.148447611731606e-05
lojas lannister nunca tive,3.0031114293376322e-05
antes mas,3.4859725790268075e-05
boa tarde só,3.0097186911673368e-05
limite de,4.34754656493668e-05
super macio,4.019779665771704e-05
uns 10,3.1331350469894285e-05
compra eu,3.9356043311000484e-05
fecho,4.924012882251193e-05
ainda foi,3.054283976301106e-05
nem que,4.14143287080647e-05
com cheiro,5.122076162158111e-05
dois produtos foi,3.502470597569857e-05
estreito,3.2026745075312226e-05
porém tive que,2.6984487258147097e-05
demorou mas chegou,5.831834952809178e-05
mas ja,3.176832404557724e-05
nunca tive problema algum,2.9833053243027555e-05
diferente mas,4.3217626215847355e-05
com loja com,3.321682292268151e-05
dia depois do,2.9238188661967498e-05
que poderia ser,4.181067230043406e-05
produto comprei na,3.721992710964356e-05
prazo qualidade do produto,4.050846305902555e-05
por causa dos correios,4.719547578025839e-05
em casa nota,2.3465267330353143e-05
ter enviado,3.0400475483866825e-05
pinos,3.516980666924036e-05
correio loja,3.488914304082985e-05
ocorreu muito,3.7279972523376846e-05
no prazo já,2.7214210748803907e-05
gostei mas,4.499220242190568e-05
alguns dias,7.65111979056698e-05
da loja lannister,5.8359754196839145e-05
que deixou desejar,2.3820726429087465e-05
realizar compra,2.7826972898584067e-05
além do produto ser,3.066389027534844e-05
minha filha está,3.001495488049121e-05
que pagar dois fretes,2.849601572097469e-05
frete um,4.0537013962628974e-05
com meus,3.765796821659942e-05
minha mesa,3.055192334257448e-05
não demorou,3.697075572873379e-05
achamos,3.5406287123791044e-05
só não sei,4.414478114726715e-05
vieram muito bem embalados,4.9989496040441245e-05
americana não,3.4255540859911955e-05
fiquei feliz com,3.848827356437793e-05
entregue conforme prazo,4.111020173895466e-05
ótimo só,4.219876399769779e-05
único problema que,0.00010483250508035132
reclamar foi,2.8196664415758298e-05
pantufa,5.6501555420601255e-05
meus produtos no prazo,4.0149089095212075e-05
parte de baixo,3.345714337804151e-05
do mundo,2.6694636542408815e-05
uso do,5.1398561211070364e-05
precisei,0.00014876895917492343
conheço,7.025621126955965e-05
original veio um,3.3783280280240875e-05
que eu compro,5.210611957094804e-05
veio com valor,3.7335472927785964e-05
mais demorou,2.7830833490130334e-05
em casa para,3.8040594242957245e-05
tempo estimado,3.4323665815445654e-05
como pedido,3.8064496009685886e-05
os preços,3.7239144298000205e-05
ok porém,4.079177455427756e-05
no prazo estimado,3.9343281273065724e-05
fotos do produto,3.452719450440945e-05
entrega nos correios,2.504271012015358e-05
de cabelo,3.0785068871027e-05
entrega loja,2.923841934098661e-05
anos que,3.0200015309995166e-05
entrega também,5.895998407791128e-05
pois tinha,3.343795429929455e-05
veio na embalagem,3.092723640149408e-05
julho,2.5122213558047685e-05
recomendo mas,7.576112560385542e-05
chegou parcialmente,3.06589255697354e-05
quem gosta,3.3368135208216615e-05
um pouco pequeno,4.658469263510274e-05
acabei de receber,3.6632983669761894e-05
estou ainda,2.8084458694985167e-05
sempre chega antes do,2.8819314154127594e-05
de resto tudo ok,3.4186379726793914e-05
meu pedido até,3.038142608701663e-05
atendimento das,3.840947107644915e-05
stark nunca tive problemas,2.8128453976423957e-05
satisfeito pois,5.097891290040788e-05
entregue em casa,4.9915064479916854e-05
que vendeu,3.262360954627297e-05
prazo em boas condições,2.926948946226082e-05
de comprar no site,2.6482334222608734e-05
mais por,6.0852749066843864e-05
ter efetuado,2.9907900599898073e-05
crianças,9.20058735758256e-05
foto descrição,3.368549259897144e-05
compra foi entregue,6.044179109089461e-05
até agora está,3.445243769787332e-05
mesmo sem,2.8084970999465048e-05
entre os,3.643527885415176e-05
secar,4.299130376262257e-05
que esse,3.9563225505958715e-05
lannister pois,6.703701270156387e-05
sugiro,9.060170138401941e-05
respeito pelo,2.8268295700371193e-05
seria uma,2.7421186849568685e-05
ter chegado antes,4.357326703024215e-05
recipiente,4.5845161779390915e-05
nessa empresa,3.061208556387241e-05
mais grosso,5.782853381089416e-05
avaliado,4.539199517425478e-05
ao da foto,0.00010000548951578418
desculpas,2.9945409409584097e-05
sou cliente antigo,2.727204658900389e-05
pelo preço vale pena,4.1645192447696334e-05
no produto mas,2.9786011939930292e-05
dias eu,4.227991434085098e-05
das mercadorias,3.602648181936595e-05
tudo que comprei,6.515081585775246e-05
veio toda amassada,2.805439130380334e-05
na expectativa,2.886875629179727e-05
diferente de,5.609386248969889e-05
aceitou,3.299543762854863e-05
meus pais,3.0149327315960552e-05
rápida só,3.7974780817021946e-05
recebi na data,3.819557066724603e-05
muito mais rápido,3.531991275996046e-05
95,3.395551711651309e-05
emitir nf,2.1587960208483175e-05
por conta da greve,3.8004075793708695e-05
efetuada com,2.782308420834561e-05
presente para meu,3.0511193135525276e-05
empresa com,3.3058024152585626e-05
produtos que eu comprei,2.673789943478952e-05
na quinta feira,2.470444325134768e-05
prazo de entrega eu,2.5750200372484022e-05
suficiente para,4.0917487307182435e-05
vejo,6.58361499540095e-05
um atraso,3.9618653126039565e-05
minha opinião que,5.1917279619782215e-05
produtos antes do prazo,2.4428509518946285e-05
importante para,2.792094016247944e-05
da internet,4.699007379141606e-05
doce,4.408572413598141e-05
cair,4.072997401010131e-05
com descrito,3.879473887501815e-05
não há como,3.0026581954278234e-05
muito dos produtos,3.049561570559609e-05
fiquei extremamente,3.113936662282737e-05
uma cama,2.6411857523579558e-05
meu celular,5.9379713032375645e-05
produto chegou rapidinho,4.6515357330575886e-05
lojas americana,5.080382908935919e-05
quero comprar,3.6860934944273344e-05
pedir para,3.125933397038224e-05
veio correto porém,3.3366043489463074e-05
meu chegou,3.825956585099128e-05
chuveiro,3.0103124414663684e-05
mais compras,2.9207920128969792e-05
para conferir,4.250250034952891e-05
pouco mas chegou,4.774354562612947e-05
windows,5.264849542933968e-05
vocês estou,3.1994990683965865e-05
adequadamente,6.385261456954503e-05
poderia ser de,3.149828260431595e-05
em 01,2.576565261283286e-05
aparencia,3.1954828305146395e-05
pois estava,4.028422595395921e-05
vão se,2.8687892023157506e-05
por culpa do,4.1186287757212625e-05
tenho de,2.7923466814510238e-05
outra vez,3.814971791055417e-05
as outras duas,3.771094485902519e-05
de ter chegado,2.4590026068069442e-05
houve problemas,6.542610287131693e-05
paralisação,6.095558787667792e-05
no dia 29,3.579869871656758e-05
vindo com defeito,2.6841788043782965e-05
quase 10 dias,3.042508079224691e-05
problema produto,3.303559725350088e-05
produto parece ser,7.965129985414889e-05
da pra usar,3.539663626871206e-05
para quem não,2.537018809814994e-05
saia da cama,2.51616776978561e-05
dos correios mais,2.633095231730235e-05
por isso que,3.998395546131189e-05
sou cliente de,2.817171027949306e-05
tudo certo recebi,3.599759021839652e-05
me entregaram em,3.064102535789917e-05
um risco,2.6262527824051045e-05
por comprar,2.9865292251777723e-05
no baratheon sempre,2.8045938943067594e-05
de voces,5.299418407785585e-05
comprei lustres mas,2.2454809345123603e-05
atrativo,6.422392038046939e-05
separadamente em datas diferentes,2.7676865531979832e-05
prazo até agora,3.5084440517292835e-05
loja parceira targaryen,2.5460899214717776e-05
comprei no stark,2.792065077533657e-05
mede,3.0324478390621557e-05
supre,3.119477893598829e-05
terceira vez que,3.096726307741999e-05
comprei com vcs,2.5371114048216405e-05
falta receber um,3.0170135902155832e-05
produtos vieram conforme,2.765571629047505e-05
360,4.4639675241728774e-05
mas compra,2.4727133342358757e-05
por enquanto só,2.2454809345123603e-05
que compro na,2.48957752930233e-05
de comprar nas lojas,2.6234858327284868e-05
cor certa,3.253359432183171e-05
pois ja,2.6039873845910792e-05
na lannister nunca,3.068853639306452e-05
bom comprei,3.6390565677713346e-05
mas fui,2.7276123422618372e-05
de ser de,2.575798544219955e-05
cumprindo com,4.1296260881754634e-05
entrega estava prevista para,6.539831111786808e-05
esperava receber,4.176052040234469e-05
escolhida,4.548192273744179e-05
chegaram juntos,2.4784757642402804e-05
no prazo informado,5.8951423621073196e-05
que demora,5.3197610285979906e-05
acabaram,3.531523100910714e-05
em breve,0.0001320341183328925
mas hoje,2.7900217463145307e-05
demorado mas,3.4248660354107606e-05
muito bom recebi tudo,3.9758219608501375e-05
produto bom porém não,4.75268174432077e-05
vendedor pois,3.17531546884331e-05
entrega mercadoria,5.503587277907493e-05
seus produtos,5.0525373548965226e-05
porque estava,2.4810287246538527e-05
no banco,2.940574218054693e-05
10 anos,2.511839780065212e-05
deixou um,2.5488093969281355e-05
chegou em casa,3.371905491309219e-05
valor bem,2.64969592004192e-05
lacrados,4.827013215391399e-05
na mesma semana,2.757008590963601e-05
acordo com as descrições,2.5731507351859978e-05
satisfeita com qualidade,3.6075213331027556e-05
maior cuidado,2.8673638798069306e-05
entrega tão,3.051886975568818e-05
recebi no prazo estipulado,4.421199642490068e-05
cumprem com,4.090238492409129e-05
funcionando corretamente,5.707097200972391e-05
tudo certo obrigada,5.371107244274648e-05
parte de cima,2.401109447397915e-05
nem parece que,2.46663295691025e-05
mais importante,3.969525830341451e-05
uma loja de,3.320192148000109e-05
ok muito,4.097438257989845e-05
um dos dois produtos,3.617344247856265e-05
preparado,2.566361196793472e-05
que fosse de,2.404597684637312e-05
quem for comprar,3.12556056206901e-05
fornecedor que,2.9969175879035362e-05
poderia ser mais rápida,4.451427263040547e-05
na entrega só,2.3984013660416873e-05
de ser um,3.621428093129185e-05
olhei,2.598392642977037e-05
embalada sem,3.257911656624347e-05
que eu tive,2.571293935350632e-05
pelo vendedor,7.37170724040421e-05
produto original com,4.228844779517483e-05
danificar,3.082817254020854e-05
bem ambiente,3.780246278197101e-05
estava precisando,7.525959291341383e-05
chegou antes mesmo do,2.7365188449297264e-05
imaginava mas,2.5840703641275298e-05
primeira vez comprei,2.6080183216734642e-05
dois potes de,2.1222784516329627e-05
manual de montagem,4.0411037179360254e-05
vermelho chegou,3.3199286951087835e-05
fiquei chateada,3.3823864406882334e-05
correio pois,2.5241595566801626e-05
produto ontem,2.7944325290567373e-05
veio correto no prazo,3.177861749654522e-05
para ser entregue dia,2.779345385129801e-05
entrega em casa,2.4354531778890228e-05
desculpe,2.4049448271585067e-05
bairro,2.5009819537329076e-05
na entrega como,2.6035872606210526e-05
com nunca tive problemas,2.1544692461996115e-05
de entrega das,3.1466679959786555e-05
mas dentro do prazo,4.689404292163453e-05
nos correios para,2.9069814095083693e-05
10 dias para,2.340125046673204e-05
prazo espero receber,2.0388769260299346e-05
de um ano,2.7297718376100522e-05
para buscar,2.8704645090072453e-05
celulares,5.572426274626441e-05
tres dias,3.357733112452623e-05
externo de,3.427854535212329e-05
verificar se,4.519914193262353e-05
um bom custo,3.125954780359696e-05
exceto,5.66372918969589e-05
foi entregue em dias,5.111037123661643e-05
recebi meus produtos ainda,7.007071888349062e-05
que viesse,3.203262371055307e-05
um pouco para chegar,3.5982821929801125e-05
razão de,2.7818429740905347e-05
correio produto,3.4850329108290384e-05
por parceiros,2.4253853512435543e-05
paguei dois fretes,2.3365678954313267e-05
recebi ontem,4.030735562306714e-05
produto que adquiri,2.4329353733928363e-05
frete foi muito caro,7.948294967146746e-05
de moto,3.331104030187504e-05
apesar do atraso,5.302213257126481e-05
através de,5.7157399704958105e-05
estavam com,2.5439641130139997e-05
qualidade tecido,3.962825315228755e-05
previsto só,2.6722382887203323e-05
da impressão,4.1869995274905394e-05
loja responsável,3.4651224397826917e-05
compra nesta loja,2.7636214918333917e-05
levei um susto,2.0744910023969565e-05
na entrega chegou,2.3142385153563464e-05
de comunicação entre,2.3341692657756746e-05
produto chegou como esperado,3.979681235217713e-05
de uma cortina,2.0847325115155675e-05
restante no,3.056301879699575e-05
de acompanhar,3.1159257309251655e-05
bonito entrega foi,2.8990335500661163e-05
prazo de entrega para,4.6642113303447894e-05
recebi pedido no,3.1223937121522515e-05
de correios,2.2457276833608244e-05
do prazo só que,2.7709830332383124e-05
fato de não,3.5538670466418154e-05
no kit,2.7633101134484394e-05
essa foi primeira vez,2.584265137936443e-05
nada mais,3.723532330873121e-05
caro por,2.3852190787392986e-05
aceitável,2.657544647696038e-05
disponível na,2.7304066311636064e-05
só estou,3.563924205594472e-05
bordado,5.620626661871479e-05
veio com nota fiscal,2.8037722362295522e-05
não vão,2.8687892023157506e-05
porque comprei,5.1357334389740076e-05
tem uma qualidade,3.6063628332739866e-05
pagar fretes,2.7198865691598284e-05
uma loja que,4.518808679679528e-05
estou satisfeita com compra,5.3564848827802566e-05
09 de,2.2245009336640068e-05
jogo comprei,2.0845763298638835e-05
para prender,2.6332563078826422e-05
transferência,2.7501341002675732e-05
com pagamento,3.590605395693462e-05
tão boa,4.943536318747858e-05
final do prazo,3.923594332188697e-05
isso mesmo,3.6411775483395985e-05
da forma que eu,3.329868631848549e-05
um dia após,3.9102746991805406e-05
de mais de um,2.315389194259125e-05
site stark,4.1831641883401133e-05
café,7.84024267927854e-05
calculadoras,3.0183869793536792e-05
notebook de,2.8540859736080648e-05
mais claro do que,2.851885395660576e-05
na casa de,3.191257520668005e-05
antes de comprar,3.423907839983592e-05
depois do pagamento,2.447390160294875e-05
que prazo de entrega,2.774481097858048e-05
após confirmação do,2.255964381377407e-05
mas produto em si,2.474065501776397e-05
das fronhas,3.158118172886553e-05
mandou uma,4.529832268662268e-05
na portaria,2.609950947225807e-05
não testei espero que,2.9204331712704715e-05
ainda não testei espero,2.9204331712704715e-05
mais fiquei,2.5114705826296668e-05
carcaça,3.56554541022685e-05
dia 28 03,2.223756485968846e-05
loja boa mas,2.9946012119677014e-05
no processo,5.870267767535913e-05
de muitos,2.3180982051056135e-05
curta,3.9747450683522766e-05
recebido pedido,3.7723179781730435e-05
que entregou produto,2.115858941490584e-05
no meio,2.0937117053429693e-05
personagem,5.828261481807229e-05
dia 14 02,1.901022760040848e-05
caracteristicas,3.126971012012577e-05
sempre compro com,2.746716291997708e-05
26 07,2.1698739618931595e-05
rastreamentos,1.8291740065534786e-05
minha irmã,4.0636681757882965e-05
dentro do prazo que,2.8566757685158586e-05
só queria,3.89544868750765e-05
tapete veio,3.697212439384473e-05
na primeira vez,2.537427537390864e-05
com correio,3.706544665962246e-05
na vdd paguei por,1.9174666238955524e-05
conforme meu pedido,3.322497169884457e-05
estipulado porém,2.6447469423800852e-05
entrega achei,2.569715504392154e-05
iria demorar,2.256364374078863e-05
mas primeira,2.133115171457395e-05
devido falta de,2.3192544180147112e-05
de ter sido entregue,4.049887696448128e-05
manual do produto,2.9993846883537167e-05
esse fornecedor,6.4064211544297e-05
com as especificações,6.227627936964258e-05
que eu esperava mas,4.691247360476893e-05
isso obrigada,3.238080563182831e-05
prazo intacto,3.121527025127044e-05
dias prazo,2.0997728803758817e-05
movimento,2.2210998054711866e-05
que foi feita,2.2719768590625278e-05
queria muito,3.283418465013938e-05
previsto não,2.4984623218644053e-05
bonita bem,3.5787516697432224e-05
acordo com que foi,3.665969462760596e-05
momento houve,2.1729631278614243e-05
funciona no,3.725776939004819e-05
cor bem,4.8159041062750426e-05
mais barato do que,1.9538691756726416e-05
fiquei bem,5.3283498413727775e-05
quiser,5.814731257266022e-05
ainda bem que,3.422981425553893e-05
por um preço,4.350919894297001e-05
rápido não,3.143274382792981e-05
na minha opinião,0.00010170582379267083
pelo consumidor,2.8401734424871807e-05
já segunda vez,2.9708551003976757e-05
com uma mancha,2.4331486730848708e-05
data da compra,3.129014721228452e-05
esta de acordo com,3.3844038468941584e-05
devido greve dos correios,3.738744599391239e-05
não culpa do,2.7408040942247662e-05
avaliar as,2.588343900741272e-05
produtos dentro do prazo,3.0827901835605334e-05
ter vindo com,3.8013909791781574e-05
mas falta,3.1995595499125096e-05
não deu tempo,2.7803703762569157e-05
que comprei nas,2.7562163457365852e-05
mas creio que,2.741910234253822e-05
bom produto só,4.331879010970298e-05
plástico que,2.3554470028566156e-05
colocada,2.406748328299241e-05
chegou com atraso,3.281254840197941e-05
áspero,3.5778697788599006e-05
antecedencia,3.596046559911793e-05
poderia ser melhor,0.00013815907562639634
embalagem foi,2.710775138462035e-05
mas para,4.339594819052521e-05
