,negativo_score
ainda não recebi produto,0.00281007943178057
produto não foi entregue,0.002368663536250701
não recebi meu produto,0.001944429942741469
meu dinheiro de volta,0.0013088037428400003
ainda não foi entregue,0.001290408704769404
até agora não recebi,0.0011412356602524855
até momento não recebi,0.0010577190233845353
quero meu dinheiro de,0.0008594872754448761
produto ainda não foi,0.0008341483337425364
ainda não recebi meu,0.0008265314108234819
produto veio com defeito,0.0008628847253852191
produto ainda não chegou,0.0008026798678408495
não recebi produto ainda,0.0007815860504649374
produto de péssima qualidade,0.0006837916687006671
ainda nao recebi produto,0.0006027844519929504
meu produto não chegou,0.0005749598126769367
só veio uma,0.0005613133289350529
meu produto não foi,0.0005380718092934982
não recebi produto até,0.0005230233721791946
entrar em contato com,0.0005059548354538514
produto não funciona,0.0004959951440151513
nao recebi meu produto,0.000496511052667227
não recebi produto nem,0.0004798642142361328
agora não recebi produto,0.0004762100203038453
não foi entregue ainda,0.0004595761941593498
chegou somente,0.00046969720326510455
momento não recebi produto,0.0004548552540457374
entrei em contato com,0.00050047684173373
nao recomendo,0.00044342953441309403
gostaria de saber quando,0.00042542635069480763
não recebi produto não,0.00042304757135675603
até hoje não recebi,0.00043041430069762425
não recebi meu pedido,0.00041217220634555087
mais de um mês,0.00040651904854056424
não recebi produto que,0.00036465069788919544
não gostei do produto,0.0004004907661378223
gostaria de saber como,0.00036711114240451504
até agora não chegou,0.0003642654279222902
não recebi meus produtos,0.00033942069483480476
um produto que não,0.00035768019016900465
gostaria de saber que,0.000353436162953112
muita demora na entrega,0.00036195938016572016
não foi entregue produto,0.00033739567676348297
meu produto ainda não,0.0003255385245588043
não recomendaria,0.0003431750338410385
nao funciona,0.00033778775924276256
entrega atrasada,0.0003173510494479208
foi entregue até momento,0.00031729467372604216
12 2017,0.0003354628237845042
além de não,0.00031354534544900825
produto que recebi,0.00031542798734276626
não foi entregue até,0.0003106008441153922
produto veio quebrado,0.00030612455088128233
pois ainda não recebi,0.0002991237684844348
vendedor não,0.00034299933342160323
sem comentários,0.00045687549398713075
produto diferente do que,0.00029509170186241577
gostaria de saber se,0.000330767702289968
horrivel,0.00030420779948815246
uma porcaria,0.00028573356199811535
aguardando entrega do produto,0.0002919279262502262
produto nao foi entregue,0.0002847964166149645
não indico,0.00029272296657774843
não comprem,0.00027969493867995585
recebi meu produto ainda,0.0002782824839412649
faltou cadeiras,0.00027649301956998934
já entrei em contato,0.0003084598466086052
uma vergonha,0.00028935228148659314
produto de baixa qualidade,0.0002909724510307527
targaryen não,0.0002942771828300106
não recebi os produtos,0.0002708770954195025
estou aguardando entrega do,0.00027066184666573655
duas unidades do produto,0.0002807675469791241
diferente do que comprei,0.0002799243226744942
ainda não chegaram,0.00026624347362696294
até momento não foi,0.0002653660899333223
já passou do prazo,0.00026169471817542026
apenas um dos produtos,0.0002592967556799756
chegou apenas uma,0.0002589425037624675
cancelei pedido,0.0002636416644795699
esclarecimentos,0.00025331614898014453
só me entregaram,0.00025313504195106684
não confiavel,0.0002527100620456775
estou no aguardo de,0.0002526132235474712
não foi entregue não,0.0002524677401471886
produto veio incompleto,0.0002524444049188916
produto veio sem,0.00029491449471228087
vieram com,0.00026800239116590505
não entraram em contato,0.00024953966383043605
ainda não obtive resposta,0.00025491688512958426
prazo de entrega muito,0.0003834831815030995
da targaryen,0.0003145017761636061
comprei paguei por,0.00024721646682991725
tentei entrar em contato,0.000246202733921601
produto nao entregue,0.00024611545143941063
de entrega muito longo,0.0002769830570250562
veio com defeito não,0.00024534466337273927
providencias,0.0002565540372173979
momento não foi entregue,0.00024428935958846455
um produto não,0.0002496485648151677
um produto recebi outro,0.0002613679083339681
não entregaram produto,0.00026032718690104366
cortina não,0.00023997131055875881
recebi produto até momento,0.00023983741921797749
nao consigo,0.0002478052261981207
tentando entrar em contato,0.0002385389648781597
passou prazo de entrega,0.00023793301968076254
soltando,0.00025201055317780906
comprei dois produtos só,0.00023669263106536993
nao recebi mercadoria,0.00023663235726783217
mercadoria ainda não chegou,0.00023549502168973498
prazo de entrega já,0.00023466301326433204
kd,0.00023464084421124306
que ainda não recebi,0.0002450316277478341
ainda por cima,0.00023389325234352508
somente um foi entregue,0.00023354384376417966
balanças,0.00024825317769969587
quero reembolso,0.0002312346062181917
veio quebrada,0.00026221428919938583
aguardo contato,0.00023003162000534425
prata,0.00026726834273286024
frete muito caro,0.00035064282828488254
produto chegou quebrado,0.00022830642697203635
torto,0.00024283046791335515
não consigo falar com,0.00024508524575552203
produtos só recebi um,0.0002254239609288969
em contato com lannister,0.00022457279132486753
no rastreamento,0.00023817928312382038
uma parte da compra,0.0002242842936547497
mas até agora não,0.00022395402397011648
não recebi minha mercadoria,0.00024172784842355674
ainda não recebi minha,0.00024338873838721233
inox,0.0002697295137831378
não serviu,0.0002462903571336766
não recebi kit,0.0002317172925013346
que não era,0.0002444820448771253
sobre ocorrido,0.00022022684943823396
110v,0.0002321775454970177
até momento nada,0.0002196121070531493
pedido não foi entregue,0.0002292248230653082
momento não recebi meu,0.00022616260960824287
amassadas,0.00021892624088204227
recebi apenas um dos,0.00021868391967226627
das quatro,0.00021785004989562754
estou esperando produto,0.00021722847747810296
comprei um produto recebi,0.0002230378649755531
estou sem,0.00022315371877945113
ou meu dinheiro de,0.00022178243057988304
sobre atraso,0.0002291383100605206
falta uma parte da,0.00021502686394484627
recebi produto que comprei,0.00022312088096364661
produto não recebido,0.00021452701398082887
uma falta de respeito,0.00022520740704027779
aonde,0.00022302012210723474
não recebi produto estou,0.000220410660530336
de plástico,0.000357202404286689
péssima loja,0.00021273582292835995
tubos,0.0002125050939610784
não recebi minha encomenda,0.0002193511326466797
produto estou aguardando,0.0002181419720410721
prefiro,0.00024806211959071153
recebi apenas duas,0.00021137161940168374
estou no aguardo do,0.00023808916229873587
estou muito chateada,0.0002092026539510288
mouse,0.0002525813194679634
um kit com,0.0002089382110181972
produto não tem,0.00024574562605042007
entrega errada,0.00020720840753211915
produto foi entregue porém,0.00020716739467526994
mais de 30 dias,0.00021545563246198304
de nada,0.00020707809597259416
em contato com loja,0.0002459578192932351
de respeito com consumidor,0.00020703656112327503
não consigo contato com,0.00020700099766054092
ficando,0.00022641269367389401
nada de chegar,0.00021569801718954157
comprei duas unidades só,0.00020650621789158142
12 17,0.0002113668008321695
imediatamente,0.0002307871510025993
eu não recebi produto,0.00021314136945151192
pedindo,0.0002272896106420021
está quebrado,0.00020564901725146924
peças não,0.00021279179832869424
pra receber,0.00022962707234620497
original recebi,0.00020504494218152324
falta de compromisso,0.0002046596263750331
mais de 20 dias,0.00020465828059631252
problema não,0.00021918652201382698
dentro da caixa,0.0002607585003349077
qdo,0.00023309398341808706
foi entregue apenas uma,0.00020393904314142187
mais rápido possível,0.0002166713188266605
recebi somente unidade,0.00020388284931319566
compra foi cancelada,0.00020372606591740656
devolucao do,0.00020357841186102128
por email,0.0002415254714546049
vieram apenas,0.00020170400929915696
que não foi entregue,0.00021489860687366725
dois produtos só recebi,0.00020049927504775845
que loja,0.0002548922000849632
produto inferior ao,0.00020032033230770583
01 2018,0.00023165647415418275
pedido um,0.00019978518820855994
só recebi 01,0.0002054533759532495
estou tentando entrar em,0.0001984511367574497
queen,0.00021441724736829268
não tenho como avaliar,0.00022147253286840777
de respeito com cliente,0.00019771407679486386
está demorando muito,0.00019724143671740726
ninguém entrou em contato,0.00019717493252808868
estou muito insatisfeita,0.00019673996668478105
produto até agora não,0.00020647074305383235
estou no aguardo da,0.00021883700562803872
comprei quatro,0.00023299796907144172
fora da,0.00021536969147266705
eu estou tentando cancelar,0.00019574077709782044
estou tentando cancelar faz,0.00019574077709782044
faz tempo devido valor,0.00019574077709782044
do frete muito abusivo,0.00019574077709782044
devido valor do frete,0.00019574077709782044
tempo devido valor do,0.00019574077709782044
cancelar faz tempo devido,0.00019574077709782044
tentando cancelar faz tempo,0.00019574077709782044
creme,0.0003518783018324971
uma replica,0.0001952072282230129
produto não chegou ainda,0.00020796736225586342
mas na verdade,0.0002140137928614203
eu recebi produto,0.00023672899590609936
não entrou em contato,0.00019429733414871937
demorou muito entrega,0.00021382434980432954
cadeira veio,0.00020812662710346052
só me enviaram,0.00019344291366920946
pra mim,0.0003687295873050247
não tive nenhum retorno,0.0001932954898045565
passou do prazo de,0.00019321640751589902
produtos recebi apenas um,0.00019318186968913826
produto ruim,0.00019314920252830152
sem retorno,0.00019304095593046142
apos,0.00023435154174822437
capa não,0.00021438659629621022
não gostei da qualidade,0.00019950307817744026
manchado,0.00019755749867588843
de celular,0.00022493608821544072
faltou uma,0.00022496495733817395
não recebi produto correto,0.00019054619408816558
não recomendo ninguém,0.00019026914516583036
detestei,0.00019025030542314794
não recebi produto comprado,0.00019010173537535637
uma réplica,0.00019681020004014293
não deu certo,0.00020118568672421628
não obtive nenhuma resposta,0.00019986815451878188
de péssima qualidade não,0.0001893028783659407
com quem,0.00019586858154293314
porém na,0.00020002712175833004
pois não recebi produto,0.00018874907358780815
um produto veio outro,0.0001887072508743082
comprei duas unidades do,0.00018841615485866442
peso,0.0002611849138560007
não cabe,0.00021249375007605738
dentro do prazo porém,0.00021965542238167618
está em atraso,0.00019519638232873165
apareceu,0.0002112921331411851
prazo de entrega não,0.00019478740417808
cabo de,0.0002444563805764413
onde está,0.00018673837355028485
demorou muito para chegar,0.00019807444503535475
relógio não,0.00022473591153415997
entrega nao,0.00023645306498477854
não me enviaram,0.00018629735095350276
valor do frete muito,0.00021831276336978459
querro estormo,0.0001857227972945397
um até,0.0001856245797379169
me entregaram outro,0.00018524647624047343
não gruda muito,0.00018522173182265026
transparente,0.0002712128223772969
pedido entregue incompleto,0.0001847777917881598
comprei dois produtos recebi,0.00018467848264985085
produto avariado,0.00018445366084894548
não cumpriu com,0.0001841002338901128
não recebi produto já,0.00018399903860309233
veio totalmente,0.0001910066596158421
entregue porém não recebi,0.00018363504676789967
não recebi nem,0.00018349265802643285
so recebi uma,0.00019593881895644803
sem produto,0.00018312895416341444
comprei produtos recebi apenas,0.0001824386082776374
não chegou no prazo,0.0002053974356931484
não foi enviado,0.00020302414805163202
não foi entregue no,0.0002254744108342695
aguardo providências,0.0001818625146777368
informações sobre,0.00021873466468530522
antes do prazo mas,0.0002719609841007018
eu ainda não recebi,0.00019363923389176604
duas unidades recebi apenas,0.00018102979207731387
veio na cor errada,0.0001856201539486357
são dois,0.00018025904540827872
péssima entrega,0.00017999595037697453
já abri,0.00017996924235660187
quero saber como,0.00017990739714985254
produto péssimo,0.00021054255975297547
notícias,0.00017974267898665207
pq não,0.00021929723682637028
duas peças,0.0002194333255363769
tinta preta,0.00019266930553550143
chegou todo,0.0001908631516999769
na nota veio,0.00017945320298737782
outro kit,0.00017922641322952392
ainda nem,0.000179050027657634
devolução do meu dinheiro,0.0001786944393528038
até presente data não,0.00018498149627551127
odiei,0.00017808988375658436
mal acabado,0.00018610068446987298
merda,0.0001768662418826214
dentro do prazo mas,0.00024282339154119929
comprei duas luminárias,0.00017661988531486386
material do produto,0.00021068277342720944
aguardo de um retorno,0.0001764277178929649
comprei nao,0.0001892337778201397
paguei duas,0.00017617666301561038
varão,0.00018943859574792527
preciso do produto,0.0001758592474134952
dificuldade na entrega,0.00017581889152257273
so veio uma,0.00017572240928203208
diferente do que foi,0.00017565100462795416
dos produtos que comprei,0.0001755603113898851
qualidade muito ruim,0.00017532788514610384
não tem como avaliar,0.00017506242736174693
quando chegar,0.00017498037714688632
abri reclamação,0.0001748344412893727
estou aguardando solução,0.00017461804714894222
caso não,0.00018251906022715317
recebi meu produto não,0.00017434206209388049
produto relógio,0.00017411801664337533
dia ainda não recebi,0.00017393416715321728
agora não recebi meu,0.00017373103626372205
não respondem,0.0001735503263606606
zíper,0.00021453874000747648
bebe conforto,0.0001730482985434687
quando eu,0.00019833092964052733
resposta de,0.00017871073524571774
meu produto veio com,0.00020240784092190808
somente 02,0.00017254420670909546
diferente do produto,0.00017785287972980004
unidades do produto só,0.00017204357646975204
entrega ainda não recebi,0.0001799189083124394
por cadeiras entregaram apenas,0.0001715153532435499
paguei por cadeiras entregaram,0.0001715153532435499
recebi um dos produtos,0.00018832887071463391
produto quebrado,0.0001713824546589211
chegou outro,0.00020133609790247878
recebi produto diferente do,0.00017117132212118088
paraguai,0.00017102353575075002
fosse melhor,0.0001925577024555129
atualização,0.00021585441572680796
média,0.00023323756953682733
já expirou,0.00017038567855987154
acabamento ruim,0.00018440151515767593
ainda estou aguardando entrega,0.0001701374305721906
skate,0.00019870719544689067
que ocorreu,0.00018542715922713194
estou aguardando uma resposta,0.0001697561715112364
preto veio,0.00019386993625928193
da outra,0.00016937379620000808
mercadoria não foi entregue,0.00016928667746494367
não chegou nada,0.0001688339635248601
no pacote,0.0001848979783331167
só me foi entregue,0.00016849769724068853
são paulo,0.000185598443716347
comprei um controle,0.00016829907480576427
falta dois,0.00016828601142596152
fiz uma compra de,0.00017383163396279266
ainda nao recebi meu,0.0001676403606133044
recebi meu produto nem,0.00016756330274856005
pedi um produto,0.00016727036945745225
mas até agora nada,0.00016710131119415482
consigo entrar em contato,0.00016705814748353432
comum,0.00018853912802612596
porém não recebi nada,0.0001666574332573823
credibilidade,0.00018145201871302478
de outra marca,0.0001731742200329135
cobrando,0.00017899656296351663
produto faltando,0.000165733718311394
comprei duas cadeiras,0.00016564367735223464
pela foto,0.00019476655277431864
até momento produto não,0.00016560952755710712
atendem,0.00017929484665010883
produto que eu comprei,0.00016510666042547387
ainda estou esperando,0.00021594848395640667
bom dia ainda não,0.0001803764565479826
demora demais,0.00017640933247407107
unidades recebi apenas uma,0.00016468071552576128
2016,0.0001920350404236523
entraram em contato para,0.00016428977132729405
material não,0.00020264241881520705
presente data não recebi,0.0001638391271631875
comprei um relógio,0.00018502507878945753
foto do produto,0.00018289263852067233
eu vou,0.00017208959581552832
das três,0.00016917711991691403
já passou prazo de,0.00016364362537776703
de 02,0.0001719192523067293
me entregaram apenas,0.00016319426597591823
nao gostei do produto,0.00016316902529749441
agora como,0.00016314773653222417
fiz cancelamento,0.00016914631720229775
entregar produto,0.00023311275090075892
produto enviado,0.00025483304673012833
indignada,0.00016207393415306978
de saber quando vai,0.00016192789280752262
solicito providências,0.0001616035508331003
produto não está,0.00016156438752598792
um produto diferente do,0.0001680403281179972
nao recebi minha,0.00016147567457209215
frágeis,0.00017497595883174624
esteira,0.0001745278959903412
cartucho não,0.0001610140992406578
fiz compra de duas,0.00017398310882057796
cancelar pedido,0.00018054404585515278
produto vendido,0.00016065380492616895
na entrega não,0.00016050414292141736
recebi só uma,0.00017532373156454447
grave,0.00016021460193970974
modelo diferente,0.0001602039491350804
uma mercadoria,0.00016558290299220358
se vai,0.00015951410315940645
produto mas não,0.00017268870828939507
era uma,0.00017377236614703377
não dão,0.0001722684186256027
não recebi ainda produto,0.00015907630210776396
para entrega do produto,0.0001588833856850459
nem mesmo,0.00016629523949587103
nenhuma explicação,0.00015886898570458645
cancelei produto,0.00015877627757490074
comprei um modelo,0.00015864489234027157
chegar meu,0.00015848167538307523
nem satisfação,0.00015835508767341364
uma capinha,0.00017883829757341639
taças,0.00015822506576838036
um produto original,0.00015819516539184746
versão,0.00015815914103681398
presente de natal,0.0001894264329998078
pecas,0.00015805130406831267
já que,0.000225459383870968
paguei produto,0.00016622339552705253
difícil de,0.0001899361047196857
cx,0.00017070893117187894
não estou conseguindo,0.0001853195812074882
sendo que na nota,0.0001573946770901603
comprei duas capas,0.0001572840775780022
duas das,0.0001572158572624955
na cor branca,0.00016492784743002333
na mesma loja,0.00015694702653650994
pelo atraso,0.000156829528450769
irá,0.00018608864196321268
na descrição do produto,0.0002502859949198818
veio outra,0.00018578691933026105
bonito mas,0.00022499393946817146
outra unidade,0.00015641427970425873
demora para entrega,0.00015640061172050122
não parece,0.00016645169806086383
relogios,0.00019239010940066444
que relógio,0.00017459708221815494
deve ter,0.00020212446771986496
recebi item,0.0001561462017550873
de cartuchos,0.00015608548886769275
preciso resolver,0.00015606242293092333
preciso trocar,0.00017662855564493378
recebi produto até agora,0.00015593769134635317
não chegou produto,0.0001558409397543603
recebi cortina,0.00016726199925948005
eu fiz pedido de,0.00015560077384281149
na pintura,0.0001621325872178666
ainda recebi,0.0001884008039020442
só quero,0.00015532194407542123
não respondeu,0.0001553031173573092
paralelo,0.00017430997986708562
solicito cancelamento,0.0001550452960250506
até presente momento não,0.00016858417301908056
película não,0.00021294259228979445
mop,0.00015495942673202185
vergonhoso,0.00016325349905911828
produto foi entregue com,0.00017754492385637177
tô aguardando,0.00015462673925712835
no valor de,0.00016233483437992174
ducha,0.00016867448302874746
cadeiras chegou,0.0001544494726474045
veio errada,0.00022025107865814922
recebi entrega,0.00016263460957092134
entrar em contato para,0.00016704212276088344
recebemos somente,0.0001539873874029109
que produto era,0.00016011563404922928
que mesmo,0.00020424349317365806
vazia,0.0001533711144262907
troca não,0.00015326078529078355
medio,0.00015322900261202668
algo que não,0.00015304975666409395
foram pedidos,0.00015303823635712968
me enviaram produto,0.00015292412160274938
não recebi quero,0.00015289240363068222
de onde,0.00016884799270226565
só recebi as,0.00015269244951540708
apenas chegou,0.00016868528785015998
passei,0.0001925254736243558
sem qualidade,0.00016441633448761886
até hoje nada,0.00015214516225289925
jamais,0.00016121192329890475
que buscar nos correios,0.0001788827370616242
no local,0.00016424173902496498
nao recebi produto ainda,0.00015193065074243318
paguei não recebi,0.00015185924462209318
meu produto está,0.0001516200733649745
dupla,0.00017649518188939388
da situação,0.0001513827660416265
produto de má qualidade,0.00015120194337120638
produto mal,0.00016272534673177893
produto totalmente diferente do,0.00015078828868053765
de plastico,0.00017812456127010842
não foi resolvida questão,0.00015048190421938283
unidades recebi somente ainda,0.00015048190421938283
recebi somente ainda não,0.00015048190421938283
14 unidades recebi somente,0.00015048190421938283
ainda não foi resolvida,0.00015048190421938283
somente ainda não foi,0.00015048190421938283
comprei 14 unidades recebi,0.00015048190421938283
suporte para,0.0001664836770128538
com site,0.00018782291924387712
que produto foi entregue,0.00016846173232514086
produto não recomendo,0.00016414681362752107
só recebi um produto,0.00015012575072733861
até momento recebi apenas,0.00014991394482641665
quase mês,0.00022590800933072828
de atraso na entrega,0.00014981116613595416
de meses,0.00017160337136437707
pra ninguém,0.000149677780310646
produto agora,0.00014957020852538911
os lençóis,0.0001492248348002437
de receber produto,0.00019397568246691898
fornecedor não,0.0001491085440721219
totalmente errado,0.00014906625249846072
até agora não tive,0.00018669529637957218
nao recebi produto nem,0.00014898278441110408
estou aguardando outro,0.00015923741187392725
não teve,0.00015725199922027864
esta como,0.00014859797499765627
chupeta,0.00014847091260677272
minha reclamação,0.00014831100773463586
diferente do solicitado,0.00014801360427717106
vendem,0.00015846694940173554
produto está com,0.00014785085119818322
tem muita,0.0001478224423397976
diferente do que eu,0.0001544886818950211
não entregaram os,0.00014772119880244837
meu produto que,0.00016761536105130092
não foi entregue quero,0.00014752391958679535
estou aguardando meu produto,0.0001475143724460627
não vieram,0.00020175908768347837
genérico,0.00014742816030291874
compra já,0.00016870086488865308
produto de pessima qualidade,0.0001472301872571753
um pneu,0.00014687149009574152
do fornecedor,0.00021017177035694652
na agência dos correios,0.00015935530766647733
qualidade do produto não,0.00014670781193800236
no cartão de crédito,0.00014670471722338975
estava quebrado,0.00014667203483847776
chegou as,0.00014643373982099953
nada até agora,0.0001464331055513413
portas,0.00015588052122388714
não tive nenhuma resposta,0.00014610655774650443
mas veio com,0.00019279068954140968
comprei unidades recebi apenas,0.00014597073854824804
meu produto nao foi,0.0001459283019462012
encomendados,0.00014575867126440927
nao era,0.0001457046751748926
sem opinião,0.0002271974239628358
caneleira,0.00014558709333752244
email não,0.00015150606859017118
muito pequena,0.00015476569448782403
estou espera do,0.0001450456187519454
um dois,0.00014502849004699412
uma bosta,0.000152881793768071
aguardo produto,0.00017416820656864524
esta faltando uma,0.0001449381092656427
todo quebrado,0.00014479668763417612
como devo proceder para,0.0001564071921736643
desapontado,0.0001445723143473458
não recebi este,0.0001445217106941638
não recebi produto no,0.0001513508446577556
com defeitos,0.00014425220632299454
aguardando receber,0.00014424220302681792
retorno para,0.00015620501234374086
com as lojas lannister,0.00015557897288701614
solda,0.00014406950949734512
não recebi relógio,0.00014405139489823463
to esperando,0.00015196553173157706
comprei um produto me,0.00014400059403704734
presente de aniversário,0.0001439888476387051
mais agilidade,0.00015505026802953352
vidro de,0.00014385570836289528
produtos só chegou,0.0001436914941406166
uma nota fiscal,0.00015105113501265102
muita demora para,0.00014345267204143966
para instalação,0.0001647909088379052
totalidade da,0.00014327538063335838
postar,0.0001599358878683413
uma mochila,0.00020941079709579002
colágeno,0.00014259375101650286
recebi um produto diferente,0.00015765173877337074
mas comprei,0.00018351104159637006
desapontada,0.0001425505847896552
sem funcionar,0.00014922671909098378
de retorno,0.0001423622232057721
me entregaram somente,0.00014229904640985645
um controle remoto,0.00014227209004949196
péssima compra,0.00014222203911255007
outro totalmente diferente,0.00015306221186881845
no site diz que,0.00014210654065474675
dois pneus,0.00014198265574652094
não veio como,0.00014182833299019335
código de rastreamento,0.00018113536867257792
prazo de entrega era,0.00014651338683963514
perto,0.00017083793864784924
uma garrafa,0.0001525145176088624
do aparelho,0.00019825485577832773
espuma,0.00015353198342627798
veio só uma,0.00014958288033500072
produto não veio conforme,0.0001512986944642295
para resolver problema,0.00014080968186924785
faltou um produto,0.00018843287415751782
cada uma,0.00014578375545272514
falta não,0.00014073874844864841
para ar condicionado,0.00014073761486143075
ao invés de,0.00019910157911264911
com elástico,0.00014661678454419235
mas não chegou,0.0001481437473137686
enchimento,0.00014718807573328341
produto demora,0.00014035024704732983
reembolsado,0.0001403449457440864
relógio veio com,0.00014031830570301957
avaliar loja,0.00014025274813179675
aparelho não,0.00015225022977043221
nao consegui,0.00014023407567984267
minutos,0.0001484129769379161
de entregar,0.00019959827540138504
foi entregue um produto,0.0001395527350687422
não recebi produto completo,0.00013948748179028973
mas quando,0.00019133789069717997
que comprei paguei,0.00013934497868924012
gostei da qualidade do,0.00015220976925431855
apenas produto,0.0001391992426027825
alicate,0.00013907822467670167
não foi entregue na,0.00016442381022736238
continuo no aguardo,0.00014679151877495074
eu avalio,0.0001384308642151775
eu cancelei,0.00016591577586694156
por um produto,0.0001548621003678612
produto ate agora,0.00013834289362275062
acompanhando,0.000138324499245737
compra no site,0.00017913726359350374
produto não chegou no,0.0001382379437863433
deixa muito desejar,0.00013820359438620415
deu satisfação,0.00013813856079234976
produto indisponível,0.00013812281369843528
chegou amassado,0.00014597452902729866
mais ou menos,0.00015503781390785077
produto nada,0.00016273216561877988
paguei pelo frete,0.00015572037976724164
mesmo assim me,0.00013760107161544244
infelizmente nao,0.00013734602960889053
mosqueteiros,0.00013718820440188043
entrega parcial,0.00013718248843743336
motivo do atraso,0.00014664707852294161
bom dia não,0.0001445536730402271
kit veio,0.00014728097058614982
produto ficou,0.0002132940671422551
perdido,0.00016666248975192034
chegou errado,0.00013665419920863732
dois pedidos,0.00014591123245357872
as cores,0.0002469753640645855
compativel,0.0001364965408399783
veja,0.000145074884297839
so recebi estou,0.00013641749411643506
pequenas,0.00018955733540915762
um dos produtos não,0.00013635961063471587
formato,0.00016199943595256546
sobre produto,0.00030315214851610816
veio mas,0.00013619431457553952
recebi apenas uma unidade,0.00013613041470473823
esta demorando muito,0.0001361110315748501
receber outra,0.00014964229502462988
comprei fones,0.00013574471792304592
de couro,0.00016619061742716263
veio sem embalagem,0.00013566918928103002
eu encomendei,0.0001623738897380058
dois produtos veio,0.00013535526444742883
vazando,0.00020375928371964798
falsificado não,0.00014148949090715663
comprei unidades chegou,0.00013522178652177608
produto muito inferior,0.00015325715860104111
não funciona não,0.0001347856245370236
porque ainda não,0.00013474329122855667
estou bem chateada,0.00013468803006876646
até momento não tive,0.00013466618335251327
dessa loja,0.00020591882899929827
entregaram somente um,0.00013457924024134989
muito menos,0.00014764679105092876
produto muito fraco,0.0001548322097433037
itens porém,0.00013444180038254977
adquirido não,0.00013433845239122633
preço cobrado,0.0001342916564938067
bom dia recebi,0.00013425204039515132
porém veio com,0.0001342350217409473
fiz pedido de produtos,0.00013416737687629092
tentei cancelar,0.00014164205679782904
prazo de entrega ainda,0.0001338992392305581
fora de,0.00015713510942511456
saber quando vai ser,0.0001336823373002775
de outro modelo,0.00013366290053699125
na propaganda,0.00015651030913629654
frágil não,0.00014667215874777923
para presentear,0.00018060109576052406
que na nota fiscal,0.00014687315725482356
whey protein,0.00013331594125047885
fiz pedido de duas,0.00014615844908684846
número de,0.00014671222142951412
dois entregaram,0.0001331593093963494
ocorrência,0.0001461746125208962
2017 até,0.00013314574016744582
compra em,0.00016873723148656144
meu cartão de crédito,0.00013305901459060993
de luminária,0.00013293748610894562
não comprarei mais,0.00014189163084768404
faltou protetor de colchao,0.00013282909484782865
pedido foi entregue parcialmente,0.00013270132734458716
produto veio avariado,0.0001326856149878489
no aguardo de uma,0.00013264432569594893
tapete não,0.00013246849645745634
gostaria de devolver,0.00014782424464828485
em pé,0.00013982675243798842
não confiável,0.00013242745238376986
produtos veio só,0.0001323511766027623
toner hp,0.00013234847171116653
não vai,0.00015285819454524644
nem resposta,0.00013232218081533803
recebi produto até hoje,0.00013849203810711698
modelo que,0.00014655111952131524
bicicleta,0.00016283179356653396
somente toner,0.00013189479437860193
quantidade errada,0.00013180534311483825
entregues as,0.00013175426115988057
motivo da,0.00013173320109428132
mandaram produto,0.0001317211715328557
na empresa,0.00013772164578306617
que ela,0.00015211276813465667
caixa veio,0.0002293128988255447
que mercadoria,0.0001434434979431725
unidades só chegou uma,0.0001314448079531276
momento produto não foi,0.0001314155572265957
somente agora,0.00013138434304163724
do produto foi entregue,0.00013900515622433958
foi comprada,0.00014609928241967696
não deveria,0.00016000362535543254
conprei,0.0001310025262265901
produto não chegou não,0.0001309551850428024
fiz um pedido de,0.00015075952290515354
mensagem de,0.00013973543266007244
quando receberei,0.00013799206068541378
saber sobre,0.00013802829998989496
só recebi um item,0.00013080092366053243
descascando,0.00014143175304793482
atraso dos correios,0.00014779517273374876
presente momento não recebi,0.0001304995367991467
veio incorreto,0.00013048723232138835
produto ainda não entregue,0.00013041966427526118
um lustre,0.00013800183452376274
dificultando,0.00013029964305664359
meu pedido não foi,0.0001403575015757737
um dos cartuchos,0.00013023460675622012
não recebi resposta,0.0001301895574661544
incompletos,0.00013018543930875436
não recebi que comprei,0.000130131255382876
comprei não recebi,0.00014207396575888578
pois produto veio,0.00013531525226178744
recebi um cartucho,0.0001300069173749526
vez não recebi,0.00012988901015017457
que eram,0.0001411952826283348
não chegou em minha,0.00013782651253653217
orientações,0.0001297814184897963
falta de atenção,0.00012977693080036383
parcelas,0.00014421046936509906
não muito bom,0.00015297522255858212
não recebi até agora,0.00012961711315500016
produto diferente do anunciado,0.00013660995518151317
pedido entregue porém não,0.0001295820434549701
site acusa pedido entregue,0.0001295820434549701
acusa pedido entregue porém,0.0001295820434549701
faltaram duas,0.0001295266863317561
compra foi feita,0.00014711002115006777
capa veio,0.0001414740158360455
foi entregue mercadoria,0.00012948267185198536
pensar,0.00013613574060918212
meu produto veio errado,0.0001460927380308302
nao recebi ainda,0.0001294174795209024
produto não bom,0.0001374086989094566
produto pago,0.00012922853203062304
qual eu,0.00013521486178678333
produto uma,0.0001736075053793155
com cabo,0.000138610888361006
mas so recebi,0.00014241256412259775
ruim com,0.0001288431223646602
descaso total,0.00012870705643075917
deveria dar,0.00012868042572573656
uma resposta sobre,0.0001286196398187334
so chegou um,0.00014651272773864662
chegou em minha residência,0.00013642423157204063
produto não chegou até,0.00012849026941348768
diferente do pedido,0.00012825660318334053
produto usado,0.0001345338442754264
comprei dia,0.00016056898070000692
outro pois,0.000128119859650461
costuras,0.00015255611344878247
recebi apenas um produto,0.00012809837540085292
para não,0.00021715865877008732
nao posso avaliar,0.00014063751543336135
outra veio,0.00013321180903734943
não recebi produto mas,0.00012796915765094072
feia,0.00012791567804638736
na quantidade,0.0001277939116653725
so recebi 02,0.00012775830774527098
quero uma resposta,0.00012756234178875616
intem,0.00012754779507153006
um produto foi entregue,0.000127424136215034
não compraria novamente,0.00013619406496241603
comprei conjuntos,0.00012726844762016943
ate agora não recebi,0.00012724956231876413
para reclamar,0.0001783146265775877
recebi produto ainda não,0.0001270902743498985
produto solicitei,0.0001270857580438768
entrou em contato comigo,0.0001707905340055963
além de ter,0.00014852394396283524
resolução do problema,0.00012686357499964852
quando vai ser entregue,0.00012682592913694415
comprei dois só,0.00012681422907342944
aguardado,0.000126778940858758
vou devolver produto,0.00013419562133879724
não consigo entrar em,0.00012666235699106932
estou aguardando os,0.00015392863907315438
nao me deram,0.00012654913026756065
fiz compra de dois,0.00015259583833861508
não entendo,0.0001471208756209108
até agora não me,0.0001264072922666736
duas unidades de,0.00012640536896361848
não liga,0.00012627089757935516
um cabo,0.00014948016352199291
não entregue no prazo,0.0001261439888584517
não foi entregue estou,0.0001260742757625238
agora que faço,0.00012601695820505857
ainda não recebi mercadoria,0.0001259871394058771
fui buscar,0.00013264906601060945
dos itens que,0.0001336491204606819
trocar ou,0.00012581782319846357
contato para saber,0.00012581139346800203
que problema,0.00014712945878986498
problema com entrega,0.00015086383951674727
ate hj,0.00012555554420392152
gostaria de saber porque,0.00013343275789997472
comprei frascos,0.00014287910092139223
como sendo,0.0001254442175441482
liguei pra,0.00012543745570394696
até agora não obtive,0.0001335860082807263
no correios,0.00017200755291002482
sabor,0.0002802742049841875
ainda estou aguardando produto,0.00012525416703824255
100 poliester,0.00012525409494536948
entregaram apenas um,0.00012522984487060325
para montagem,0.00013156633435389785
três produtos recebi apenas,0.00012517214272898393
mal feito,0.00012510580332356582
comprei as,0.00013226814902531593
comprei memórias só recebi,0.00012494351990972841
no dia 10,0.0001440185746209681
jogos só,0.00012487339644044876
vou aguardar,0.00013115989204135763
entregue estou no aguardo,0.0001245577717826561
recebi apenas estou aguardando,0.00012452023656420617
não chegou na data,0.0001243992776160655
reclamando,0.0001364647058943116
de marca,0.00013067499888178884
não recomendo não,0.00012421452382867262
questionando,0.00012409843925291456
comprei saias,0.00012398617108530044
prazo era até dia,0.00012397100348142612
cadê meu produto,0.00012393638064662262
foi entregue somente uma,0.00012393047047995457
muito forte,0.00013335605308796979
conseguiram,0.00012388526927675935
recebi produto com defeito,0.00012377122016961857
eu fui,0.00012366369203151498
produtos completo,0.00012364309961872348
outro estou,0.00012363593226186783
não tem nada ver,0.00012354316020909956
esterilizador,0.00012991993900069275
ainda não consegui,0.00012338172159919196
dias não recebi produto,0.00012326429853143285
vcs não,0.00013176527941403013
diz que foi entregue,0.00012321334547425101
ficou pequena,0.00012988770960371352
mandei mail,0.000123071764775898
não mandaram,0.000123046686521024
produto foi comprado,0.00013777781747221807
produto foi entregue parcialmente,0.00012293338591958395
canal de,0.00012291071862228383
não recebi produto por,0.00012285944402108591
saber como faço para,0.00012282265271386006
devolução não,0.00012275461687759258
que quando,0.00012268631311889404
para cancelar,0.00013740613730201475
produto mais de,0.00012261591495556418
loja porém,0.00012261251714747092
chegar produto,0.0001306652170084752
entregar outro,0.00012234002759094485
comprei travesseiros,0.00012232173266850903
impressora hp,0.0001223085411458523
cadeira não,0.00012204992537324343
ninguém comprar,0.00012203878485429753
em contato com empresa,0.000128864107869866
na cor azul,0.00014453803354717002
ate agora nao recebi,0.00012187067112296949
nem uma satisfação,0.00012184742828590369
quebrou,0.0001807546161395404
fui informado que,0.00012830807141610208
pessimo atendimento,0.00012178798814728868
como fazer,0.0001446186862076295
que são,0.00016995877541872866
que produto fosse,0.00013872477596823878
perfume não,0.00014170863974012504
lannister sobre,0.00012165226608735734
infantil,0.00018008781480381106
senhores,0.00013384025611088598
comprei duas unidades recebi,0.00013677260147207726
produto chegou pela metade,0.0001213871266525525
unidades do produto recebi,0.00012137158039436655
apenas um quero,0.00012137043109937713
terceiros,0.00013663162283203984
péssimo serviço,0.00013590939383411485
no dia 04,0.00012818612091328386
mais no,0.00015996983798985913
recebi somente uma unidade,0.00012113324640895344
prateleiras não,0.00012104989129886578
fiz pedido de dois,0.0001208562885347604
estou muito insatisfeito com,0.00012073397376818138
produto chegou mas,0.00014449814708816428
dias da compra,0.0001207029748134547
não sei como,0.000130313752305103
parece não,0.00012062234486370369
que não tinha produto,0.00014214565501308534
apenas dois,0.00016276529071539419
faixas,0.00012052556550587537
relogio de,0.0001473033838015381
totalmente diferente do que,0.00012621146221320569
problema no,0.00014347162331510672
no site das lannister,0.00015415564277661116
veio rasgado,0.000138137334053725
como faço para receber,0.0001201102634958134
veio diferente do que,0.00012007031250122763
não quero mais,0.00012004917451330572
assim que receber,0.00012004747026703446
está muito atrasada,0.00012002740686932474
comprei produto com,0.00012726964989903767
dourada,0.00014830935208193864
já faz mais de,0.00011991354656402806
ultima compra,0.00011990792729347402
pela demora,0.00012708613605445703
produto que chegou,0.0001363308903431932
meus contatos,0.00011984346099095445
todo amassado,0.00011984000079740325
meu produto veio faltando,0.00011981418794556744
produto que veio,0.00015919851195572008
material ruim,0.00011974690479112463
momento produto não chegou,0.00011972935351487256
veio aberto,0.00011972073409008822
aguardo um retorno,0.00011963524219543835
ate momento nada,0.00011961403109534365
venda de,0.00013448349531772964
não recomendo produto,0.00012648273819810141
ja mandei,0.00013177320020861112
produto entregue não foi,0.00011945138774272132
paguei ainda,0.00011943355383821164
não reconhece,0.00011937306633885015
de um mês não,0.00011936457439107964
entrega quero,0.00011934761776122643
quebradas,0.00014067014066215577
assinei,0.00011932332721123342
dava,0.00012564883194785846
comprar um produto,0.00011922022353366545
um lixo,0.0001259269473893604
ja passou do prazo,0.00011914575204569946
para fazer troca,0.00011912185502525459
não consigo rastrear,0.0001335905299144096
comprei tapetes só recebi,0.00011909160951858158
mas ainda não recebi,0.00013202249075269326
um comprei,0.00011907090259058853
comunicar,0.00011901136596011024
comprei dois produtos chegou,0.00011895317199178915
recebi produto porém veio,0.00011894002671123297
estou tentando contato com,0.00011891285533559791
onde esta,0.00011881750751153201
recebi produto errado comprei,0.00011880508858271976
retirei,0.00011878251705009319
até hj não,0.0001187414736508359
para empresa,0.0001531070086397342
nao tinha,0.00011862522734206524
aguardo envio,0.00011856604914728482
recebi um produto que,0.00012813823274431465
me informaram que,0.00011848215051607723
duas colchas,0.00011846737731515745
produto que não chegou,0.00011843361808826144
não esta funcionando,0.00011838928903246724
entregue mas não recebi,0.0001183697507284777
um dos produtos que,0.00011836663346105156
comprei unidades só chegou,0.00011819064522582052
email que,0.00012455347571967772
arrependida,0.00011815738716108986
produto não chegou na,0.00011805115431407997
paga não,0.00011802057626888822
03 18,0.00012410024537594624
com algumas,0.0001408173321092283
entrega em atraso,0.0001177976124617073
vou receber outro,0.0001177975536380727
mercadoria não chegou,0.0001177952656241475
entregar ainda,0.00011769205646273986
vencido,0.00011768848789126942
mole,0.00011762895855614858
desta loja,0.00016255825527389264
nem chegou,0.00011755281384754699
ou seja não,0.00011752320150143993
comprei dois produtos mas,0.00011749621498440279
homem,0.00011747503783782673
ta faltando um difusor,0.00011744291510199583
veio menor,0.00012608293986237013
chegou eu,0.00012427111328355475
apenas um dos itens,0.00011739108500874725
falta no,0.00011735647290628098
película do,0.0001173438646042916
produtos uma,0.00011733762676634865
comprei já,0.00011733040383622577
mas recebi apenas um,0.0001173144677346815
favor enviar,0.0001172989386030985
nenhum dos,0.00014223153406438006
esperava uma,0.0001236878232755661
compra foram de,0.00011724010118097028
ainda não me,0.00011720220058388646
mangueiras,0.00011716942440546853
ainda nao foi entregue,0.00011716472761333531
11 2017,0.00014648511967909556
falsificados,0.00011710439593034008
da mesma marca,0.00013701157759620308
isso nunca,0.0001259537175197505
recebi um email,0.00015119825278980646
se soubesse,0.00011692188494066613
pensei que fosse,0.00015179602397607378
todo em,0.00011687968883146865
02 duas,0.0001167680801609168
ligar para,0.00013143092821494434
disseram que não,0.0001167029978176783
não recebi uma,0.00011669145412433811
recebi só um produto,0.00011658910429401418
dar satisfação,0.00011658704894101671
prezados,0.0001555225670783438
entregue gostaria de saber,0.00011650594003435051
nao me entregaram,0.00011649159731750765
dias uteis,0.00014733245526985154
fala que,0.00013965187887890557
kit do,0.00011640931881557622
pois so,0.000116331714853351
encomenda veio,0.00011625796006274
produto foi entregue mas,0.00011624860804432499
foi entregue estou no,0.00011622712444666761
fiz devolução,0.0001266176149544967
comprei produto há,0.00011620024816600883
comprei um produto veio,0.00012180321601670237
outro tipo,0.00012467542805730811
recebi somente parte do,0.00011604606357019757
comprei dois cartuchos de,0.0001159475426259295
um pote,0.00011588026480663254
um produto são,0.00011585795930006581
comprei luminarias recebi apenas,0.00011583712370125224
enganação,0.0001157855477899255
informei,0.00012357851877219727
produtos ainda nao foram,0.00011550211097766256
porque eu,0.00013518169567209353
correio ainda,0.00011546670023587468
não entra em contato,0.00011546388734028171
de março,0.00015454760898821163
prazo longo,0.00012288500236156492
retorno com,0.00011517109854396502
natural,0.00012492730315221505
tive que buscar nos,0.00013898371594560228
recebi material,0.00011506290780436711
com frete,0.00013225797322136533
de melhor qualidade,0.00015736045341045165
foto produto,0.00012542869107982641
10 2017,0.0001147969383069783
estou tentando trocar,0.0001147281523989662
mas até momento não,0.00011471630153662259
películas mas,0.00011470856413849909
produto só chegou,0.00011467291765890145
duas caixas,0.0001293660840032862
restante da,0.00011454692333415932
prazo para entrega do,0.0001145375696535082
todo pedido,0.00012355611311990345
produto não estava,0.00012687680804226846
estava como,0.0001500081556103226
acredito que seja,0.00014392355202871607
estragado,0.0001349852997814963
produto entregue diferente,0.00011431885931717104
material inferior,0.00011431505053928884
aguardando retorno de vocês,0.00011427720953841272
estou aguardando retorno de,0.00011427720953841272
philips,0.00012253106155702217
uma capa de,0.000114185357811632
igual que,0.00012878128264412603
fraude,0.00011395354852868772
que retirar nos correios,0.00016393034423970565
01 kit,0.00011392963525848802
pediu,0.00012837595290683275
travesseiro de,0.00012210730071961692
estou aguardando um retorno,0.00011390448950801335
não recebi nenhuma satisfação,0.00011390323743784275
não me responderam,0.00012219808503880498
litros,0.00012935887879848533
não como,0.00014447736698507035
comprei relógios,0.00011377980939193921
requeiro,0.00011376680133180099
não recebir,0.00011374894120754962
ciano,0.00011373349808769896
recebi produto incompleto,0.0001136738595178583
parte do produto,0.00012363943586432934
com defeito não funciona,0.00011364661968441237
do encosto,0.00013243052348295865
demora muito entregar,0.00011357812231789312
chegou quebrada,0.00012109866223645438
de cortinas,0.00011349229520799113
não recebi pedido completo,0.0001134864133362347
verdadeiro,0.00012111727632774627
de entrega ainda não,0.00011346980664367859
não recebi nenhum retorno,0.00011344948932116549
achei que era,0.0001465010802124814
presente não,0.0001448036638193887
nao entregou,0.00014048458409308354
compra efetuada,0.00014502520193864136
recebi apenas kit,0.00011328460643538004
progressiva,0.00014246006122173153
nao recebi os produtos,0.00011323527843576733
apenas aguardo,0.00011320791298710771
tamanho da,0.00013086483714507704
como produto entregue,0.000113153413484049
até agora só recebi,0.00011314405753259533
cor do produto,0.00012996517502807632
solicitar troca,0.00013286699717003392
produto por isso,0.00011312472210863069
qual já,0.00011299556508794121
ridículo,0.00013791652284424324
eles nao,0.00011289176210716358
blackout,0.00014770235427408215
um so,0.0001127398180843132
infelizmente recebi,0.00011270511900361286
da china,0.00012235331462838136
além de demorar,0.00011260885276536623
nunca mais comprarei,0.00011255629748604135
paguei pelos dois,0.00011253368230818035
de saber quando vou,0.00011247952242066316
péssima empresa,0.00011244312102484089
corretamente porém,0.0001265009386342971
outra não,0.00011237255923790955
na tomada,0.00012500076868336146
há quase,0.00011233014177847384
um espero,0.00011231635387159111
uma aguardo,0.00011230651080681696
outro produto que comprei,0.00011229073981839648
nao recebi produto nao,0.00011228156399470229
um simples,0.00011900635133936768
não foi entregue já,0.00011225609287206523
ninguém resolve,0.00011222402383261283
precisa melhorar,0.00022188560597226153
diferente não,0.00012170213805350737
tem nada ver com,0.00011211426234547133
não me deram nenhuma,0.00011204602012563462
com aparelho,0.00011198962610799415
em minha residencia,0.00012683884095030217
gostei do produto não,0.00011195226058028115
eu paguei por,0.0001393863840306901
qualidade baixa,0.00012080881241543537
que será,0.00012577775070932615
não recebi já,0.00011167076038069268
no meu cartão de,0.00011164545496673007
para impressora,0.00011154778454655208
comprei dois produtos iguais,0.00012280139702135394
condicionador,0.00012602971328840642
estou esperando resposta,0.00011145442535105648
componentes,0.00012589709859301491
não serve para,0.00011142702219127525
folhas,0.00012831563343979014
codigo de,0.00011840408766487055
compramos unidades foi entregue,0.00011139857754408456
unidades foi entregue apenas,0.00011139857754408456
comprei dois itens recebi,0.00011131479028838203
que ja foi,0.00011130638805484537
no aguardo do produto,0.00011126773490572464
para poder,0.00015479453655599303
enviei mensagem,0.00011967903396022317
produto frágil,0.00013826531259491284
do lado,0.00011783253598559074
muito dificil,0.00011850014353012205
ate hoje não,0.00011775920624434625
recebi produto não tenho,0.00011099936886615821
produto pedido,0.0001260637129872659
não gostei do material,0.00011085951611935291
do produto mesmo,0.00011741781725257423
somente tonner 78 nao,0.00011080912477806892
10 como foi comprado,0.00011080912477806892
nao 10 como foi,0.00011080912477806892
tonner 78 nao 10,0.00011080912477806892
78 nao 10 como,0.00011080912477806892
recebi somente tonner 78,0.00011080912477806892
unidades so,0.00011079626358675
momento não recebi mercadoria,0.00011076444912250253
sem saber,0.00011073725063981825
porem com,0.00014446796270565614
pra vim,0.00011073155339690009
produto atrasado,0.00011072198671414401
já era,0.00012074529162118316
avaliar um,0.00011069217430421768
rastreamento do produto,0.00012466549728253992
não recomendado,0.00012766369957793858
não recebi os dois,0.00011063730455345516
no meu pedido,0.00011799086438799568
um mês que fiz,0.00011047971587619399
decorativa,0.00011044935752944661
carteiro,0.00011718406588659343
foi entregue gostaria de,0.00011019503687567628
comprei dois jogos de,0.00011018183569586714
diferentes do,0.00011011069291970688
trocas,0.00011007394107196585
cobrança,0.00012334087923035852
recusei,0.0001271795281048192
produto demorou muito para,0.00012159648693365108
nenhum comunicado,0.00010988087805858421
receber meu dinheiro de,0.00010981049694086203
que foi entregue mas,0.00011677540539231093
da mangueira,0.00010977370547807095
custa,0.0001224764568375327
de reembolso,0.0001097376032643597
do produto pois,0.0001396188521353141
paguei por duas,0.00010968028337298199
para carro,0.00011896844717845551
da minha cidade,0.00012495714869694414
cortina só,0.00010949881273812017
mercadoria até,0.00012590221029204054
dois só recebi um,0.00010946792531938691
quero fazer devolução,0.00010945731802231092
pentes,0.00010937949115140709
produto tive que,0.00010937126420532656
imperial,0.00010928879616481417
pelo menos,0.000201816367073224
nenhum produto,0.00010921660422439478
está disponível,0.00010920657334059333
recebi película,0.00013263577189240493
demora na entrega do,0.00011721856540701304
eu pedi unidades me,0.00010904722221091421
pedi unidades me entregaram,0.00010904722221091421
do comprado,0.00010902150039192015
demora da entrega,0.00010899272101480749
itens que comprei,0.00010898044642522838
só enviaram,0.00012091917907500797
todo arranhado,0.00010895598584529459
já solicitei troca,0.00012370598332394348
já foram,0.0001194250988773789
informação que,0.00010885466541148604
comprei garrafas,0.00010883746374622782
de minha compra,0.00010877515108042558
não recebi capa,0.00010869024303474878
de teto,0.00010866129049568928
razoavel,0.00011725213169535141
não tem mais,0.0001270579924834204
produto fui,0.00011654786500610543
ainda não chegou estou,0.00010845739454121309
so me entregaram,0.00010843979134947688
status de,0.00012933380312112234
produto errado pedi,0.00010842177810764316
pedi tres,0.00010839282648775591
produto chegou com defeito,0.0001144315676303927
mantem,0.00011857703824774675
ou devolução do dinheiro,0.00010815389324820348
agora ja,0.00010810465681913509
por fim,0.00012009682540789699
trocaram,0.0001154813713840546
começou,0.00012329097857128885
cartucho preto,0.00012096651992908729
comprei cortinas só entregaram,0.00010794803501104725
tive que cancelar,0.00010794494306380165
mercadoria super atrasada,0.00010791781802392745
dias nada,0.00010788730150298845
menos uma,0.00010787649048575277
de saber que aconteceu,0.000132312861616372
dinheiro de volta não,0.00010784996513894174
com mesmo,0.00015741175147300314
por favor me,0.0001324339989116469
dois como,0.00010778803054319547
não recebi todo os,0.00010771467415599266
recebi todo os produto,0.00010771467415599266
deveriam ter,0.00013080407063373355
podiam,0.00011984785689461628
produto não muito,0.00010756901337178213
dinheiro não,0.0001074204427243979
ja solicitei,0.00011621890831961255
komeco,0.00010737695579533868
colocam,0.00011235676259139503
só foi entregue uma,0.00013099081557972717
barata,0.00011483114171862255
soltos,0.0001267564943992003
velas,0.00012049091206471273
na hora da compra,0.00018265032381643633
troca do mesmo,0.00011604778204130119
dos produtos foi entregue,0.0001072712404353453
não vale pena,0.00012552745677697205
pedimos,0.00011786503453800426
não recebi ainda meu,0.0001071737832229564
um mês pra,0.00010710223871559785
não deram,0.00010709686688040079
da entrega não,0.00011825834536034642
muito mal embalado,0.00012101226317332143
me ligaram,0.00013007305865050676
aguardando recebimento do produto,0.0001069025689332372
dois itens recebi apenas,0.00010687755192753693
somente foi entregue,0.0001288710593835391
dois cartuchos de tinta,0.00010685449739706477
sem condições de,0.00010684326979160879
até agora nem,0.00010680144549749254
recebi parte do pedido,0.00010678664203345195
compra ainda não,0.00010677644594150216
já veio,0.00015482557120444335
vieram somente,0.000115038761279333
recebi gostaria de saber,0.0001067035661573543
produto tinha,0.00013780791568068594
que vcs,0.00013982794627623635
até agora produto,0.0001187060579791742
quebrado estou,0.0001142734281128045
compra porém,0.00011277559597536528
já solicitei devolução do,0.00010660727933807866
esquerdo,0.00010658826497138669
foi encaminhado,0.00011777634425013573
ela não,0.00012712217879542778
faltou informação,0.00010649566186318142
porém qualidade,0.00011382655987775973
vou cancelar compra,0.00010637464656495936
originalidade,0.00011542775328311593
não pedi,0.00010623732727273572
mas não foi,0.0001320217782919894
em outra loja,0.00011238490792919701
dois produtos recebi apenas,0.00010616645874403657
com demora,0.00010615108658004297
infelizmente não recebi produto,0.0001061324648260387
da encomenda,0.00013441124947573588
avaliar não,0.00010607753630265915
frustração,0.00010601257704833318
troca por,0.00013158338335233157
autotransformador os controles foram,0.00010593696725587224
não recebi autotransformador os,0.00010593696725587224
os controles foram entregues,0.00010593696725587224
recebi autotransformador os controles,0.00010593696725587224
informação de que,0.00010592029084533603
cor veio,0.0001240462785925912
comprei dois pendentes,0.00010588692808911192
foi entregue mas não,0.00010588188847464279
custou,0.00011245688539913008
pra resolver,0.00010581414365206926
um parecer,0.00010578264213025805
extorno,0.00010576622959048375
nem com,0.00012332096211672218
preciso receber,0.00014127171649906944
que uma,0.00013970341401713682
não veio nota fiscal,0.0001355909050604075
pediram,0.000139609932672922
se não vou,0.00010566195909482175
260,0.00010560459274991615
bom mas não,0.00013792418163037224
nichos só recebi,0.00010552948681000405
oito,0.00011305219205869405
entregue produtos,0.00010547749217868367
produtos sendo que,0.00010546931798723235
que parece,0.00013159773878172715
foto mostra,0.0001053686839573549
descrevendo,0.00010525637058578367
não recebi jogo de,0.00010523496379422229
de qualidade inferior,0.00011282485549975853
recebi uma das,0.00010516259886647673
não fez,0.00011596734720926829
que devo fazer,0.00010509901077145892
produto veio diferente do,0.00010509134435587806
da mochila,0.00016248102753433776
até agora sem resposta,0.00011388533400632782
eu não recebi minha,0.00011278754370923001
produto ainda nao chegou,0.00010502095990560606
não chegou até hoje,0.00010501528736832477
até agora ninguém me,0.00010501476793063367
enganar,0.00011233357312624889
alguem,0.00013106084792369912
da qualidade do produto,0.0001716470135629898
nota só,0.00011111089603721136
péssimos,0.00011208550423965767
preciso dos,0.00010490885126629913
meus pedidos não foram,0.00010490240640730065
pedidos não foram entregues,0.00010490240640730065
bico,0.00011674421806945398
um dos produtos veio,0.00010483435197361653
tecido não,0.0001320681514583597
ligado,0.0001184494058241851
tive que retirar nos,0.00012144207948861874
chateada com,0.00011173494096594927
que me mandaram,0.00011068561141432236
muito tempo para,0.00011904212546737345
desde que,0.00010450329010243822
eu só recebi,0.00010446673430211649
recebi metade dos produtos,0.00010444713653911177
estou aguardando uma posição,0.00010443385398036278
pedido de produtos só,0.00010441487819279837
de produtos só recebi,0.00010441487819279837
quero cancelamento,0.00010440713780142463
nem produto nem,0.00010439887168637794
aguardando chegada do produto,0.00011308355994345982
consigo falar com ninguém,0.00010436553544035996
não recebi produto pois,0.00011161079599973784
comprei há,0.00010433119393729664
nome de outra pessoa,0.00010432887425713132
não consegue,0.00012670308181418516
interesse,0.00015923711011848186
passando,0.00011149027887622713
ps4,0.00011626274796819628
produto aguardando,0.00010412813097631148
não faz sentido,0.00010411921191684374
parcerias,0.00011128766437898421
entrega não foi realizada,0.00010405332267806617
de banheiro,0.00010403909399698001
produto consta como entregue,0.0001040125814747882
pedi paguei por,0.0001039037535906531
pedi dois produtos,0.00010383567290301754
pedido cancelado,0.00012885504408680518
no rastreio,0.00010366191941865611
entregaram 01,0.00010362764471007277
quebrado quero,0.00011121781331446931
nem da,0.00010357893036630546
achei fosse,0.00011193695445726616
mercadoria está,0.00010356297770141275
apenas suporte,0.00010352039226043268
até hoje dia,0.00010955615577595399
gostaria de trocar,0.0001521660723763411
não foi feita,0.00011346670362687844
histórico,0.00010343243272110126
me disseram que,0.00010340136081049225
um mas,0.00010337059170309582
unidades até momento,0.00010336469007381625
hoje já dia,0.00010336108395435863
comprei produto não,0.00011204930770652904
mais de um mes,0.00010335597894075871
recebi apenas dos produtos,0.00010328947659035207
com defeito estou,0.00011632156875658512
nenhum tipo de,0.00013004462827812495
foi feita entrega,0.00011326479468662945
agora não entraram em,0.00010323089975962718
na cor vermelha,0.00011665793936374551
só recebi produto,0.00011525562212484336
demorou muito chegar,0.00012482912784101405
transtornos,0.00013652383717750882
desta vez não,0.00010962221596014388
item estou aguardando,0.00010315482206341376
recebi somente item,0.00010313464443383905
produto não tinha,0.00010311044525184472
comprei toners,0.00010311029722759351
abrindo,0.0001110098300824066
ficou de,0.00010306031828883297
era pra ser entregue,0.00010304953947316558
saber onde,0.00010304415841430038
reciclado,0.00010296318865514714
já liguei para,0.00010292087365288633
para saber que,0.00010291809678895378
enviado não,0.0001029154430050978
magenta,0.000102878054975169
cada kit,0.00010286421438694743
encontra se,0.0001028595817077108
duas ainda,0.00010284524479113014
que solicitei,0.00014041595296914068
saber quando vou receber,0.00010280055540993783
não fizeram,0.00010279020812792552
espera do produto,0.00010275395352331351
no máximo,0.0001027517088580205
um presente de,0.00011517735336429755
não cumpriu prazo de,0.00010266908441732014
de toners,0.00010263292412911141
apenas cadeira,0.00010261601080484697
nao funcionou,0.00012355674153259448
entrega ou,0.00010885063548024066
comprei um kit de,0.00010258315502663521
caixas recebi apenas,0.00010256585168207314
com peças,0.00012080694365718699
plus,0.00013370293829258935
reclamação para,0.00010246922028755478
paguei mais,0.00010244366836284488
quando fui,0.00013152371173768214
queria meu,0.00010235875352394784
produto bom só,0.00014258903452361212
não nada,0.00011624966503019026
cor tabaco,0.0001022799050506628
pago não,0.00011076993941635595
eu tive que,0.00013841273231823972
um dos produtos comprados,0.00010213708630507774
pedido mas,0.00015910162128211837
providenciar,0.00010204554284645818
os tapetes,0.00010201942179087249
áudio,0.0001224671606719818
de saber como faço,0.00010200191353901759
chegou kit,0.00010199468774431705
comprei um produto que,0.00010189301161381155
receber um produto,0.00010850822619063836
não chegou na minha,0.00010184472451444126
3d,0.0001018423515840373
na nota fiscal constam,0.0001018295129350238
estou precisando muito,0.00010180031745066731
correio mas,0.0001245333798982906
produto consta no,0.00010170662026217881
cliente não,0.00010169305985357482
paguei quero,0.00010168545910075993
porem ate,0.00010167474273555972
receber produto que,0.00010920183726176331
ainda já,0.00010167117783028428
fora que,0.00012832811150865825
produto não correspondeu,0.00010162135270613259
nota fiscal do produto,0.00014115167979188633
muito ruim não recomendo,0.00010154900857181893
depois do prazo,0.00016067276133144417
qualidade péssima,0.00011678710593165322
eu não recebi meu,0.0001014217960573576
abri uma reclamação,0.00010140582115257249
kit que,0.00011167827865189793
devolução mas,0.00010134768208840306
em contato com vendedor,0.00010639840703618223
de entrega era dia,0.00010131666823646969
um leitor,0.00010127115359781601
loja péssima,0.00010124356893923735
dentro da embalagem,0.00011511754366383178
só foram entregues unidades,0.00010114710305370205
produto espero que,0.00010924046773314215
dois recebi apenas,0.00010111896789147437
unico problema,0.00012394194559563817
mais quando,0.00010111370639794843
produto me enviaram,0.00010110633200010576
não foi que eu,0.0001356168082295973
produto não tão,0.00011700504556073996
me respondem,0.00010098473647394302
porém produto veio,0.00010095714071195985
lençol king,0.00010095080046885898
mas veio apenas,0.00010094138470213444
como posso avaliar,0.00010087949743743798
nota fiscal foi emitida,0.00010087247005852384
agora tenho que,0.00010082565238897589
foi entregue incompleto,0.00010081954184497771
mas só veio,0.00010081705186823718
compra que não,0.00010080775422303748
produto todo,0.00010716948532096921
luminária que,0.00010075648643952273
não recomendo esta loja,0.00010074206239755367
gostaria de receber meu,0.00010071713927111897
comprei dois kits recebi,0.00010070119988054123
um já,0.00010068026565559749
luminárias chegou,0.00010067313681676754
demorou para entregar,0.00011025889127051617
não funciona direito,0.00011025893016044089
ainda faltam dois pendentes,0.00010060880034800693
frascos de,0.0001185460851325904
não obtive nenhum retorno,0.00010055758366163676
eu comprei dois produtos,0.00010052683993179658
carregando,0.00010050172572191654
faltando unidade,0.00010050155615129409
produto não corresponde ao,0.00010044693829958043
alem disso,0.00010043465359977499
ou dinheiro de volta,0.00010038957692981642
solicitei paguei,0.00010032245191865821
pois comprei um,0.00010031088279057315
não recebi minha compra,0.00010971321054664255
empresa sem,0.00010029027906257283
veio metade,0.00010735985013723073
de qualidade ruim,0.00010826308844343936
pote de,0.0001002465968235338
sendo assim,0.00011825556619857327
nada estou,0.00010745190296259337
falta ser entregue,0.00010019906175132345
que era de,0.00011980949419411843
pelo telefone,0.00011916916063275583
cinto,0.00010670946130744158
falava que,0.00011014510322940922
conclusão,0.00010003277739981872
muito mau,0.00010002082220637408
sobre não,9.99720009964212e-05
deixam,0.00010715153334760483
dias que comprei,0.00010921202095769405
foram recebidos,9.990311687650822e-05
de roupas,0.00013059835963210163
produto razoável,0.00017686967199054886
comprei jogos,0.0001091505550637513
por gentileza,0.00012355709782739
ja enviei,0.00011523902966802723
lesada,9.980443098300091e-05
com defeito nao,9.976675863346931e-05
02 com,9.974460862210523e-05
na minha impressora,9.970777518209253e-05
recebi ainda meu produto,9.967700698792643e-05
dois frascos,9.967370681511457e-05
não me foi entregue,9.964905457397439e-05
feedback,0.00011361106534444648
do papel,0.00011793222311586901
2012,9.959187827953188e-05
com fornecedor,0.00011973305599150989
produto desde,9.957383432031672e-05
resposta meu produto,9.949749577655879e-05
que veio foi,9.94901734185076e-05
tentei ligar,9.947451738118732e-05
comprei dois controles,9.947096580217938e-05
tinha produto em estoque,9.934496801846822e-05
não tinha produto em,9.934496801846822e-05
pedi lanternas so veio,9.934028251263214e-05
unidade sendo que,9.928929525034772e-05
duplo,9.927516178664407e-05
pintado,0.00010944575823008685
do produto comprei,0.00012516453045942515
apenas comprei,9.91634669617318e-05
relógio com pingente,9.910761320662054e-05
hoje não recebi meu,9.909686632998678e-05
cooler,9.906079192271544e-05
comprei produtos so,9.905475550614518e-05
elétrica,9.90296800501781e-05
estorno da compra,9.900416360485822e-05
informou que,0.00012906507184630545
cadê outro,9.898420646031599e-05
fone de ouvido,0.00010828437405884387
pedido chegou faltando um,9.89394262378547e-05
meu pedido chegou faltando,9.89394262378547e-05
ate momento não recebi,9.885537906301642e-05
tortas,9.880289974971281e-05
tive que ir buscar,0.00013678152757942984
estou aguardando até hoje,9.875366111243241e-05
não retornaram,9.870368713716648e-05
um produto outro,0.0001192237116838975
no aguardo da entrega,0.00010675919859540146
mentira,0.00011070396693719492
super atrasada não,9.86823227440101e-05
comprei três luminárias só,9.862689575819535e-05
chegou nao,9.858693916602528e-05
com capa,0.00011976410925375651
tradicional,0.00011507049610210801
que produto estava,0.00012006134893509183
brancas,0.00012401050256401566
devolução do mesmo,0.00010636945273380136
até data de hoje,9.844162473446934e-05
04 2017,9.844105031043776e-05
saber do outro,9.840267797827538e-05
nao compre,9.834962355435801e-05
lol,9.833730688715523e-05
do produto no site,0.00012476403259845462
veio modelo,0.00011224609787138811
um mês não recebi,9.826851910973822e-05
dois pretos,9.826126080769091e-05
ja foi entregue,9.813054824904346e-05
não receber produto,0.00010571657228386567
aguardo solução urgente,9.800064619459074e-05
02 ainda,9.797340259924578e-05
recebemos um,9.797054739310259e-05
não fiquei satisfeita com,9.796023240811404e-05
veio faltando os,9.792215775260424e-05
paguei por produtos,0.00011576456133111969
mesmo já,9.790245987367843e-05
cor não,0.00013121410884713063
ligar na loja,9.787869000514501e-05
seis cadeiras recebi quatro,9.787419604330238e-05
comprei seis cadeiras recebi,9.787419604330238e-05
mas apenas,9.787130139557283e-05
quase dois meses,9.786155902099423e-05
preciso de uma posição,9.783559084407332e-05
que mandar,9.781252811214686e-05
que buscar no correio,0.00012540002802236452
demais não,9.769404775651114e-05
produto que está,0.00010942852697095586
correio só,0.00010914697408641513
quase um mês nada,9.766148382470717e-05
aconteceu com meu produto,9.765586916294555e-05
que aconteceu com meu,9.765586916294555e-05
não enviaram produto,9.759878922922913e-05
no lixo,9.758478743541432e-05
deixando desejar,0.00010632804007094786
meu produto gostaria de,9.748812750523922e-05
recebi meu produto gostaria,9.748812750523922e-05
mas não deu,9.747739886347361e-05
ainda aguardando produto,9.738274876812424e-05
chegou na minha casa,9.73584057553992e-05
tive que retirar produto,0.00010534911639061314
hemo rage,9.725117073508163e-05
quero trocar produto,9.72443825073715e-05
ridiculo,9.724431242496802e-05
tonners,9.719683918041382e-05
uma estou aguardando,9.718984920810308e-05
no dia 11,9.718453352404003e-05
meu produto nunca chegou,9.715480372399683e-05
foto do anúncio,9.714770403056594e-05
apenas não recebi,9.710210184467341e-05
não retornou,9.710090087569153e-05
apenas eu,9.706225691510193e-05
que chegaram,9.706157402068779e-05
só recebi 02,9.702569649849984e-05
uma chegou,9.696871126381767e-05
passagem,0.0001074082285271507
meu pedido não chegou,9.694786134449485e-05
apenas uma delas,9.691922337476055e-05
não recebi minha cortina,9.686794411573133e-05
compra feita,0.00015590173088314216
não chegou até agora,9.682887423998419e-05
do produto comprado,0.00015064424383071253
mercadoria no,0.00013272685081196838
todos os outros,9.670342019619987e-05
na capa,9.670151668496603e-05
estornaram,9.666989677245568e-05
aguardo retorno urgente,9.662714679753148e-05
último dia do prazo,0.00010518450482427337
colchas só,9.657430930620446e-05
sem respectiva nota fiscal,9.654672519684251e-05
não entregaram meu produto,9.648874722436603e-05
passou da data,9.646450124185216e-05
não foi entregue por,0.00010658421120332633
péssimo produto,9.640954082281636e-05
de papel de parede,9.639512835674246e-05
combos,9.638385391728174e-05
menores,0.00013604263935843217
estornado,9.632466254057963e-05
aguardando retorno da loja,9.631377790960504e-05
arrependimento,9.631343310464383e-05
de apenas,9.627888596898253e-05
só recebi uma unidade,9.62773049555653e-05
possuía,0.000116782396515179
produto foi entregue outro,9.625675302186027e-05
avisado,0.00010590364071759564
impressora não,0.00010746866002742918
no prazo mais,0.00010203176009615793
de um mês que,9.621126562007009e-05
dourado não,9.620635379778955e-05
dinheiro ou,9.617479039717531e-05
foi de unidades,9.616140279947313e-05
talvez chegue em outro,9.610994524554133e-05
chegue em outro despacho,9.610994524554133e-05
um sem nota,9.607975557987185e-05
muito diferente da,0.00010646776570136707
que retirar no correio,0.00012666342690393178
uma azul,9.60098217013703e-05
estou aguardando entrega da,9.600947890732998e-05
que ia,0.00011986162230809662
que eu havia comprado,9.599105624376943e-05
resolveram meu problema,0.00010512991804920196
prazo não foi cumprido,9.597958958600405e-05
ja foram,9.592705966884679e-05
no site da lannister,0.00017531958343794954
porque não recebi,9.590232363878903e-05
site no,9.588721656852308e-05
algumas partes,0.00011215795869099782
perderam,9.581414240941732e-05
estou aguardando uma solução,9.579089410573929e-05
compra dia,9.576681234680742e-05
entrega veio faltando,9.575193027635696e-05
depois de quase,9.573232957281839e-05
tem estoque,9.569664917046513e-05
em casa tive que,0.00010886691471507796
visto que,0.0001330473538835349
eles me enviaram,9.562980754193901e-05
foi faturado,0.00010736319587762627
com 100,0.00010540646837246221
de saber que está,9.561292277169287e-05
capa protetora,0.00011507948831041653
acabei recebendo,0.00010658539517565554
sem os,9.550116277065028e-05
retirar produto nos correios,9.548577709181746e-05
produtos entregaram,9.547905609741423e-05
como se fosse,0.00011367215643570206
até agora não entraram,9.541710796374512e-05
enquanto que,9.541136180234907e-05
só recebi um kit,9.540280039816282e-05
produto entregue errado,9.534717652889179e-05
pois só,0.0001214734541499624
comprei ainda,9.530388881183181e-05
imagem do produto,0.0001140319005416153
errado eu,0.00010853127815685174
foi entregue consta,9.52541998032916e-05
recebi está,9.524788241339115e-05
outro produto no lugar,9.520575388024495e-05
composto,9.518502212613369e-05
saber que aconteceu com,9.51335876213853e-05
cancelamento do produto,9.510711563636669e-05
faltando um kit,9.510440248396397e-05
percebi que,0.00016026875642954604
devolva,9.502443853252932e-05
uma posição urgente,9.495498998468203e-05
meu produto nao chegou,9.49466547032745e-05
enviaram outra,9.494650098544799e-05
foto diferente do,9.49073991403815e-05
entregou faltando,9.489245074374856e-05
parecendo,0.0001343263045173917
estoque não,9.48541668749318e-05
lannister com não,0.00011472748378489717
devolução sem,9.482618261870648e-05
compra não foi,9.481545228045718e-05
aguardo troca,9.481392161802947e-05
um prazo de entrega,0.00011445514615045207
xperia,9.475239247998161e-05
se ainda não,9.475085528110955e-05
contato da empresa para,9.466072770100684e-05
contato para resolver,9.463421900816963e-05
duas placas,9.462452460366675e-05
remédio,0.00012478529648400193
eu nao recebi,9.459339324979905e-05
no momento não,0.00010735036221072041
completamente insatisfeita,9.45134825314876e-05
meu pedido nem meu,9.451270522466392e-05
momento não recebi nenhuma,9.448378691171522e-05
quadro foi entregue,9.442064763468374e-05
numeração,0.00015699228413642444
tentativa de entrega,0.00010892172839823369
êxito,0.00011167817943925576
que recebi as,9.430643587122511e-05
veio faltando peças,9.430456507506971e-05
touca,0.00010319613436617832
descontente,9.425357436692907e-05
orientação para,9.424911325212228e-05
não aconteceu,9.423746129552295e-05
porém quando,0.00012487845882732854
pior compra,9.416177314295587e-05
pedido que não,9.412615010220355e-05
espero mais,9.412605054884008e-05
posição da empresa,9.409408278161865e-05
cadeira que,9.40685484267903e-05
de transporte,0.00012165781627661349
material da,0.00011966734666652347
um modelo de,9.402587729914359e-05
arranhadores,0.00011240290625538745
veio faltando item kit,9.402055296035419e-05
não recebi produto prazo,9.401398856900672e-05
pedi duas unidades do,9.39978922125937e-05
pedido de itens,9.398871038304068e-05
70,9.39818329607337e-05
não fica,0.0001541541370670608
entregue uma cadeira,9.394218369537853e-05
paguei um frete caro,9.393982621202025e-05
so recebi 01,9.392358601462246e-05
um produto pedi,9.391356210414545e-05
deram nenhuma satisfação,9.389600095758568e-05
somente produto,0.00010360741730810566
que encomendei,0.0001321484105422535
solicitações de,9.381669120588105e-05
até presente momento produto,9.380565335368997e-05
nada foi entregue,9.37969273840949e-05
entregaram ainda,9.378186875676926e-05
nº,9.377827241060127e-05
as saias,9.377301962391024e-05
são diferentes,9.376047340312816e-05
consta no site como,9.375161654193359e-05
de berço,9.373968990006934e-05
não chegou ao,9.373619274319806e-05
envie outro,9.3729304924086e-05
faturou,9.372322706799038e-05
4x,0.00010933988270046814
pinceis,0.00014862725166011855
que eu faço,0.00012497889048105444
só entregaram dois,9.365150388898847e-05
sozinho,9.363994618360116e-05
comprei 04 unidades,9.363817041116414e-05
prazo já passou,9.362354235272017e-05
não ocorreu,0.00011633895096787679
espero que chegue,0.00010566649491981387
produto baixa,9.360591091119367e-05
ameiiiiiiii,0.00010823811175892014
recebia,9.929276474621917e-05
loja não entregou,9.355045447402285e-05
me entregaram só,9.354716518475542e-05
totalmente diferente da,9.353535610872807e-05
muito fino não,9.35347630080703e-05
agilizar,9.842615785001922e-05
atendimento péssimo,9.348989043271033e-05
do frasco,0.00010059542660871799
fazer entrega,0.00011427831457907667
somente capa,9.344534748844005e-05
este tipo de,9.343970998195265e-05
eu receber,0.00010135389336466991
porém só chegou,9.340812479182996e-05
chegou gostaria de saber,9.340801094073098e-05
mesmo tendo,0.00010670382105707115
mas só recebi um,9.335924965977584e-05
dois perfumes,9.332290060418416e-05
bem simples,0.00016306500347228737
embalagem só,0.00010577385143500256
somente quero,9.32912200473256e-05
para serem,9.327375620630421e-05
guia,9.32721764556933e-05
dois itens só,9.322915417381507e-05
ninguem me,9.322138397629245e-05
depois me,0.00010404694956373908
vi que,0.00014673667424189914
porque está,9.316463053626628e-05
entrega está atrasada,9.313368223794748e-05
composição,0.00011886347638262725
comprei dois lustres,9.311988206815479e-05
recebi apenas item,9.311447015020909e-05
comprei luminárias só recebi,9.309875057032677e-05
muito baixa,0.00010430263428161344
mandei dois emails,9.300718980453153e-05
tem acabamento,9.299505443184456e-05
não recebi produto na,9.297785895510743e-05
de saber como proceder,0.00010101309772441813
ainda tenho,9.970095138537574e-05
nao chegou por,9.294593826875586e-05
compra pagamento,0.00010057231010706078
não corresponde com,9.293427170789932e-05
se nao me,9.293160104840393e-05
atrasando,0.00010044043979672343
qual motivo,9.289626618900295e-05
reclamação mas,9.285854169621067e-05
para resolver este problema,9.284570079083711e-05
não sei se foi,9.284552384192796e-05
ter pago,0.00010003956144244833
saber que está acontecendo,9.279645184375531e-05
no mail,9.909313575141627e-05
para justificar,9.274762718446403e-05
joguei,9.273085260979402e-05
ainda não chegou na,9.272541204693033e-05
ainda não recebi nenhum,9.272465291886843e-05
ligações,9.272299406725439e-05
entendo que,0.00012036899501850095
sobre mesmo,9.94711711416869e-05
empresa parceira,0.00011745559828710378
foi entregue até hoje,9.266169880195185e-05
produtos mas recebi apenas,9.265170096881784e-05
um novo,0.00010636016971536374
veio amassada,0.00013384579024946073
gerar,9.918131532345085e-05
resolvam meu,9.258114894290026e-05
dos produtos porém,9.256304773241837e-05
não aceita,0.00010575247862264942
os produtos ainda nao,9.252059728007887e-05
ainda nao foram entrgues,9.252059728007887e-05
cartucho era,9.251258425634288e-05
mas tem,0.00012960396434381894
tampo,0.0001026064172272291
produto faltante,9.24815824489672e-05
mas esse,9.976336463205143e-05
nao sei se,9.2432163816134e-05
do produto só recebi,9.239406539058723e-05
tem que ser,0.0001220312673325732
porém está,0.00010484174328311756
verificação,0.00010023866133356842
estou aguardando se,9.228072199114262e-05
foi entregue estou aguardando,9.226603104631468e-05
na nota constam,9.221790929379975e-05
parte dos produtos,9.219367912192554e-05
do produto não foi,9.216444946251935e-05
mandaram outro produto,9.214214295955445e-05
foi entregue pela metade,9.210182036079015e-05
pedido foi entregue pela,9.210182036079015e-05
contactar,9.888017528916615e-05
outro relógio,9.206389254163511e-05
falando que,0.00010209556959515033
gostaria de uma solução,9.201918141402565e-05
luminárias só chegou,9.201233483726393e-05
nao resolveram,9.195798066185836e-05
falante,9.195516294851396e-05
ofereceu,0.00010147083387328084
cortina um,0.00010196301708031377
um telefone,9.181813270648475e-05
avaliar nem,9.181607904035929e-05
uma quero,9.181466940762372e-05
produto recebido não,9.180170396488896e-05
encomendei duas,9.175632287705641e-05
sao dois,9.175165620587532e-05
vcs vão,9.174049540452383e-05
mas ninguém,9.168755514022733e-05
muito feio,9.168637569978303e-05
nunca recebi,0.0001088164228682543
04 2018,0.0001125590011030789
recebi metade do pedido,9.160957740606087e-05
sapatinhos,9.160873910396941e-05
comprei dois lençóis,9.160237173868879e-05
mais rápido possivel,9.157563533513939e-05
já ter,9.818564103966873e-05
meu pedido era,9.153134635975703e-05
que seria entregue,9.819490317284943e-05
pedi cancelamento da compra,9.148540094357882e-05
produto que não tem,9.148300266754121e-05
mas não veio,0.00011517906616345974
não houve entrega,9.142522387790341e-05
02 rolos,9.141720345597849e-05
sacanagem,0.00012255081018498052
até momento só recebi,9.1332726998118e-05
um produto só,9.132245288057838e-05
produto porta,9.127825920888487e-05
de peças só,9.126179221203734e-05
de entrega não foi,9.122768188359919e-05
ainda não chegou não,9.682170581297187e-05
despachado,9.121617053138991e-05
do original,0.00013426281895602735
minimo,9.119271952647344e-05
duas toalhas,9.118598497119128e-05
além da demora,9.11782552204181e-05
em contato comigo para,9.742386289517993e-05
recebi produto danificado,9.109474825498708e-05
data não recebi produto,9.107249840668478e-05
cadê produto,9.107067101521358e-05
taxa de entrega,0.00012725042772207917
para modelo,0.00011847775945087443
veio apenas uma unidade,9.101357428606346e-05
vendida,9.100448978842691e-05
04 mas,9.09778046534832e-05
muito finas,0.00011357365995780183
250,9.094698630099585e-05
vendido como,9.094654699346137e-05
causando,9.094157377404387e-05
foi para correio,9.091564359079999e-05
anunciada,0.00011686278831250752
de difícil,9.085421623302726e-05
troca deste,9.965460335569744e-05
demorar tanto,9.081910334740182e-05
das imagens,9.663662684253875e-05
de bebê,0.00011085684099755936
recebi somente duas,9.07757851460113e-05
bonecos,0.00013106338811392162
tecido ruim,9.075784207794698e-05
fazer troca do,9.075660660981141e-05
unissex,9.073245365587133e-05
pouco caso,9.071939112973423e-05
não disponibiliza,9.071593257358753e-05
menor que tela,9.069535359285341e-05
mas outra,9.068704176594519e-05
chegou porém veio,9.063788039377953e-05
pedido ainda não foi,9.063225403074033e-05
arrependido,0.00010197682851774329
fiz solicitação de,9.062186653287987e-05
não chegou que,9.061838210710867e-05
produto não que,9.059868656145886e-05
dois espero,9.059288263125479e-05
esta sendo,0.0001005696662631145
caso contrário,9.058673596142733e-05
caveira,9.658622546165533e-05
com furos,9.054645207573e-05
nem do,9.053445812302268e-05
faltando kit de,9.053050812822658e-05
lençol branco,9.047542036970732e-05
mas na nota,9.047197608348701e-05
nem targaryen,9.046713094884001e-05
falar com um atendente,9.043500986818815e-05
pequeno demais,9.041135554613688e-05
de carro,9.040471001514409e-05
um produto dos,9.034233257225862e-05
até agora não foi,9.031359882477122e-05
dois aparelhos,9.025664754763522e-05
era para ser entregue,0.00010965272641789708
uma das duas,9.022977054042746e-05
bandejas,9.022457783071665e-05
veio agora,9.022129210865142e-05
produto veio danificado,0.0001002182465123563
ainda não recebi encomenda,9.015845706509327e-05
que me envie,9.574575098792464e-05
para obter,9.014535003084907e-05
deixei,0.00010883487755712867
não coube,9.670506608887916e-05
para devolução do,9.00838497546092e-05
urgentemente,9.007988000092042e-05
de apoio,9.006528193636907e-05
faltando parte do,9.003311853664763e-05
busquei,0.00010007364917630493
entrega não foi cumprido,8.999010723247438e-05
produto voltou,8.998690950402982e-05
produto também não,8.997466682239937e-05
informações de,0.00010010732738004802
isolado,9.664199073068573e-05
que outra,9.685203154622127e-05
que um produto,8.993031611685733e-05
quero cancelar compra,8.992794258098507e-05
produto não entregue no,8.99248730183661e-05
produto até momento não,8.992198645935862e-05
atendimento nao,8.990451965998648e-05
comprei um produto na,8.989867728219245e-05
somente um dos produtos,8.985458272078497e-05
uma simples,0.0001042367733643912
02 18,9.741825942551436e-05
nessa compra,8.980806901516848e-05
pedi unidades do produto,8.980330276013049e-05
terminou,8.978507686198877e-05
troca pois,9.603867335225646e-05
pelo correios,8.977647990752197e-05
nada nem,8.973834061517943e-05
tem mais de um,8.969680524804942e-05
não foi enviada,8.969003565879294e-05
tela do celular,8.968871767687019e-05
2018 ainda não,8.963130090639359e-05
entrega comprei,9.601659956766206e-05
só entregaram duas,8.961135622174246e-05
cortinas porém,8.959742625254981e-05
cor laranja,8.956612089758445e-05
de pelúcia,9.73971880563828e-05
insatisfeito com compra,8.954628263389764e-05
cortinas não,8.95327294170052e-05
dois produtos recebi um,8.950799941603071e-05
isso mostra,8.948924585750076e-05
parcela do,8.948349592144923e-05
comprei duas unidades da,8.947866786273179e-05
de entrega era até,8.947506033980422e-05
um vale,9.628502401446833e-05
não era que eu,8.947362540780949e-05
três cadeiras,8.946121808788715e-05
fiz duas compras,8.943958264905403e-05
midea,8.942788756286455e-05
comprei luminárias recebi apenas,8.942589370637777e-05
eu recebi um,8.94194425074208e-05
nada sobre,8.941752156913543e-05
algumas peças,0.00011989703574885789
empresa não entregou,8.93991495176462e-05
produto estar,9.621412136053612e-05
na entrega tive,8.936701844766263e-05
ruim de,8.935026666493441e-05
chegou no prazo porém,0.00011195272788186527
bem diferente do,8.931369962501018e-05
produto vieram,8.928100715500264e-05
recebi apenas das,8.924891186825276e-05
no lugar do,8.922023376262138e-05
targaryen que,9.555585956959376e-05
quadrados,9.87360647267935e-05
no fundo,8.918110768886532e-05
unidade veio,8.91764602771414e-05
estou esperando uma resposta,8.914447652654447e-05
meu pedido ainda não,8.912121026577051e-05
ainda não recebi pedido,8.911259576278556e-05
continuo esperando,8.910611486956741e-05
que produto veio,9.530523204325822e-05
prazo produto não,8.908550773455486e-05
aguardando resolução,8.905622735007339e-05
comprei capas,8.905061117857567e-05
identificação,8.903553038264879e-05
previsão para entrega,9.513139702080415e-05
havia recebido,9.70516270587433e-05
produto no estoque,0.00010067655818256068
estou aguardando troca,8.896020664801278e-05
na targaryen,0.00012299991052383563
veio faltando uma peça,9.894726686347197e-05
sobre isso,0.00010321588551063264
veio só as,8.891127292420941e-05
não recebi produto corretamente,8.889005922613345e-05
iphone,9.713928956055944e-05
minhas reclamações,8.883882717605066e-05
resolve problema,8.882433135511417e-05
isso comprei,8.882320967605716e-05
me deram satisfação,8.878171803664075e-05
iguais recebi,8.876858193925724e-05
segundo site,8.872354792364183e-05
que há,0.00010229867473617573
nem sinal,8.869966708210117e-05
bike,0.00010012557053148491
sobre motivo,9.632544678418883e-05
maquina de,8.865606836618588e-05
chegou aqui,8.864594278230064e-05
não que eu esperava,9.678842433106553e-05
127v,8.861672016597536e-05
adquiridas,8.858158055635285e-05
venha,0.00011043744989803406
deram nem,8.854668340239345e-05
comprei paguei não,8.853694424788601e-05
minha compra foi,0.0001298759192552704
quero saber que aconteceu,9.743813637494054e-05
empresa targaryen,0.00012961119683005656
devia ter,9.666725535601722e-05
nem nota foi,8.836662371233215e-05
até esta data,8.836382787558607e-05
danificou,8.836169769184927e-05
só chegou uma unidade,8.83530063274786e-05
de um retorno da,8.833012682630958e-05
em contado,8.832590891050771e-05
minha compra ainda,8.830683284631451e-05
faz dias,8.826831497516749e-05
ainda pois,0.00011969616080250163
que até momento não,8.82382544323227e-05
vidros de,9.534905822361711e-05
mercado livre,0.00011080032981929214
porém muito,0.00015461331933692244
mas veio errado,8.818929170159875e-05
explicações,9.58647488378979e-05
puxador,0.00012004435524107781
ainda se,8.813234028994748e-05
entregaria,8.813224496489604e-05
agora produto não,8.813178776179307e-05
unidade comprei,8.812367104289617e-05
dos dois kits,8.81133699680058e-05
chapinha,0.00010668738296288732
cada deveria receber 12,8.809689419520552e-05
receber 12 peças estou,8.809689419520552e-05
recebi taça de cada,8.809689419520552e-05
de cada deveria receber,8.809689419520552e-05
cada eu comprei de,8.809689419520552e-05
eu recebi taça de,8.809689419520552e-05
12 peças estou aguardando,8.809689419520552e-05
deveria receber 12 peças,8.809689419520552e-05
taça de cada eu,8.809689419520552e-05
de cada eu comprei,8.809689419520552e-05
eu comprei de cada,8.809689419520552e-05
comprei de cada deveria,8.809689419520552e-05
peças estou aguardando retorno,8.809689419520552e-05
não ser entregue,8.804321484446791e-05
frustada,8.801059538854776e-05
consta como entregue mas,8.80019727540665e-05
caixa estava,0.00013179276871400482
pedido pois não recebemos,8.798048229011616e-05
peço por favor verificar,8.798048229011616e-05
por favor verificar entrega,8.798048229011616e-05
entrega do pedido pois,8.798048229011616e-05
favor verificar entrega do,8.798048229011616e-05
verificar entrega do pedido,8.798048229011616e-05
do pedido pois não,8.798048229011616e-05
nao quero,0.0001203582915396459
da hp,0.00011551239952482716
recebi porém,9.694772799635201e-05
conforto base,8.790252011760364e-05
atraso não,9.665861641468145e-05
comprei duas mochilas,8.789227356654136e-05
para ir,9.406109271232705e-05
prazo porém veio,8.785124578426647e-05
vocês me enviaram faltando,8.784978811725073e-05
enviaram faltando cortinas agora,8.784978811725073e-05
me enviaram faltando cortinas,8.784978811725073e-05
não recebi compra,8.783802004644668e-05
controle não,0.00011470532448941091
não gostei pois,0.00010105136649459522
dois de,8.777166279335457e-05
de saber quando vão,8.773056313307435e-05
meu pedido já,0.00010447677152941237
fazer contato,0.00010655772303722234
caixa lacrada,9.706910340277465e-05
relógio que comprei,0.00010962463292067258
paguei por dois produtos,8.759574653899232e-05
país,0.00011406685143954765
satisfacao,8.756017398128059e-05
somente parte do pedido,8.75513274732682e-05
ou estorno,9.928489122049869e-05
era pra ter chegado,8.749803937262699e-05
com transportadora,9.466114484843347e-05
mas essa,0.00010279237358964522
só recebi metade do,8.747076190421489e-05
recebi tapete,8.74594164584979e-05
premium,8.744497754760327e-05
nada de resposta,8.742658241193696e-05
mdf,0.00010496760203550061
2018 hoje,8.741286129059923e-05
entrega não recebi,8.740386058319446e-05
estou tentando devolver,8.740328809434835e-05
falta de consideração com,8.736818108041456e-05
rodas só,0.00010002671051901887
cadeiras mas,8.734381009126362e-05
comprei produtos mas,8.73407302057105e-05
não recebi estou,0.00010294020237995919
tivesse sido,8.731761292100898e-05
qualidade nao,8.73163696854743e-05
um cobertor,8.731544157290262e-05
produto apesar de,0.00012097502475680274
pedido quero,8.729711379188316e-05
duas unidades mas,8.729074407317245e-05
mail no mesmo dia,9.29432986364765e-05
um mail no mesmo,9.29432986364765e-05
memoria,0.00011276581921462246
verdadeira,9.605446947771258e-05
recebi produto quero,8.725006929491329e-05
preço não,9.649144671103314e-05
perfeito mas,9.363765044949319e-05
best whey,8.72081056955769e-05
nenhuma justificativa,9.458318648194734e-05
que comprei produto,0.0001004299205781561
no dia 24,8.718810849568843e-05
estou com problemas,9.394779365579377e-05
de frágil,9.373163643462972e-05
atitude,0.00010690669395059829
ainda tem,8.710845765249077e-05
está errado,9.640952563813292e-05
no tamanho errado,9.453295073256728e-05
pode me ajudar,8.704965932336507e-05
ainda estou no aguardo,0.00011538523885457538
como devolver,8.702056416441297e-05
escrito que,8.701745116654521e-05
ainda vai chegar,8.701017587416749e-05
unidades veio apenas,8.69997370510096e-05
buracos,9.460825440877889e-05
mais até agora,8.698658995487504e-05
não foi entregue em,0.00010344357554043961
em inglês,0.0001344981868705516
mas está faltando,8.695207905267085e-05
golpe,9.517360096599496e-05
puro,8.693324498692375e-05
já uma,9.44373309171896e-05
mensagem para,9.55736606255745e-05
eu comprei produtos,0.00013259501537888
não veio junto,0.00010316927144660104
entregou no prazo cancelei,8.685918987650371e-05
me entregou no prazo,8.685918987650371e-05
no prazo cancelei compra,8.685918987650371e-05
não me entregou no,8.685918987650371e-05
nao entregaram,8.683385927349e-05
não recebi qualquer,8.680884315353111e-05
epson,0.0001072544308948916
enviaram produto errado,9.324758009226236e-05
unidades só me,8.670210047889109e-05
completa falta um,8.669024482623075e-05
estou aguardando posição,8.667884781438007e-05
quanto aos,0.00010645076894368524
duas panelas,8.666481436185579e-05
não cobrar,8.665256500685652e-05
boa tarde não,8.663291644536088e-05
paguei vista,8.662628123368114e-05
duas embalagens,0.00010246563727216691
recebi um outro,9.493239495640679e-05
vendedor até,9.485780490870444e-05
gostaria de um retorno,8.660049523955973e-05
inferior ao esperado,8.659371549819612e-05
correto mas,0.00015004482456684154
um produto eu pedi,8.657537072902174e-05
que não recebi produto,9.263961220841334e-05
receber minha,8.656250749264506e-05
meu pedido que,8.654608743411303e-05
como entregue no,8.652636810015914e-05
primeira vez que acontece,8.649341286579557e-05
fiz minha compra,9.797509591401028e-05
entrega do meu produto,0.00010049033629962624
espero solução,8.647488944743239e-05
qualidade duvidosa,8.647389576765804e-05
da satisfação,8.645398461564774e-05
alegando que,9.205852836721958e-05
pedi reembolso,8.643550825372178e-05
da foto não,8.643406219614769e-05
devolução pois,9.448145367556453e-05
faltou jogo,0.0001042294887669071
aguardo solução do problema,8.640166106951467e-05
duas unidades só recebi,8.639702617569285e-05
unidades só recebi uma,8.639702617569285e-05
me dando,0.00011468160949105772
foi entregue na minha,0.00010401918310646624
lençol vermelho,8.633120400472938e-05
recebi apenas um item,8.628655733198401e-05
extensão,8.623295707794581e-05
marcando,8.621898591806506e-05
em pacotes,0.00010610205172326808
pagina,0.00010548303099957895
mesmo dia outro hoje,8.619468428029673e-05
hoje ninguém me retornou,8.619468428029673e-05
13 capas para tablets,8.619468428029673e-05
de 13 capas para,8.619468428029673e-05
encaminhei um mail no,8.619468428029673e-05
comprei total de 13,8.619468428029673e-05
infelizmente só recebi 12,8.619468428029673e-05
dia outro hoje ninguém,8.619468428029673e-05
no mesmo dia outro,8.619468428029673e-05
12 encaminhei um mail,8.619468428029673e-05
capas para tablets infelizmente,8.619468428029673e-05
tablets infelizmente só recebi,8.619468428029673e-05
total de 13 capas,8.619468428029673e-05
só recebi 12 encaminhei,8.619468428029673e-05
recebi 12 encaminhei um,8.619468428029673e-05
para tablets infelizmente só,8.619468428029673e-05
outro hoje ninguém me,8.619468428029673e-05
qualidade não recomendo,8.617688308257901e-05
não estou entendendo,8.617439489011654e-05
faz quase,8.616452760922628e-05
negativas,8.614542749384807e-05
dois produtos entregue,8.61198314788033e-05
até momento foi,8.611124273536528e-05
email pra,9.186749973659647e-05
até momento eu,8.606873554322801e-05
não foi entregue como,8.604766459335662e-05
um pacote de,8.603200990804267e-05
produto nem uma,8.601368461188786e-05
pois comprei duas,8.600131839521096e-05
hoje 26,8.597700753617207e-05
não recebi toa minha,8.596774749985074e-05
pedido de 12 relógios,8.596774749985074e-05
de 12 relógios de,8.596774749985074e-05
parede ate agora so,8.596774749985074e-05
toa minha encomenda pos,8.596774749985074e-05
pos fiz pedido de,8.596774749985074e-05
recebi toa minha encomenda,8.596774749985074e-05
ate agora so chgaram,8.596774749985074e-05
de parede ate agora,8.596774749985074e-05
ainda não recebi toa,8.596774749985074e-05
fiz pedido de 12,8.596774749985074e-05
minha encomenda pos fiz,8.596774749985074e-05
encomenda pos fiz pedido,8.596774749985074e-05
relógios de parede ate,8.596774749985074e-05
12 relógios de parede,8.596774749985074e-05
está fora,8.59648837934962e-05
não tinham produto,9.407613321284444e-05
toners mas só,8.593348255340272e-05
filtros,8.591288889480442e-05
não recebi produto status,8.585664742495054e-05
capa película,0.0001302454464520165
não foi entregue conforme,8.582465709234012e-05
mesas,8.580073061430655e-05
frete só,8.579570495017135e-05
luminarias recebi apenas uma,8.57798200229261e-05
já chegou,0.00014654473091907177
se os,9.209601358947028e-05
mais de 100 reais,8.57276680188354e-05
entrega ninguém,8.571890432625861e-05
com tinta,8.569981226512923e-05
linda mas,9.738675736556019e-05
não posso comentar,8.565574166051418e-05
eu reclamo,8.564588369169894e-05
produto não funcionou,0.00010691282482439559
estragada,8.561553487650526e-05
que recebi não,0.00010082782322101547
não entregaram não,8.555647280622407e-05
quando tentei,8.555254645770652e-05
troca pelo site,9.278709426334078e-05
poderia ser mais rápido,0.00010310050882332012
tão ruim,8.547105591244883e-05
luvas,9.619982237332541e-05
maleta,0.000160814705785477
seja por,8.544516349207224e-05
que comprei estou,8.542621993044971e-05
apenas gostaria de saber,8.541702284999952e-05
pela targaryen,0.0001140591229707192
entrega até agora não,8.540087540217904e-05
ate presente momento nao,8.539851911338735e-05
unidades de um mesmo,8.538462534935676e-05
comprei unidades mas só,8.535245039272377e-05
em 02,9.559686126682671e-05
relógio está,0.00010677850918162294
recebi apenas uma luminária,8.53305968574425e-05
voucher,8.532572010489685e-05
funcionar não,8.531542368755227e-05
pistão,8.531307094585295e-05
de quadros,8.528468842733039e-05
em mãos,0.00010062252987671248
já foi pago,0.00010829375550838796
não chegou unidade,8.524636260186404e-05
entrega do segundo,8.524193886165444e-05
recebi anilhas faltou apenas,8.524140681465222e-05
anilhas faltou apenas de,8.524140681465222e-05
faltou apenas de 3kg,8.524140681465222e-05
realizei compra de unidades,8.5234361225638e-05
produtos não foram entregues,8.516697536429102e-05
outra coisa,9.418367933802697e-05
não tinha no estoque,8.514755497743796e-05
chegou quero,8.514687566765356e-05
quase meses,9.064954950330784e-05
lannister deveria,9.131332926968357e-05
pedi trios de pendentes,8.511773833622219e-05
unidades este não foi,8.511773833622219e-05
não foi meu pedido,8.511773833622219e-05
pendentes vcs só entregaram,8.511773833622219e-05
de pendentes vcs só,8.511773833622219e-05
só entregaram unidades este,8.511773833622219e-05
pedido nem meu pagamento,8.511773833622219e-05
este não foi meu,8.511773833622219e-05
foi meu pedido nem,8.511773833622219e-05
entregaram unidades este não,8.511773833622219e-05
vcs só entregaram unidades,8.511773833622219e-05
eu pedi trios de,8.511773833622219e-05
trios de pendentes vcs,8.511773833622219e-05
fiz reclamação no site,8.511394574904038e-05
reembolsada,8.510534977600271e-05
me entregaram faltando um,8.508845190993662e-05
marcar,0.00010248055178807038
mais até momento,8.507817444514613e-05
pequenos furos,8.505114553850275e-05
com aspecto de,8.504496597832552e-05
mesmo modelo,9.2606432392569e-05
não irei,9.948606008908871e-05
faltou produto os que,8.502197094023966e-05
que recebi veio quebrado,8.502197094023966e-05
produto os que recebi,8.502197094023966e-05
os que recebi veio,8.502197094023966e-05
mandei um email,8.501920523766643e-05
estou aguardando posicionamento,8.501777028403358e-05
reembolso do valor,8.501407742414073e-05
como vou avaliar,8.500676848541326e-05
fui obrigada,8.500659460879881e-05
não consegui usar,8.500454149894704e-05
pois está,9.640455826081637e-05
produto bem inferior,8.497768856669396e-05
esperando retorno,8.493088305554465e-05
também não tive,8.491500323239135e-05
meu produto com,9.463917721393314e-05
dentro não,8.486296943755603e-05
quando abrir,8.486051078390005e-05
não tão bom,9.773901624851098e-05
comprei cartuchos recebi apenas,8.483963469845425e-05
somente com,0.00010827939856518862
21 03,8.482194339853044e-05
hoje não foi entregue,8.477414713987498e-05
dos produtos falta,8.47304511859838e-05
cartuchos não,9.337865253973756e-05
3º,8.464952617519025e-05
duas que,8.462343200352855e-05
produto velho,0.00010094703831965719
que recebi foi,8.457810542091496e-05
minha solicitação,0.00010613706801185024
com previsão de entrega,9.540996969206729e-05
que fazer para,8.45525251916909e-05
nf foi,8.454374600809734e-05
compradas apenas,8.45324236191004e-05
das cortinas que,8.452979977395005e-05
emitido,8.452816882548014e-05
satisfação sobre,8.45271937067936e-05
02 itens,8.45126641175795e-05
para solucionar,9.182042009853892e-05
tudo diferente,8.447250309451703e-05
42,0.00010107471605958321
esta entrega,9.038059270058043e-05
me enviaram apenas,8.440733010757728e-05
demora na entrega ainda,8.440179301801327e-05
mandando,8.43942583112894e-05
abrir uma reclamação,8.43504233553743e-05
embalaram,8.432700079550954e-05
película para,9.175761375974823e-05
05 2018,0.0001219531315453428
porem não recebi,8.427186812640633e-05
trocar não,9.595506681766825e-05
grelha,0.0001029999312322332
quero meu produto ou,8.421612429599356e-05
não recebi nenhuma informação,9.47339742990589e-05
momento não recebi minha,8.420279141292809e-05
preciso de um retorno,9.972719038122026e-05
recebido as,8.413511957586689e-05
ponto palito,8.412645438916602e-05
para eu,0.00011907607434771133
diversos,9.271313886968583e-05
não chegou meu produto,8.407539116254736e-05
que pedi não,9.54419667162915e-05
targaryen mas,9.334990559104001e-05
unidades não,8.402484717907564e-05
pendentes recebi apenas,8.398716065282303e-05
faz mais de um,8.397565046519891e-05
trocada,8.3971563847413e-05
dificuldade para,0.00010330165132676319
rolos de papel de,8.396295450687941e-05
em casa não,9.328217324293712e-05
dizendo que não,9.890789492448431e-05
da minha compra,0.00010469316189079197
meu produto até hoje,8.39078399625438e-05
recebido apenas,8.390737727610435e-05
de comprometimento,8.389880207140429e-05
produto pois não,0.00010633084441426986
faturados,8.389222141449628e-05
acontece que,8.389179319770645e-05
individuais,9.165213441994381e-05
da capa,0.00015503130467099755
quero saber quando,8.386061653441121e-05
moro em,9.359305804882896e-05
um pouco frágil,0.00013614221038985954
no caso,0.00010878281772676169
ao mesmo tempo,0.00010410148324881805
no dia 19,0.00010089248150138815
estou aguardando resposta da,8.382973683359346e-05
não me deram retorno,8.381604119142485e-05
tempo depois,8.380581275137595e-05
nem fui,8.378448225779332e-05
dois itens comprados veio,8.377837707765936e-05
do outro produto que,8.376502427034484e-05
um código de rastreio,8.376091312932134e-05
vermelha veio,9.514865404066796e-05
frustrada,8.374610503790265e-05
resposta sobre outro,8.373920735517007e-05
os botões,0.00011880349429052275
comprei um carregador,8.367165451210621e-05
latas,9.139184840331264e-05
não cumpre prazo,8.366222037399427e-05
que não recebo,8.365820019964749e-05
tempo dinheiro,8.364222577359762e-05
já não,0.0001111352240404773
do produto ou,8.362033897745762e-05
faltando ainda,8.361975384578571e-05
cor verde,0.00010055209489265329
comprei araras,8.360199446259843e-05
não recebi retorno,8.35870259897269e-05
comprei uma capa,9.197650445720458e-05
nota fiscal estou,8.357515592968477e-05
chegou na minha residencia,8.353891143705109e-05
para celular,0.0001034829544398126
não entregou produto não,8.350535291108585e-05
rosa veio,8.350101025428242e-05
só entregaram os,8.34882017386232e-05
75,9.311495621604596e-05
boa tarde produto,9.446267351709666e-05
um produto falsificado,8.343956848516809e-05
pagar um,9.036904282431332e-05
não tenho nenhuma,9.307334461794525e-05
pvc,0.00010473168477183651
cofres só,8.338998224188379e-05
veio trocado,9.49531978755452e-05
da tampa,9.14964735067727e-05
base não,8.336771586168841e-05
toalhas de banho,8.336693784738592e-05
ligando,8.932197479397862e-05
não recebi produto consta,8.331442803412419e-05
mostrava,0.00012702020320229314
paguei pelo produto não,8.330533207678713e-05
errado estou,8.329424433856447e-05
tempo que,0.00012771237276850927
recebi produto porem,8.326397216402076e-05
descobri que,8.324999704475764e-05
44,8.324889088101411e-05
recebi meu produto já,8.3246387427854e-05
giratória,8.323078459333702e-05
não gostei não,8.321709294914209e-05
entrega do produto não,8.321498275858914e-05
dias já,0.00010916944459953179
devolverei,9.194673731413175e-05
chegar para,8.319263305715952e-05
fiquei sem,9.345381770046379e-05
dois produtos um,8.316545308142417e-05
faltando os dois,8.314587219621138e-05
consta como se,8.314173798592361e-05
tapete foi,8.314060211341687e-05
fico aguardando,8.95281373082438e-05
foi entregue uma unidade,8.312698227054397e-05
comprei produtos só recebi,8.311230019760131e-05
ainda não fui,8.310646621060514e-05
vga,8.310508502571211e-05
aguardando contato para,8.306868589025626e-05
estou na espera,9.143871805687786e-05
eu quero meu produto,8.304072645382585e-05
solicito troca do produto,8.303915638132867e-05
incompleto não,8.303574867211452e-05
só recebi um dos,0.00011656410552414558
não compro mais nada,8.301797099911841e-05
produto ou meu dinheiro,8.297247850932277e-05
meu aparelho,0.00010202922749956503
de caixas,8.285477323987665e-05
porque nao,8.285092993219303e-05
não capa,8.283889141195225e-05
nos meus pedidos,8.28382127453609e-05
não receberam,8.282036449612e-05
não cumpriram prazo de,8.281052617035794e-05
cumpriram prazo de entrega,8.281052617035794e-05
duas bonecas,8.277508116269483e-05
estampa não igual,8.277477959503897e-05
embalagem chegou,0.00010763574611104355
melhorar muito,9.559164384764892e-05
comprei foi uma,8.273792887020145e-05
vou fazer,0.000159364457706639
um dos pendentes,8.270976979092447e-05
eu fiz compra de,8.90320322287109e-05
exijo uma resposta,8.268901139220816e-05
feita pelos correios,8.98970249705746e-05
produtos so veio,8.267796658277177e-05
que comprei mas,9.242793416284921e-05
valor de duas,8.265751808351377e-05
um deles não,8.265567550128818e-05
vazou,0.0001251845988041506
quando foi,8.263823509453904e-05
com lacre violado,8.263548505947972e-05
itens mas,8.263368658768485e-05
mesmo assim não,8.262174707497184e-05
porque veio,9.910590331135953e-05
gostei do produto mas,0.00013243440682485347
não carrega,9.07846451490234e-05
as mantas,8.259096440632007e-05
receber item,8.258522500610637e-05
ruim na,8.258278942127296e-05
foi mal,8.25742042860322e-05
estou tendo problemas,8.255065542610318e-05
outro quero,8.25497954113987e-05
juntamente com,8.254580232484331e-05
comprei modelo,9.446199583203691e-05
receber uma,9.030897694330707e-05
em entregas só,8.253880597900524e-05
porém ao ligar,8.253455264222561e-05
uma data,0.00010084723767388118
sendo que comprei duas,8.252180302898512e-05
sendo que só recebi,8.251642258658768e-05
02 produtos,9.15361118663356e-05
última vez,8.250398485900074e-05
jogo americano,8.249643018186617e-05
recebi mensagem,8.248901626837098e-05
não durou,8.247308597416483e-05
não responderam,8.864464108847042e-05
chegou faltando um item,8.245678410886165e-05
que recebi tem,9.195463479089648e-05
comprei pensando que,8.243426223513995e-05
minha mercadoria não,8.242797516536694e-05
havia cancelado,9.248316687803755e-05
comprei unidades do produto,8.241941226882484e-05
eu comprei não,8.240379542584279e-05
ao mostrado,8.238286747999955e-05
pois recebi,0.00013808337242504726
mails para,9.02145424493605e-05
83a,8.233481902040387e-05
bcaa,8.230911514486732e-05
me dão,8.229887230577487e-05
com vidro,9.183465745299155e-05
no frete,9.348390877948141e-05
uma unidade chegou,8.224088270521521e-05
meu pedido estava,8.223808470620292e-05
que devolver,0.00010579245202957686
descaso com consumidor,8.221381592119959e-05
de altura,0.00012579334000124793
site dos correios,9.54398489546257e-05
produto não atendeu,9.01256127548517e-05
compra mas não,9.125862325710329e-05
meses para,0.00010870533882160749
havendo,8.21538782122192e-05
toalhas muito,9.324419209409804e-05
de silicone,9.459711381626204e-05
não condiz com produto,8.214084167711319e-05
entrega da segunda,8.212838906110497e-05
produto apresenta,0.00010366857906658492
pra vir,9.059322001274902e-05
ainda de,8.211382584274879e-05
se esgotou,8.21121631113737e-05
recebi meu pedido completo,8.210985743408227e-05
veio com tela,8.21086562276368e-05
para que eu possa,8.20877486678067e-05
08 ainda,8.208351926099349e-05
como assim,8.206808427431686e-05
de coruja,8.199782778709078e-05
duas foram,8.199134059832937e-05
comprei um jogo de,8.995092542198991e-05
depois de dias,8.956385622859712e-05
sem lacre,8.1949008949991e-05
do tapete,0.00011787577578282348
está meu produto,8.191623686402435e-05
totalmente fora,8.189927399019114e-05
há mais de 20,8.18967509510144e-05
iguais só recebi,8.188855958430111e-05
valor cobrado,0.00010630290326102407
camelô,8.187452280641706e-05
chegou amassada,8.187129782075669e-05
pendente de,8.185657400167414e-05
tentei fazer,8.18531088591059e-05
na cor diferente,8.184081736322077e-05
produto até dia,8.180982929113066e-05
em contato várias vezes,8.178502250863561e-05
fixar,8.178307599413205e-05
poderiam ter,0.0001440727404114536
pedra,8.993153318438648e-05
saber se ainda,8.177340604177849e-05
de ma qualidade,8.176855438873574e-05
com nota fiscal dos,8.176483131528562e-05
ja passou prazo,8.174827532113035e-05
status está como,8.17256248156612e-05
estou preocupada,8.850262961716414e-05
posicionamento da loja,8.170362385828913e-05
correios do,8.833751267672527e-05
nem se quer me,8.166985527073624e-05
por que comprei,8.166951636732156e-05
mesmo não foi entregue,8.165530343099317e-05
recomendaria loja,0.00011946117794377099
foi entregue 01,8.164159090997427e-05
reclamação nada,8.163418546193872e-05
está escrito,9.330707203350752e-05
do produto quero,8.162176546399369e-05
desconforto,8.948770388638828e-05
correios desde,8.160152860361717e-05
resolver um problema,8.15890842566302e-05
entrega fora do,8.158239674670608e-05
fui avisada,9.885644328231915e-05
estou indignado,8.156107259152487e-05
entregou meu,8.836015258780487e-05
entregue pois,0.0001043878679185712
recebi estão faltando dois,8.15558591834663e-05
tapetes só recebi estão,8.15558591834663e-05
só recebi estão faltando,8.15558591834663e-05
produto ainda nao foi,8.154680994477934e-05
spray,8.154457221236707e-05
jogos de lençóis de,8.153347472410908e-05
de lençóis de cetim,8.153347472410908e-05
contato por mail,8.152944121437245e-05
diferente do anuncio,8.152752895316043e-05
que me enviaram,9.093108181157561e-05
foi entregue somente 01,8.150695322185318e-05
01 18,0.00010270786318731098
em contato para troca,8.149093125302257e-05
por ser de,8.914029116446574e-05
loja porque,0.00010875518222445305
de volta estou,8.141617402930724e-05
da mesa,9.56790652766071e-05
apenas uma foi entregue,8.140616175915388e-05
cheio de defeitos,8.14014568200987e-05
consta que meu,8.140126585565084e-05
duas cadeiras uma,8.139588352147186e-05
foi enviado um,8.139326565440177e-05
encaminhado para,8.138683239795843e-05
usá lo,0.00011905666655949906
até momento não obtive,8.136439109903406e-05
correto porem,9.129200984339263e-05
12 não,8.132363858615944e-05
no dia 16,8.676023957049876e-05
meu produto chegar,8.128990539803023e-05
elefante,8.128230743591251e-05
avaliar pois ainda não,8.128002419528824e-05
ser feita,8.868329410308911e-05
sobre os,8.828981452379143e-05
ainda está dentro do,0.00011568817699185584
consigo cancelar,8.121180538846373e-05
não veio na cor,9.55956370756656e-05
por motivo de,8.703628876504638e-05
comprei cadeiras só recebi,8.117771866609315e-05
um processo,8.983102685780072e-05
não tinha em estoque,8.114644709544649e-05
quando será entregue,8.113687366621509e-05
não querem,8.11305603092062e-05
rosas,8.900308752924283e-05
comprei um produto de,9.048826917910543e-05
foi vendido,9.954214268443466e-05
dia da entrega,9.20666624031766e-05
na fatura,0.00010335459476022652
em nome de outra,8.106759411478539e-05
produto errado não,8.105280074778219e-05
momento estou no aguardo,8.104200885603433e-05
até momento estou no,8.104200885603433e-05
so veio um produto,8.104005740404748e-05
do valor do produto,8.778241449629108e-05
de bolo,8.103024583968734e-05
não recebi muito,8.102305999966249e-05
mas só foi entregue,8.100427349713465e-05
no dia 09,8.09949652365884e-05
reposição,9.076818485866514e-05
dinheiro de volta ou,8.09863072751395e-05
parece que não,8.097123575161042e-05
troca ou devolução,8.095525726369409e-05
eram para,8.092347420984764e-05
só por,0.0001023110958961549
produto estava com,0.00010123053833338098
caro para,8.960053730472524e-05
não recebi nada ainda,8.085651926235712e-05
produto foi roubado,9.993987455885243e-05
não recomendo compra,8.084584941785883e-05
produto não chegou em,8.865181838403779e-05
produto lamentável,8.083524524734311e-05
um tablet,8.082802189214492e-05
como faço pra,0.00010987523532801347
deu retorno,8.078020700129316e-05
escrevi,9.432506180337663e-05
errado comprei um,8.706153251711973e-05
do desenho,8.075075593507444e-05
relógio casio,8.768034257474589e-05
mas meu,9.396975147885223e-05
entrarem em contato comigo,8.071463309839295e-05
péssimo não,8.864322946674243e-05
defeituoso,8.970325929758991e-05
somente as,8.922983058995173e-05
pedido pago,8.063671198926802e-05
no site consta como,8.857508740087974e-05
modelo da,8.061777811742819e-05
produtos mas na,8.061400467422215e-05
06 17,8.058984392883657e-05
demais produtos,8.058074328590086e-05
compra pela metade,8.057532719300795e-05
veio espero,8.056840680274445e-05
produto não foi recebido,9.30485984944865e-05
produto não chegou está,8.056108029855326e-05
original da,0.00013894115741737035
até agora estou aguardando,8.051370707841006e-05
coberdron,9.695674284940354e-05
uma troca,8.047413664622503e-05
eu comprei duas unidades,8.047358638558423e-05
quase não,0.00010883888914648256
um compra,8.043139747609135e-05
de energia,0.00010820674688812603
foi entregue com defeito,8.043036253338649e-05
já comuniquei,8.042077371969136e-05
não sei motivo,8.781559863693539e-05
cancelaram meu pedido,8.038778560242362e-05
veio produto errado,8.036439292387838e-05
carrinho não,8.685625248470714e-05
de magnésio dimalato,8.033574615539817e-05
apenas um dos dois,8.033229110179737e-05
dão satisfação,8.03281174990494e-05
devolução do valor pago,8.80114439332658e-05
irresponsável,8.030662330740905e-05
erro de,0.00010997379040697374
rachadura,8.029823308757635e-05
produto gostaria de saber,9.71497049303387e-05
era duas,8.026969981879554e-05
saber como vai ficar,8.026326951171877e-05
estão com,9.048084961651629e-05
só da,8.747449028840313e-05
um produto para,8.728703148669397e-05
recebi ate agora,8.019039724510374e-05
ocorre que,8.018433521335855e-05
porém só foi entregue,8.018125273893477e-05
não sei que aconteceu,8.01208198765213e-05
original hp,8.011426825260101e-05
já se passou,8.011293798689978e-05
frustrado,8.01009215736771e-05
mochila não,9.560777790894895e-05
enviado ainda,8.007374902973973e-05
comprei três produtos mas,8.00553495140009e-05
momento recebi apenas um,8.00436523626861e-05
produto mesmo não,8.004140657978305e-05
site consta como entregue,7.994201031977586e-05
entrega era até dia,8.655429426476506e-05
eu comprei uma,9.34651354338742e-05
hoje não recebi produto,7.988663134580825e-05
comprei controles,7.988185456205665e-05
gonçalo,7.987017325073145e-05
nunca mais vou comprar,7.986778154728004e-05
pedido de devolução,7.986095684436235e-05
produtos recebi somente um,7.98100282811777e-05
capa de sofa,7.979483310893777e-05
tres unidades,7.975523693522868e-05
entrega não está,7.975256169965828e-05
expectativas não,7.973481788885172e-05
não foi resolvido,7.972989752931192e-05
comprei os,8.750240703600659e-05
me entregarem,7.97147360393869e-05
não foi produto que,7.969064405825499e-05
dificuldades na,7.968517961424369e-05
problema mas,9.30613781589735e-05
errado já,7.966530876854196e-05
nao obtive resposta,7.964923059283755e-05
60 cápsulas,7.964227064460469e-05
troca estou,7.962699695750272e-05
produtos estavam,7.960002103872818e-05
apenas um aguardo,7.959865268834814e-05
como entregue não,7.957932154917865e-05
uma prateleira,7.953441144634587e-05
como podemos resolver isso,8.58148887273751e-05
veio uma unidade,7.950537351199432e-05
tem responsabilidade,7.950516204174027e-05
soltou,0.00012147662976387638
do produto até agora,7.949443152946061e-05
foi entregue porém não,7.947656079781889e-05
intermediário,7.947302778328258e-05
aviso de,8.638428190787849e-05
comprei três produtos recebi,7.942919345871644e-05
comprei gostaria de,8.715910498814712e-05
quero estorno do meu,7.940521304341711e-05
produto está em,0.00011266886097392463
gostaria de uma posição,7.939149209261691e-05
mas valor,8.586349019748651e-05
tanta,8.960350882938098e-05
chegaram num dia,7.937703719532064e-05
atrasos,0.00012428080365675957
arrumar,8.90378336539473e-05
bom dia produto,0.00011728800388765174
vazamento,8.616229298723658e-05
não obtivemos,7.932441007390074e-05
dia até,7.931801669442108e-05
uma caixa de papelão,8.72124422032264e-05
662,7.930949361590039e-05
produto até momento estou,7.929004260186815e-05
devolução estou,8.969573689471712e-05
voltou para,7.92763883224652e-05
mais não recebi,7.927363097049268e-05
da entrega no,7.9273246841751e-05
foi cancelado sem,7.926959595331045e-05
sido cancelada,8.567441454945124e-05
os copos,9.991735604287196e-05
que qualidade,8.797689348278448e-05
tô esperando,7.919703879507954e-05
já mandei email,7.915436799724784e-05
demora do,9.619505993284381e-05
recebi um falta,7.910469488355801e-05
estou aguardando minha,7.90790428553691e-05
produto veio na cor,7.907372441221612e-05
falta entrega de um,7.90590905874165e-05
capa case,7.904744621677386e-05
primeira vez que não,7.904545203372462e-05
descrição não,0.00010747706851041692
no site está,7.904291181847074e-05
sem proteção,0.00010475397732675879
brincadeira,7.9037892461396e-05
que comprei comprei,8.8026529357443e-05
mosquiteiros,7.901829180400119e-05
decorativos,7.897819023092243e-05
limpeza,0.00010592408099593341
consumidora,8.583947357645212e-05
computador não,7.894855211046153e-05
uma máquina,0.00010503401492255868
no prejuizo,7.894308110771793e-05
para envio,0.00012067334073278044
problema dos correios,7.889276930117459e-05
da minha encomenda,7.888737082161866e-05
momento ninguém,7.888654327717737e-05
ao correio,0.00010215497442451209
entregador,0.000149714056012183
recebi apenas gostaria,7.88580104577754e-05
entra em contato para,7.883689758859147e-05
me enviaram outro,7.880004906503583e-05
entregue parcialmente falta,7.878319292192864e-05
loja nao,8.677842321325771e-05
gato por lebre,7.874649451918283e-05
eu comprei paguei,7.874408921353398e-05
alguma coisa,8.783006830644578e-05
site bom,9.896997256792842e-05
que ate agora,7.873165563739976e-05
demora pra entregar,9.726471053778682e-05
dois suportes,7.870785285160004e-05
não me entregaram produto,7.87069710993744e-05
porem veio,0.0001256059400551976
não consegui contato com,7.86940152296132e-05
resposta do porquê do,7.866059053132841e-05
do porquê do atraso,7.866059053132841e-05
não obtive resposta do,7.866059053132841e-05
obtive resposta do porquê,7.866059053132841e-05
lannister também,7.865919975815942e-05
acerto,7.864878686562243e-05
extraviado,0.00010419856076700715
motivo de não ter,7.863969967413246e-05
os correios já,8.972040749392143e-05
recebi amarelo,7.859714611652486e-05
perguntando se,8.757783361491256e-05
estourou,7.856654757959017e-05
me encaminharam,7.85651522112646e-05
uma nf,7.854856278232186e-05
só espero,7.852919248454258e-05
só foi entregue até,7.851810984218194e-05
aparência de usado,7.847301455672283e-05
um outro produto,9.684351208806246e-05
porém recebi apenas uma,7.843076131531956e-05
garrafa térmica,7.843056635390817e-05
moringa,7.841978884384015e-05
grau,9.535168637565015e-05
consta no site que,0.00010216235255244878
um péssimo,9.359760200643035e-05
empresas que,9.920641647255707e-05
comprar em outro,7.83705875901951e-05
minha conta,7.833018105019844e-05
dia 27 03,7.831277186340798e-05
totalmente insatisfeita,7.829711732448225e-05
um da,7.829619984267345e-05
porque meu produto,7.829162122131006e-05
me senti enganada,7.827965053807274e-05
deixou muito desejar,7.827616523149578e-05
nao fiquei,7.827046720840674e-05
estou aguardando para,7.825684984647555e-05
estava indisponível,8.483934569183347e-05
atrasado ainda,7.821712976063133e-05
somente kit,9.035432493556158e-05
veio faltando um produto,7.820556423557446e-05
tecido muito fino,0.0001022664127735459
esta dizendo que,7.818170735165064e-05
impossibilitando,8.496433733853984e-05
relógio foi entregue,9.307758772173051e-05
nao recebi ultima,7.816267265118378e-05
veio errado comprei,8.630827714644501e-05
inadequada,8.773744919061873e-05
msm,0.0001303995061547189
na hora de,0.00017946360620320885
recebi caixa,7.812850538177077e-05
mas faltou,7.811990781423964e-05
logo não,9.207961995519917e-05
para entrar em contato,7.810667642237044e-05
não recomendo essa loja,7.809529964449946e-05
no dia 20,8.340076271597132e-05
motor,0.00011621331390061387
com costura,8.49145358763061e-05
no mesmo dia que,7.803760558875594e-05
compra de três,7.803507529381739e-05
fiquei triste,9.618892684806529e-05
comprei no dia,8.344070245221813e-05
faltando jogo de lençóis,7.800534983101558e-05
totalmente entregue,7.800129207004766e-05
recebi produto loja,7.797886835146249e-05
comprados aguardo,7.797010413720717e-05
mês que fiz compra,7.7946496872319e-05
comprei estou aguardando,9.728730828776583e-05
entregue mas até,7.793788132866887e-05
um retorno do,7.790576776814682e-05
duas valor,7.790054687589136e-05
comprei quero,7.78990467973838e-05
comprados juntos,7.78926720328343e-05
não uma,9.191741381658688e-05
apenas 02,7.786809043001907e-05
só entregou um,7.786611969684601e-05
porem recebi,0.00010104429108179684
diferente do qual,8.438791845897334e-05
em nenhum momento,8.36422698687511e-05
muito inferior ao que,7.779226266777119e-05
fino frágil,7.778975217691842e-05
colchão mas,7.776346520178147e-05
mas estou aguardando,7.776057800378131e-05
deixaram,0.00014126461885320178
que não pode,7.771586054765035e-05
se não tem,8.34347182728258e-05
base dermacol,7.76802717711334e-05
não dá pra,0.00012187107175984061
boa noite produto,8.664140511494707e-05
resposta até momento,7.765555219674169e-05
trocá,7.764496514210913e-05
pincel,0.00010726344427127255
um toner,7.762944244558642e-05
com defeito no,7.761844992174733e-05
até agora ninguém respondeu,7.757528146643984e-05
resposta até hoje,7.756902817765932e-05
30 dias não recebi,7.75551318566243e-05
veio completamente,8.716841920153244e-05
as lentes,9.99848538845135e-05
chegou uma capa,7.751044825343943e-05
felpudas,7.750918687340674e-05
do que eu pedi,7.75059589629172e-05
foram os,7.747988130504338e-05
aguardo entrega do,7.74730589606479e-05
justamente,8.74080260646087e-05
compra de kits,7.745160782143091e-05
um nota fiscal,7.744475163976204e-05
em trânsito,7.743433738725178e-05
de postagem,0.00010607828382409396
velha,9.154894345360713e-05
do produto para,0.00011885624542990322
chegou com caixa,8.796471522313775e-05
ate agora recebi,7.73889196929273e-05
carteira não,7.737791755018663e-05
os pés,0.00012176752586329489
recebo um,7.735419640742615e-05
mostrou,0.00010385946091620063
de lugares,7.7349742234534e-05
momento foi entregue,7.732094301382989e-05
indisponibilidade,7.731717145739695e-05
unidades mas na,7.731114721660606e-05
taxas,7.72954057755177e-05
mas so foi entregue,7.729385476606123e-05
prazo não consigo,7.727383610967072e-05
devoluçao do,7.726950302425835e-05
aguardo entrega deste produto,7.726633027215662e-05
são boas mas não,7.725905648882653e-05
pedi uma colcha,7.725458901846127e-05
que tela do,7.725450568896958e-05
está faltando entregar,7.725440861184552e-05
dia 20 03,7.724439134044557e-05
qualidade inferior ao,8.486086570266092e-05
dentro de uma caixa,8.518915429378451e-05
cristal,7.720998723897702e-05
problemas de,7.720825384667261e-05
depois não,7.720807503262203e-05
meu produto quando,7.719616619590263e-05
ainda não recebi os,8.641878875771512e-05
porém só recebi unidade,7.71796435777764e-05
não chegou já passou,7.716497844859227e-05
no boleto,7.713257005147361e-05
prazo de entrega que,9.655250577763128e-05
me falaram,7.709201828210832e-05
compra no dia,9.387042389548293e-05
até dia 26,8.925378168684316e-05
identidade,7.706580479673771e-05
disponível para,7.704208955885263e-05
comprei recebi apenas,7.70420503423906e-05
ainda não entregaram,7.702182915299127e-05
ressarcimento do valor pago,7.700440225923835e-05
desejo devolução,7.699720714860968e-05
ligar no,7.697381848270638e-05
não aparece,7.69602481510834e-05
demora muito pra,9.177594870713185e-05
nem sei que,7.693078516570849e-05
qual não,7.690324792703568e-05
produto que ainda,7.688945057890202e-05
de são,8.423090243176867e-05
para enviar produto,7.688158811473838e-05
estou devolvendo,7.685650112119815e-05
contatar,7.685567394424138e-05
entregado no,9.8267000277832e-05
cartucho colorido,0.00010703274438641308
atendimento por,7.684270262607441e-05
parceiros que,7.68411220218619e-05
cumpriu prazo de entrega,0.00010004597948087703
com arranhões,8.520073457348563e-05
26 12,8.255361321607897e-05
atenderam,0.00011378798945681706
meu produto mesmo,7.679961436685152e-05
no anuncio diz que,7.678897835331747e-05
sido usado,7.677086713167464e-05
medidas não,7.676559987207005e-05
produto quero meu dinheiro,7.676272049359664e-05
falha no,7.67509231413049e-05
nas informações,9.960725032776273e-05
que não chega,7.672084027999344e-05
espero uma resposta,7.670173340343371e-05
só havia um,7.670101578514508e-05
peças de,9.287809644791666e-05
foram comprados dois produtos,7.66932968482302e-05
no dia que,8.656098876501345e-05
sem resposta da,7.665642335175653e-05
não cumprem,8.313442236619067e-05
até hj nao,7.664672478164742e-05
corretamente porem,8.608685957227027e-05
na entrega até,8.899683886603118e-05
site da lannister não,7.662819572621122e-05
três jogos de,7.660990951272351e-05
não fui atendida,8.285510112102573e-05
nem responderam,7.660488989311074e-05
chegou os,0.00010607770593646158
claro que,9.675083997938827e-05
ideia,8.524413578305478e-05
gostaria do,7.65587159417334e-05
semi,7.654361766675484e-05
porém veio faltando um,8.506390735551262e-05
chegou na unidade,7.652997453133149e-05
controles remotos,8.263515304611429e-05
na cor amarelo,7.646739792241955e-05
xale,7.644859698886764e-05
tampa da,7.643708186181267e-05
empresa não entrou em,7.643545173711542e-05
fazer cancelamento,8.232222193689616e-05
problema comprei,8.372025993105679e-05
não tem nenhuma,8.267416899223663e-05
recebo resposta,7.636897769164163e-05
pior não,7.636645120540767e-05
eu gostaria de saber,7.636319948748591e-05
pagamento foi,8.877331412930107e-05
sintético,8.385598740132488e-05
frete tive que retirar,7.635527733762347e-05
para tentar,8.460054518245248e-05
03 até momento não,7.634692063942151e-05
anunciam,7.631641290490773e-05
outro inferior,7.630354249508224e-05
muito menor,9.201523416902878e-05
nunca mais compro nessa,7.628948757244414e-05
produto deixou desejar,0.00010050809267471455
em vez de,9.101344106701523e-05
grosseiro,7.625544657201916e-05
duas até,7.624479561678655e-05
retorno da empresa para,7.623873585200423e-05
do cabo,0.00010579425435932605
sem ser,7.621783532554564e-05
para pagar,7.620802149440592e-05
meu pedido nao,7.619601069715069e-05
veio está,7.619170200700137e-05
que esta no,8.625842852855787e-05
entrei em contato não,7.617126436769137e-05
não recomendo porque,8.276515559058212e-05
estou até,8.288330574755175e-05
solicito devolução do,7.612686359011726e-05
se eu não,7.611943054669066e-05
acho que deveriam,9.631028257874644e-05
preto colorido,9.244838428810795e-05
recebi meu produto até,9.236743107386628e-05
era para ter,8.28082776716183e-05
dois tapetes,7.609157521029587e-05
abri embalagem,0.00011080180110076809
aguardo posicionamento,7.607293058364657e-05
foram pagos,7.606864883724308e-05
um envelope vazio,7.602885002587937e-05
13 12,7.601931310697201e-05
uma posição da loja,7.600034508770767e-05
não gostei dos,7.599987613515847e-05
somente metade,7.599495722511989e-05
entender que,8.679596250486948e-05
não foi entregue totalmente,7.59879109436751e-05
foi entregue empresa,7.598247864111564e-05
vou entrar na justiça,7.597606776179446e-05
da devolução,9.61562620125009e-05
produto em minha,7.596634982692537e-05
será que,7.595065533843158e-05
crossfit,7.591333010645404e-05
dois fones de,7.590842673900846e-05
entregue aguardando,7.589189138456342e-05
nem ao menos,7.585914957554034e-05
itens da compra,7.585581171593332e-05
coqueteleira,0.00010266330404644692
de saber que houve,7.5811111257642e-05
mais nao,0.0001027028096852827
um produto de dois,7.58075992048419e-05
vezes mas,8.497194001775089e-05
aguardando nota fiscal,8.255231308183469e-05
compra era,7.577142461834412e-05
de instalação,0.00010752298850413985
27 12,7.576962746885929e-05
reclamaçao,8.282838659986136e-05
unidade porém,7.575782873280063e-05
apenas metade do pedido,7.572577946032614e-05
resposta do vendedor,7.568286150012162e-05
tambem não,7.5668412217737e-05
produto mas produto não,7.56438361402883e-05
verifiquei que,7.564347989478023e-05
regularização,7.562638162674055e-05
marcado como,7.562346598524937e-05
pensei que as,7.560455805452985e-05
um kit falta,7.560285614217397e-05
tentaram,9.266278162163732e-05
voltagem errada,8.240006931432806e-05
vou pagar,7.557648064305591e-05
no site como entregue,7.556280098138497e-05
um no dia,7.550700552913426e-05
quero os,7.550322863908443e-05
há 15,7.54943875940696e-05
nem recebi produto,7.549324128273677e-05
para dizer,8.33084439243199e-05
reclamação estou aguardando,7.548721620988319e-05
veio branco,7.54824541433681e-05
estou aguardando restante,7.546526591908586e-05
ate momento nao recebi,8.201132861763545e-05
uma das peças,8.343148330825318e-05
errada pedi,7.544462761270819e-05
até agora recebi,7.543718615401018e-05
lancheira,0.0002038616626237964
meu pedido em,8.629057817861217e-05
nao vale,8.435185981738067e-05
porque da,7.53771581642121e-05
que retirar produto nos,7.534272588019974e-05
mas uma,0.00010517530754460447
black friday,8.146668070253324e-05
de passar,8.34727121082327e-05
embalagem estava,0.0001105576532597656
fornecedores,0.00011538512621034424
entregue nenhuma,7.521048808789869e-05
foi entregue nem,7.52007870163769e-05
colocar as,8.977147545255674e-05
paguei por unidades do,7.51851748169026e-05
nao foi entregue no,7.518404442613671e-05
eles deveriam,7.515262763863784e-05
que comprei de,8.22945373495773e-05
produtos mais,7.513654948463259e-05
demorando demais,7.512484467148265e-05
não possui,0.00011363487169194366
porém nota fiscal,8.094576521087412e-05
produtos mas somente,7.506346758731949e-05
estou pagando por,7.505724362524882e-05
trabalho para,7.504744011504414e-05
prazo para entrega muito,7.504731610778374e-05
era no,7.503497155441155e-05
porem chegou,7.503492686027497e-05
constam dois,7.500177597425803e-05
mal feita,7.500149884612896e-05
empresa nem,7.498560312524338e-05
notificado,8.458940888306627e-05
de receber meu produto,7.494831981671978e-05
produto muito diferente,7.493929227767486e-05
uma péssima,7.493454241092113e-05
momento eu não recebi,7.492273590796705e-05
dos parafusos,7.491896888083068e-05
semana que vem,7.491825057724662e-05
porém só recebi uma,7.491173459997963e-05
que veio não,8.163109518086494e-05
meu relogio,9.50214728895262e-05
no entanto só,7.490085630731269e-05
era mais,0.00012577500323713794
já paguei primeira parcela,7.489143996849165e-05
até momento nao,7.4856655596769e-05
recebi modelo,7.483275503778225e-05
de kits de,7.483119774449244e-05
pago de,7.482865898769195e-05
unidades do produto porém,7.482863912251046e-05
só entregaram um,7.481475857593093e-05
foi de três,7.480087031495406e-05
correios ou,7.478891291688395e-05
produtos mas não,7.477940126668482e-05
só recebi um não,7.476017279313246e-05
avaliação esta,7.474817112645534e-05
recebi nota fiscal de,7.473929059736478e-05
da frente,9.942499392545464e-05
demora no,9.353992081947724e-05
funciona mas,7.473177076945511e-05
devolver quero,7.473149798951712e-05
rasurada,7.472423103204726e-05
reclamacao,8.339037665277071e-05
chegou estou aguardando,7.47118122113497e-05
outra estou,7.47099816322133e-05
plásticos,0.00010010181588282051
mas não me,8.535807982724227e-05
da mesma loja,0.00014773222451769412
perdendo,8.521564110077805e-05
informado no site,9.02411474109458e-05
mas não produto,7.459538212054499e-05
saída,8.88535588526602e-05
muito fraca,0.00010053175014011008
mesmo produto foram entregues,7.457438996699862e-05
do mesmo produto foram,7.457438996699862e-05
foi aberto,8.638633782016397e-05
na impressora,9.71246819356673e-05
efetuei compra de dois,7.456194075996084e-05
vendido pela,7.455503000375418e-05
da transportadora,9.878327628346496e-05
que status,7.453604092846101e-05
pedido eram dois,7.45311655581893e-05
consta que já recebi,7.449925367788922e-05
avaliar sem ter recebido,7.449808317293859e-05
posso avaliar sem ter,7.449808317293859e-05
nenhum retorno da loja,7.447269091649509e-05
posso avaliar pois ainda,7.445285644108978e-05
comprei itens recebi apenas,7.442906564563334e-05
olha que,8.477518233021558e-05
produto diferente da foto,8.39121418231434e-05
um dos cestos veio,7.44135114617146e-05
cestos veio sem suporte,7.44135114617146e-05
dos cestos veio sem,7.44135114617146e-05
150,8.986370311183647e-05
diferente da propaganda,7.439701733781928e-05
de parede recebi,7.437770517576593e-05
ele foi,0.00011500227314387164
de 60,7.435483701845643e-05
na loja para,7.435055004883685e-05
ate agora nao chegou,7.4343139294224e-05
do cancelamento,7.433441716816485e-05
concentrado,7.43334395548716e-05
entregaram um produto,7.43225281779166e-05
errado ainda não,7.429539697652138e-05
produto isso,8.662204878503549e-05
recebi na cor,9.766060297683006e-05
tenho que ir,7.426644657561462e-05
para dar de presente,9.743041835464519e-05
de 25 dias,8.046317343470649e-05
para explicar,7.423786714101046e-05
consta de,7.423743902766148e-05
porém película veio,7.422400939956667e-05
saber quando vai chegar,7.42150841559575e-05
não funcionam,7.418093807821005e-05
correios tive que,7.417305191450288e-05
pois era,0.00011631248580216482
nada haver com,7.413558401819785e-05
fazer pois,7.413122758619942e-05
apesar de constar,8.088830635931295e-05
duas não,7.411549089217494e-05
eu so recebi,7.41060922760762e-05
sempre comprei nas lojas,7.410496144522531e-05
produto aguardo retorno,7.409884055137195e-05
mas ainda não obtive,7.408756797575527e-05
pago um,7.406884934400544e-05
outro completamente diferente,7.406282740672968e-05
und compradas,7.405701455130074e-05
foi entregue na data,0.0001114973610668719
só isso,7.402825088767236e-05
fiz comprar,7.402447371690406e-05
mês ainda não recebi,7.399794801250704e-05
achei que produto,9.87387920914082e-05
entra em contato com,7.39748756719757e-05
produto não original não,7.396270812529658e-05
prazo mas não,8.660054963047472e-05
umas das,8.126437006155937e-05
urgência pois,7.395529943680671e-05
não vou avaliar,7.394026435494358e-05
devolvi produto,7.392810147357076e-05
esperando nada,7.390930771299734e-05
reais de frete,8.048648946160821e-05
trocar por outro produto,7.389883356336669e-05
quase um mês depois,7.3884897977498e-05
de dois dias,8.23637677584994e-05
produto que nao,7.386762474329617e-05
disseram que era,7.995537602419949e-05
chegou em um dia,8.354355329793511e-05
porém não obtive resposta,7.382511413110976e-05
não estão,8.743679015888179e-05
no último dia do,8.258596546683217e-05
único que,7.380986303722313e-05
central de,8.22864693765593e-05
continuo sem,7.380924762356752e-05
churrasqueira no,7.380280094042162e-05
com duas,0.00013048094098401546
resposta não,7.378367138450438e-05
chegou totalmente,9.901754689115141e-05
diretamente,9.185261193416873e-05
de 220v,7.376443364383705e-05
uma central,7.37324357849458e-05
uma compra que,7.371466473644686e-05
ainda não obtive retorno,7.369002239668121e-05
ursinhos,7.366718280684209e-05
compra realizada,0.00019200886527071206
não sei onde,7.36621574037901e-05
veio somente uma pastilha,7.364027205496956e-05
de 06 nao recebi,7.364027205496956e-05
06 nao recebi cloro,7.364027205496956e-05
pastilha de 06 nao,7.364027205496956e-05
somente uma pastilha de,7.364027205496956e-05
uma pastilha de 06,7.364027205496956e-05
nao recebi cloro ainda,7.364027205496956e-05
estava toda,7.363639460341682e-05
falta entregar uma,7.362249395487236e-05
salvador,7.361652755765672e-05
uma vez que,0.00014673610301358552
fui comunicado,7.358420566350437e-05
saindo,0.0001153849790051947
100 algodão veio,7.354417940484672e-05
pendentes veio somente,7.354148210304963e-05
peoduto,0.00010436546597135272
eu não compro,7.352785558299606e-05
segundo item,8.102484925982388e-05
fazer reclamação,7.34959793717296e-05
consta no sistema,7.34874900767331e-05
retorno quanto antes,7.348112610228014e-05
presente momento nao recebi,7.347208637492802e-05
uma pulseira,7.345140044301853e-05
recebi apenas de,7.344380380045078e-05
maquiagem,8.50861047600494e-05
insatisfeita pois,7.95980978252287e-05
mensagem que,7.342380967071457e-05
não consigo fazer troca,7.34088930193741e-05
um combo,7.340557022318466e-05
errado nao,7.340380477404671e-05
colcha que,7.339370576752224e-05
loja ainda não,7.339204195513514e-05
valor que,8.181782502462179e-05
lustre pendente me enviaram,7.334581969409675e-05
comprei lustre pendente me,7.334581969409675e-05
pendente me enviaram só,7.334581969409675e-05
sair,0.00013483520304873663
inferior ao que comprei,7.334132129689268e-05
original quando,7.331696779568569e-05
veio com alguns,8.041323493300303e-05
me arrependi,0.00010082100640578843
falta produto,7.326426559099292e-05
do status,9.806099786413524e-05
ficou faltando outro,7.324534025316362e-05
veio sujo,7.324368558906863e-05
pedi cor,7.951067467439021e-05
jogos de lençol,7.324052987391866e-05
produto muito ruim não,7.320754572162617e-05
apple,7.31856160754101e-05
com pedido de,7.31815645649673e-05
beje,7.963836269505644e-05
comprei cabos,7.316879979540855e-05
cancelou meu,7.316109187002741e-05
colchas de,7.314655863371221e-05
em 28,8.054548856845956e-05
na data de,7.312471232142373e-05
sem forro,7.312393559824879e-05
entrega veio incompleta,7.31048976323443e-05
favor responder,7.309053290013806e-05
recuperar,7.308307745339302e-05
posição quanto,7.307645592799527e-05
status da entrega,9.698535710072352e-05
dia 23 03,7.305927052079968e-05
unidades cada,7.30228459446456e-05
não recomendo esse produto,7.30148629114095e-05
da marca que,7.299749106149583e-05
me entregaram uma,8.988507755826336e-05
tapete muito fino,8.256444063341496e-05
comprei nas lojas lannister,7.296681476903375e-05
entregue somente um frasco,7.296480113513031e-05
gostaria que fosse,7.985364067871037e-05
uma maquina,7.294478710101385e-05
quando recebi,0.00011988307990557652
andamento do,8.106044409043913e-05
um dos produtos foi,7.290890035709213e-05
demorou muito para ser,7.2900261882688e-05
de nota fiscal,8.295683845447649e-05
parte inferior,7.287437788934209e-05
color veio 60xl preto,7.285204865125678e-05
60xl color veio 60xl,7.285204865125678e-05
do pedido os que,7.285204865125678e-05
entregue parte do pedido,7.285204865125678e-05
pedido os que vieram,7.285204865125678e-05
vendedor foi entregue parte,7.285204865125678e-05
comprei 60xl color veio,7.285204865125678e-05
errados comprei 60xl color,7.285204865125678e-05
parte do pedido os,7.285204865125678e-05
são errados comprei 60xl,7.285204865125678e-05
vieram são errados comprei,7.285204865125678e-05
os que vieram são,7.285204865125678e-05
que vieram são errados,7.285204865125678e-05
pessimo vendedor foi entregue,7.285204865125678e-05
foi entregue parte do,7.285204865125678e-05
do relogio,0.00010058129821280401
foto que,7.954734567106835e-05
me reembolsar,7.283239613159977e-05
após receber,8.348671577300916e-05
dizem que,8.461424928293385e-05
prato veio,7.279516079107846e-05
já enviei reclamação,7.279084848520506e-05
fruteira,0.00010258585265538722
horrível não recomendo,7.278252366423731e-05
que produto falso,7.275230494049517e-05
paguei por 02,7.274750262018836e-05
enviado produto,7.934508513791426e-05
organizador de,8.080296789416934e-05
cyan,7.272365959078819e-05
capa de sofá,8.669946847732896e-05
aro 17,7.268871346428656e-05
de vir,9.021105942393926e-05
olhar,8.462695198115722e-05
no prazo certo mas,7.267642847185295e-05
está pago,7.267560914447215e-05
mensagem não,8.141519189979703e-05
os números,7.91636836179093e-05
dos controles,7.986063961900889e-05
do total,7.262472654251392e-05
qualquer satisfação,7.260171921022483e-05
posso recomendar loja,7.26014180169986e-05
já acabou,8.096104304808842e-05
disse que não tinha,7.258678259026607e-05
como dizia,7.258051419197674e-05
ninguém da,7.255425503991568e-05
mas ao,7.252094840689645e-05
quando irei,7.249930224102841e-05
segundo não,8.26708452476968e-05
mascara,8.391345283444545e-05
os produtos corretos,8.768828272206366e-05
protocolos,7.245400675462745e-05
pedido sem,7.873587622663713e-05
já fazem,7.241620942839899e-05
conjuntos de,0.00010058211961770099
unidades do que comprei,7.239074967790748e-05
do que comprei preciso,7.239074967790748e-05
comprei preciso saber que,7.239074967790748e-05
que comprei preciso saber,7.239074967790748e-05
faltou unidades do que,7.239074967790748e-05
preciso saber que houve,7.239074967790748e-05
comprei no mesmo pedido,7.238029037517888e-05
até agora não tenho,7.236309974808617e-05
entregue eu,8.107914994610538e-05
veio na nota,7.231852411072324e-05
produtos só foi entregue,7.228508274461948e-05
dois mas só,7.225949772847588e-05
fones vieram,7.22548158922383e-05
parceiro targaryen,9.917013466061625e-05
solicitei cancelamento da compra,9.813020481933575e-05
material de péssima qualidade,7.22294526258038e-05
produto da mesma,7.222881917035729e-05
com medidas,8.110786397799617e-05
2018 até agora não,7.220703651908563e-05
como no meu caso,7.219255018740279e-05
produtoa,7.218177640033345e-05
que chegaria,8.159212957560703e-05
de junho,7.214192482743567e-05
comprei produto até agora,7.213375272692138e-05
2018 mas até,7.210649510656908e-05
estrela porque,7.20673724955421e-05
vou receber meu,7.204842154637876e-05
encomendei veio,7.204407265819129e-05
nesses,8.027165288895913e-05
os produtos não foram,7.202255547286156e-05
entregar mais,8.421898720225825e-05
produto correto veio outro,7.197445072134207e-05
correto veio outro produto,7.197445072134207e-05
recebi produto correto veio,7.197445072134207e-05
outro produto diferente do,7.197445072134207e-05
veio outro produto diferente,7.197445072134207e-05
se receberei,7.197308571496908e-05
não no,7.196356197662218e-05
na entrega de,7.195643477675301e-05
nesse caso,8.466715215967098e-05
uma cadeira sendo que,7.193558974748789e-05
relógios recebi apenas,7.193240108857227e-05
com produto que,7.912944941741476e-05
enrolados,7.192609640812961e-05
pedido de duas unidades,7.191471902140958e-05
gravação,7.190926574386961e-05
pelas lannister,9.205110154261193e-05
mesmo ainda não,7.189616303940751e-05
produto recebi um,7.189107650194171e-05
já reclamei não,7.187369997351483e-05
soluçao,7.186815015082623e-05
motivo mas,7.186493701679222e-05
de pagar frete,7.82905992196643e-05
produto veio com caixa,7.185410224994516e-05
os cabides,8.169422410649109e-05
canela de,7.18286749218177e-05
no pedido na nota,7.18282050902157e-05
pedido na nota fiscal,7.18282050902157e-05
cheia de,7.890560313762211e-05
que ao,8.985835741463014e-05
dias ainda não recebi,7.179786085829608e-05
não consigo saber,7.179087022175634e-05
estou sastifeita,8.144706153600052e-05
pago frete,9.625368615664795e-05
usada,0.00010113812073876093
esta situação,7.174867089020055e-05
na frente,7.174087565121247e-05
de péssima qualidade veio,7.173127242851691e-05
não recebi todos os,9.373113109402066e-05
nenhuma informação sobre,7.17249729266505e-05
ainda não recebi não,7.170135515934354e-05
agora não obtive resposta,7.169504817350307e-05
do mesmo não,7.169404499000904e-05
tv um,8.059699497435414e-05
um mail informando que,7.900693444098529e-05
não foi entregue só,7.16603732202131e-05
par de,7.165379885988906e-05
que recebi produto,8.991855868423832e-05
recebi produto apesar,7.163630119603262e-05
só chegaram dois,7.162319111826195e-05
não devolvi,8.009905269909764e-05
teclado,0.000169975769894129
produto feito,7.16037328971925e-05
25 de,8.442967614862201e-05
para isso,8.516577473292088e-05
comprei não chegou,7.823475738015147e-05
pq recebi,8.51066218699268e-05
tempo do,7.974126198378113e-05
lannister produto,0.00011573026297519643
veio diferente da,7.853647565890431e-05
banquinho,8.635340660801706e-05
vou atrás,7.155014537389924e-05
as devidas,8.431902984252117e-05
uma falsificação,7.154139966170965e-05
não produto que,7.153771598135286e-05
um serviço,8.636364732195372e-05
satisfação vou,7.14893547919052e-05
da compra pois,8.452830374721889e-05
em alguns,7.878473999596253e-05
capa de colchão,7.147719975348843e-05
suas vendas,8.126535848474345e-05
estava aberta,7.145025308158835e-05
relógios um,8.074422767415274e-05
estão os,7.141045027506793e-05
já pedi cancelamento,7.14096489742646e-05
não foi entregue aguardo,7.139767513340257e-05
um produto me entregaram,7.139435963893327e-05
desta empresa,9.324081908831033e-05
separado em,7.137276920866725e-05
oakley,7.135668038601985e-05
que comprei recebi,7.91893530885296e-05
devolver ou,7.132299778042133e-05
quem eu,7.86679451502701e-05
de vez,7.12855234693062e-05
cartão de memória,8.262529944289868e-05
de um posicionamento,7.125945100773886e-05
estava sendo,7.763475875053474e-05
sem previsão de,7.1236569847678e-05
um ser entregue,7.123171749553214e-05
sem caixa,7.83328635439023e-05
não chegou só,7.11991963965085e-05
cascata,9.744470023730889e-05
recebi uma nota,7.11938910708605e-05
contato do stark,7.118345888349374e-05
06 08,7.117766628245575e-05
não ter recebido produto,7.11725728835775e-05
trata se de uma,7.117233842420044e-05
meu pedido foi entregue,0.00011428517531781108
encomenda por,7.114587117140402e-05
de modelo,7.112736658274123e-05
pedi pedi,7.112372760424787e-05
duas no,7.11219100037834e-05
produto não obtive,7.111698055993166e-05
entregue agora,7.110276752179227e-05
referente ao pedido,7.109538291263486e-05
legais,7.108578183051832e-05
saber da,7.108412861949759e-05
ele não chegou,7.107218299735436e-05
para este,8.19271507116255e-05
que se tratava de,7.105706742522024e-05
meu outro produto,7.104216612045061e-05
também veio,9.255916203753566e-05
junto ao reclame aqui,7.102657953570711e-05
péssimo atendimento não,7.101775236594559e-05
cartuchos hp,7.101671851120606e-05
entrei com pedido,7.101206780968448e-05
faz um mês que,7.100454039268778e-05
camelo,7.099426584023984e-05
uma solução para,7.099031820282812e-05
sobre entrega do produto,7.098988577921912e-05
da entrega ainda,7.098526390742328e-05
rachado,9.09323904577362e-05
tinta original,7.097609690625527e-05
mas chegou apenas,7.097397729776321e-05
nota não,7.095189890416267e-05
na própria,8.131051215469877e-05
telefonema,7.094333451242349e-05
as toalhas não são,7.094271656426222e-05
filtro de,7.734540344127632e-05
nada da entrega,7.091164554962062e-05
preço era,7.089416734983938e-05
por algo que,7.088882018302691e-05
para resolver esse problema,7.088413302894395e-05
divergente do,7.086856585843709e-05
fato que,7.983665276096267e-05
considero que,8.471407442524277e-05
entregas separadas,7.08507460208247e-05
dinheiro jogado fora,7.084423575332664e-05
errado como,8.385792182077594e-05
foi entregue na cor,7.08129274297128e-05
demora na entrega produto,8.309422439898994e-05
recebi mesmo,7.079800833390763e-05
nunca aconteceu isso,7.077171260972763e-05
comprei era,7.077076736902965e-05
nada do meu produto,7.077037463331278e-05
não foi cumprida,7.074508587001173e-05
troca mas,8.655389610626657e-05
irão,8.011371758488432e-05
chegou quebrado não,7.070713736684968e-05
falta de organização,7.070364652721103e-05
estamos no dia,7.0698878719876e-05
demoraram muito,7.069578715815363e-05
produto de uma,7.726920822280474e-05
falsos,7.064546387930301e-05
entrei em contato estou,7.064182347366673e-05
porém acredito que,7.740203999702832e-05
veio rasgada,7.062885780330373e-05
produto veio com avaria,7.062827841972154e-05
que segundo,7.727758435133663e-05
estou cancelando compra,7.061981873804719e-05
porém houve,7.825028276108132e-05
os cabos,0.00010533673665786177
preciso de uma solução,7.060754291517444e-05
com cor errada,8.468181460821432e-05
30 dias que,7.058489919716488e-05
entre lojas,8.370240775180542e-05
somente whey,7.057157592080668e-05
falhas na,8.256612922122792e-05
um cobre leito,7.056872093267927e-05
mês não chegou,7.056210269044388e-05
falso não,7.05582265534595e-05
80 algodão,8.45702882181012e-05
pois veio,9.851523805010274e-05
porém mesmo,0.00011008131693737297
vende um produto,7.052981601437646e-05
uma manta,7.76466741056452e-05
unidade na,7.050458044720225e-05
ser entregues,7.050156546377993e-05
não informa,7.822881696524037e-05
foi enviado apenas um,7.048079583630642e-05
dia 08,8.771556846454858e-05
me enviado,7.73808224067896e-05
assim mesmo,8.792435667996817e-05
que tento,7.045400000395243e-05
muito chateada pois,7.045178314368665e-05
nota fiscal veio com,7.04422426515223e-05
que não me,7.76405652126545e-05
entregue ja,7.042801491146753e-05
ao seu,7.04208075166172e-05
até hoje produto,7.04052040808811e-05
fui enganada,7.039752605940434e-05
esgotado,8.409704277428077e-05
veio com quantidade,7.037619348574754e-05
diferente da compra,8.85855965180915e-05
pois foram,7.034393816516796e-05
site recebi,7.032238536511599e-05
receber logo,7.031441332368644e-05
voz,7.735381138151635e-05
desistir da compra,7.751332892082608e-05
um produto mais,7.029020864946651e-05
so foi entregue uma,7.028835275015713e-05
do valor no,7.027606337213477e-05
produto extremamente,7.026176991951112e-05
00 cada,7.026012499323584e-05
de 90,7.024051611713023e-05
que me entregaram,7.696143133650447e-05
rapida mas,8.408317833188944e-05
chaleira,0.00012170909495914748
unidades foram entregues apenas,7.019675097653499e-05
para resolver questão,7.018903780634235e-05
80 forro microfibra ilhós,7.014248712940164e-05
00x2 80 forro microfibra,7.014248712940164e-05
forro microfibra ilhós cromado,7.014248712940164e-05
paguei frete tive que,9.019216368841563e-05
na verdade eu,7.815249014506647e-05
de vários,7.919707051764888e-05
ball,7.009157363059321e-05
nos correios mas,0.00010007367994916779
de informações,0.00010515084838178622
fazia,7.68693232473149e-05
um produto tão,7.801743904324639e-05
reembolso ou,8.544886075715509e-05
de estorno,7.000836730943729e-05
mesa veio com,6.999008379558527e-05
devolve lo,6.998924349660519e-05
03 não,6.997644393909502e-05
com dificuldades,8.05340766135977e-05
vou no procon,6.995435542421765e-05
vai mandar,7.862963578349838e-05
ele veio com,6.992853657591494e-05
não recebi então não,6.992732606700563e-05
pra ser entregue até,6.991799161817553e-05
não tinham no estoque,6.986659486724761e-05
recebi mais,8.023041948110087e-05
dos quatro,6.984848360762745e-05
chegou avariado,7.592995638275653e-05
uma imitação,6.982132524321072e-05
ficar sem,8.87827394049402e-05
comprei almofadas,6.978170132078771e-05
receber dinheiro de volta,6.977985609242491e-05
recebi produto completo de,6.977640074614019e-05
de copos faltaram aguardo,6.977640074614019e-05
completo de copos faltaram,6.977640074614019e-05
produto completo de copos,6.977640074614019e-05
nao recebi produto completo,6.977640074614019e-05
copos faltaram aguardo resposta,6.977640074614019e-05
resolvido questão,6.977488240506827e-05
do brinquedo,7.896915634368107e-05
não consigo trocar,6.975925481501399e-05
mas embalagem,0.00010017777434589457
das fotos,7.915149615081644e-05
parceiro não,7.682114803425258e-05
até agora ainda não,6.974099043867771e-05
veio fora,9.27160708346512e-05
tinta colorida,6.973597640440161e-05
confiando,6.972857484184754e-05
porém até agora,6.971216631794062e-05
assim foi entregue,6.970351718897327e-05
honda,6.969303396873814e-05
porém sem,7.757018825256395e-05
tipo de produto,6.966675351642523e-05
quebrado não consigo,6.964753120980872e-05
sem elástico,8.037593427581066e-05
não fui atendido,6.961794594998706e-05
inferior ao que eu,7.5519279045587e-05
mas tá,9.71750574275715e-05
até 14,6.959585681870393e-05
00m,6.95800197204883e-05
indica que,6.957118976706974e-05
em meu cartão,6.957065720874508e-05
preto com,8.319165304035254e-05
não entregou no prazo,6.956021298576769e-05
agora nada do,6.952583914874138e-05
explicação ou,6.952265376918255e-05
para dia 22,6.951851327127934e-05
cabos hdmi,6.94934659574554e-05
da loja sobre,6.948698980145616e-05
paguei no,6.948353892831091e-05
recebi whey,6.948301486902321e-05
que comprei foi entregue,6.947395718659389e-05
email informando,7.675579243836942e-05
por isso não recomendo,6.945690120357476e-05
com defeito não consigo,6.944963212406173e-05
foi entregue quero saber,6.944839157748916e-05
com unidades,6.942029896987674e-05
de madeira,0.00012504678058277802
chenille,6.940951166168871e-05
kit tem,6.940813327063686e-05
troquei,7.677117847749087e-05
troca até,6.937978304745899e-05
nota está,6.936147239247482e-05
boa tarde recebi produto,6.935539688017985e-05
carregadores,6.935030848745405e-05
que os dois,6.934934331184198e-05
elétrico,8.10655698668212e-05
28 11,6.933993277242989e-05
02 17,6.931176943906032e-05
em contato com targaryen,6.931138249513115e-05
de 40 dias,6.930769580433007e-05
targaryen nao,7.547154627099865e-05
paguei frete não,7.52949855499026e-05
cartucho original,0.00010831367596659856
caixa toda,7.556538245596979e-05
estou aguardando contato da,6.924792277231004e-05
produtos so chegou dois,6.92445015918859e-05
tres produtos so chegou,6.92445015918859e-05
recebi produto já passou,6.923057661797362e-05
espero que não demore,6.922906699578892e-05
de produtos foi entregue,6.922316034814408e-05
comprei dois pares de,6.920911874837135e-05
não recebi produto gostaria,6.920624147597805e-05
recebi produto gostaria de,6.920624147597805e-05
sinal de,6.920295647511537e-05
melhor mas,9.650517513668076e-05
45 dias,6.91778793009783e-05
avariado até momento não,6.917324261223759e-05
encomenda ainda,7.612199124826316e-05
mas não tive retorno,6.917076092624667e-05
caixa da,8.185731812359936e-05
não recebi produto conforme,6.914495622510345e-05
da loja em,8.448349946137304e-05
que compra foi,6.912886847820349e-05
uma bateria,8.805986858383682e-05
não chegou nem,6.909413751239218e-05
fazerem,7.932182054279297e-05
no anúncio não,8.38861046252202e-05
comorei,6.904977420190267e-05
jornal,6.902541582314172e-05
aguardo uma resposta,6.901163577139154e-05
que nao tem,6.900395624476977e-05
deu problema,9.074076024933934e-05
produto me mandaram,6.899785314336546e-05
nem sequer,7.575111135844642e-05
pagamento de duas,6.897774851371089e-05
compra quero,6.8972973892387e-05
cm de,8.999315041430348e-05
mesmo veio,8.539469505783812e-05
cartucho hp 92,6.891387518630145e-05
várias mensagens,6.891350350141008e-05
compra de pendentes,6.890705042295808e-05
comprei pneus,6.889848161518906e-05
errada comprei,7.578552471797763e-05
aquém do,7.575921735336433e-05
entregue apenas parte,7.80845420212596e-05
na entrega do produto,0.0001847084922930604
outra luminária,6.878025522804252e-05
plastica,6.877888286377712e-05
os travesseiros,6.877532850135713e-05
meu produto em,6.877383864340094e-05
foi dada,8.025982151056544e-05
mercadoria prazo,7.979180633518225e-05
na embalagem veio,8.102322996082148e-05
08 até,6.875014288244319e-05
no pedido são,6.872501836095419e-05
na discrição,6.871130892093152e-05
um não consigo,6.870298244896579e-05
só recebi até,6.866914729300213e-05
queria receber,6.866793455061005e-05
um problema na entrega,7.483548178903007e-05
comprei me entregaram,6.865267106404803e-05
uma creatina,6.865163038010562e-05
aguardando envio do produto,6.864945945381931e-05
sobre minha,6.864785171578572e-05
embora na,6.864628958431386e-05
conseguimos,6.863243808951711e-05
entregue segundo,6.863227932659568e-05
fragilidade,8.644374498851329e-05
02 cartuchos,6.861686475752916e-05
pois estou precisando,6.86098753154868e-05
vou processar,6.860949755245789e-05
diferentes os,6.860628511405338e-05
ele ainda não chegou,6.860104427266547e-05
daquele,7.566352906206193e-05
olá recebi,0.00011245570414027806
de esperar,6.855030953959744e-05
recebi vou,6.854441681453943e-05
quase 100,6.851597672921673e-05
entregue essa,6.851200526573568e-05
veio errado ainda,6.850886459767808e-05
nenhuma foi respondida,6.850500335527299e-05
unidades do produto mas,8.056556329602548e-05
até hoje não foi,6.848034933016506e-05
peças que comprei,6.847726588642074e-05
veio trincada,8.47319420056719e-05
porém produto não,6.844223262197455e-05
capa do celular,9.512322302921595e-05
nao compro,7.881736138181624e-05
acho que está,9.359392367801467e-05
meu veio,7.55517422661423e-05
super insatisfeita,6.84210618324706e-05
da minha entrega,6.841119694133286e-05
total não recomendo,6.841006109078954e-05
localização,7.615909961382956e-05
recebi apenas um kit,6.837718177578809e-05
pelo stark,9.684561669504126e-05
trata se de produto,6.835914655691313e-05
aparece como,6.83573215462211e-05
enfim não,6.834683241855403e-05
em uma caixa de,6.832486565256254e-05
na parede,0.00011654499025382604
está com defeito não,6.828382364875796e-05
um produto similar,8.132757289497112e-05
um cliente,0.00011722394805561848
previsão de entrega era,9.151169457420491e-05
impermeáveis,6.826995430173133e-05
no site já,6.826449696509144e-05
já fiz reclamação até,6.824791080922501e-05
de saber por que,6.823909748619961e-05
que solucionem meu problema,6.822032644583946e-05
em novembro,6.821580170471436e-05
48h,7.542773298708445e-05
faltando os outros,6.820144437605964e-05
produto na minha residência,6.817576156484708e-05
uma borracha,6.81728335810301e-05
demorou de mais,7.926300813102106e-05
até momento ainda,6.81691432798131e-05
problema até agora,6.815231713954142e-05
item já,6.814284680641537e-05
dinheiro do,6.813089632747229e-05
nenhuma resposta da,6.813061185715927e-05
uma unidade do produto,6.812870776426397e-05
consigo contato com lannister,6.812003128400346e-05
pedido mesmo assim,6.810929406255415e-05
que entregaram,7.907717801652513e-05
de dezembro,7.595446323752684e-05
ao stark,0.0001229647280762767
me cobraram frete,6.806828296303019e-05
sendo que os,6.805955488236325e-05
através da,6.805532135106284e-05
boa tarde eu,6.805421351908771e-05
para colchão,6.80541311675947e-05
sabemos,6.804073261994246e-05
entregam no prazo,7.778348863282594e-05
autorizado,6.802598354979364e-05
meu email,8.793736709918014e-05
resumindo,6.799656546606257e-05
os outros dois,0.00010091417968798648
enviou outro produto no,6.796596274400453e-05
produto no lugar sem,6.796596274400453e-05
loja enviou outro produto,6.796596274400453e-05
no lugar sem previa,6.796596274400453e-05
lugar sem previa autorização,6.796596274400453e-05
secretária,7.428009154810852e-05
ainda assim não,6.79605647497467e-05
fiquei insatisfeita,6.795554571927661e-05
pois até agora não,6.794839013027014e-05
dobro,8.517405603420758e-05
só chegou um produto,7.852198671761108e-05
origem,8.050347683734176e-05
porem produto,9.363291811196955e-05
todos produtos,7.973996438328681e-05
de metal,9.368629568720307e-05
compradas recebi,6.789072605545595e-05
dois estou aguardando,6.789054339856958e-05
parte da loja,6.787601061803152e-05
no app,8.065247919395177e-05
mais entrega foi,7.888798203860826e-05
paguei frete para,7.429160257504098e-05
apenas recebi uma,6.7835629576307e-05
recebi meu produto estou,6.78311254661518e-05
de fora,6.781772011773376e-05
ate agora não chegou,6.781653345343551e-05
ser entregue até dia,7.430489134428838e-05
veio com um defeito,8.955167459064041e-05
através do site,6.778559014525146e-05
masculino,0.00010094022094686884
não recebimento,6.776581486726671e-05
em contato com cliente,6.776052557852615e-05
vários mails,6.775930499305785e-05
nada dos,6.773863057542626e-05
assunto,8.17202379802131e-05
estoque do,7.507543567272917e-05
de controle,6.7698163228111e-05
cancelar esse pedido,6.76913795456601e-05
produto era pra ser,6.768840869867487e-05
incompleta cartucho,6.767708413734913e-05
com tecido,6.766796384542886e-05
quem sabe,6.76634152035188e-05
enrolado em,8.44419495931143e-05
fui na,6.765627874483305e-05
fita de,6.765041177405458e-05
muita dor de cabeça,6.763712060378244e-05
produtos do pedido,6.7629228709629e-05
avaliarei,6.762684540863733e-05
não gostei das,0.00010193944074871637
avaliar ainda,7.961315837865521e-05
produto não veio com,8.493541068653251e-05
resposta nem,6.761093345555089e-05
vendeu um produto,6.760762958693917e-05
em contato com vcs,6.760708756434516e-05
recebi produto não tive,6.76036821090907e-05
produtos até agora ninguém,6.759602137248268e-05
com dias de atraso,6.758662898303231e-05
comprei produto em,7.582507659074804e-05
lentes de contato,6.756396596961894e-05
2017 hoje,6.754924828598169e-05
01 jogo,6.754909121939333e-05
uma estampa,8.037880129371818e-05
estou extremamente,6.750573201564235e-05
item só,6.748669772163783e-05
apenas jogo de lençol,6.748600755618023e-05
não tinha estoque,6.74804236415085e-05
comprei na nota,6.747977322678091e-05
acesso para,6.747702077521814e-05
informacao,6.747084035969083e-05
deveriam ser,0.00010598964484813992
consta que foi entregue,6.744979868317775e-05
não encaixam,6.744912478505257e-05
solicitei devolução do produto,6.744824810842996e-05
ou reembolso,6.744180040321152e-05
veio com lacre,8.014559114109457e-05
compra não recebi,6.740207820694572e-05
cada dia um em,6.739499200920372e-05
chegaram todos os produtos,6.739499200920372e-05
os produtos está chegando,6.739499200920372e-05
não chegaram todos os,6.739499200920372e-05
dia um em separado,6.739499200920372e-05
está chegando cada dia,6.739499200920372e-05
chegando cada dia um,6.739499200920372e-05
todos os produtos está,6.739499200920372e-05
produtos está chegando cada,6.739499200920372e-05
pelo que,0.00013219783567831105
após reclamação,6.736786837000086e-05
via mail,7.586507102524542e-05
espero que esteja,8.252048496606392e-05
que esperar,6.735285605708796e-05
obrigação,7.506540331227702e-05
talvez seja,6.734740316641036e-05
email ou,6.734137588255142e-05
minha vida,7.620065605974589e-05
veio faltando uma unidade,6.733578079593247e-05
eu não tenho,7.34954029230757e-05
de ajuste,7.804921205834107e-05
gostei dessa,6.732951766498556e-05
outra cidade,6.731243446014956e-05
sem selo,6.730324770026642e-05
produto ele não,6.729626212661424e-05
branco com,6.729397223107114e-05
complicado,0.00012352553996912858
ainda não posso avaliar,8.650560383000359e-05
sendo cobrado,6.726363386559137e-05
juntos só,6.725509689829118e-05
hora da compra não,6.725347598102546e-05
foi paga,7.40905960058033e-05
do sac,6.721890286357056e-05
já havia sido,6.721687080367392e-05
13 03,7.346465022713148e-05
colocando,6.72044118446062e-05
não cobriu,6.716762172739093e-05
pela empresa,0.00012072846290396218
de segurança,8.966155027625541e-05
bem diferente da foto,8.644996760580524e-05
dentro do prazo porem,8.460917543681116e-05
cobrir,7.636559099550911e-05
informado que produto,6.71329487108966e-05
mais nessa loja,6.711248409175265e-05
super chateada,6.710432709215367e-05
já pedi troca,7.318707476015803e-05
suporte não,7.69698556039768e-05
consigo nem,6.704440697705024e-05
na foto do site,9.220644269670655e-05
unidades de um produto,6.704109826093442e-05
satisfação da,6.700347435730162e-05
consumidor não,7.313843968584974e-05
única entrega,6.698377813242886e-05
deveriam entregar,6.697925509829408e-05
cesta,6.697679298283585e-05
produtos que comprei recebemos,6.697108546499374e-05
mandei mensagem mas até,6.697108546499374e-05
comprei recebemos apenas mandei,6.697108546499374e-05
que comprei recebemos apenas,6.697108546499374e-05
apenas mandei mensagem mas,6.697108546499374e-05
mensagem mas até agora,6.697108546499374e-05
mas até agora sem,6.697108546499374e-05
recebemos apenas mandei mensagem,6.697108546499374e-05
mais estrelas,6.697101722114108e-05
que houve um problema,7.317853509763026e-05
produto caro,7.416512021447296e-05
para resolver meu problema,6.69011772846737e-05
correios ainda não,6.688874234759953e-05
de água,0.00010169073826058692
muito baixo,9.938106434838377e-05
veio pela metade comprei,6.687029928459941e-05
dois ou,6.685920543537614e-05
só tinha uma,6.683716179315613e-05
errada no,6.682971577168337e-05
caindo,6.682827181592334e-05
email ate,6.682747721179173e-05
como faço para trocar,9.714634755762028e-05
nota fiscal constando,6.68207819575424e-05
outro produto que não,6.68043165568282e-05
no mínimo,6.679715498262278e-05
de duas unidades recebi,6.67914213065939e-05
atraso de dias,6.678900289175942e-05
faltando um dos,7.499778607664751e-05
entregou outro produto sem,6.675000185174652e-05
produto sem previa concordância,6.675000185174652e-05
outro produto sem previa,6.675000185174652e-05
loja entregou outro produto,6.675000185174652e-05
que por sinal,9.31118983389883e-05
na nota fiscal estão,6.671283733901447e-05
da casa,8.10098702351959e-05
26 01,6.670403067837927e-05
já realizei,8.234204394598396e-05
meus mails,6.667376335743484e-05
achei um absurdo,6.667295405359294e-05
apenas um item do,6.666988636274153e-05
2018 não recebi,6.666240537990698e-05
dia 15 02,6.665630801628015e-05
recorrer,6.665287022893152e-05
me enviou um,6.664377269098924e-05
pago em,6.661643071340379e-05
solicitei devolução do dinheiro,6.658291242844468e-05
ainda não posso recomendar,6.656352577828353e-05
por isso nao,6.655790997007707e-05
total falta de respeito,6.655334210790098e-05
dia que recebi,6.655114977303648e-05
que constavam,7.558687754760341e-05
troca no,6.654949442770047e-05
boa tarde recebi apenas,6.653122097484311e-05
anunciado no site,7.91618275305485e-05
mesmo assim foi,7.262472024821563e-05
mas veio faltando,8.39502590405716e-05
até os correios,6.65049918970873e-05
não compatível com,7.463790256563194e-05
mandar produto de volta,6.649111031445273e-05
de jeito,6.648642416850243e-05
da sony,6.648381978870532e-05
se não receber,6.648070728219698e-05
entrou em contato para,8.725404532587432e-05
veio danificada,8.353855688414114e-05
local de,7.309365842048281e-05
esta muito,8.6361943062134e-05
com nome,6.638772730327956e-05
microondas,9.258857963253107e-05
agora não consigo,6.636602589111843e-05
prazos de entrega não,6.6364668695549e-05
seja problema,6.634577751420791e-05
ser original,0.00010533877986408378
deste pedido,6.633320125851795e-05
um adesivo de,6.630571485763051e-05
comprei dois kits de,6.6295891890366e-05
no assento,7.60351184877913e-05
08 mas,7.305423373741031e-05
venderam um produto,6.626493521414338e-05
hj dia,6.626245572430838e-05
tenho como recomendar,6.62603925967369e-05
naõ,8.481998018986883e-05
outra caixa,6.62434930122998e-05
dia 19 02,6.624326666047283e-05
por enquanto não,6.623473179557577e-05
frete pra,6.622535378504181e-05
agora nada não,6.622460527953123e-05
mais de mês que,6.62147023395187e-05
nada respeito,6.619577559913327e-05
mas nota fiscal,6.619068239463379e-05
prazo era dia,6.618939811571266e-05
nada do produto chegar,6.618095024951131e-05
cancelamento devolução do,6.617752603532001e-05
paguei por ele,6.617342420673917e-05
50 00,6.615863915383924e-05
recebi como devo proceder,6.615546329658651e-05
produto de outro,6.615226195350396e-05
recebi porem,7.95563852732371e-05
relatar,7.275376597042229e-05
quase um mês que,6.612163061779723e-05
demorou mais de,7.543686822996744e-05
tiver que,7.855552577065582e-05
tive abrir,6.606422660207793e-05
responde os,6.605849349781227e-05
consegue falar com,6.60501559232363e-05
preencher,8.590785444162823e-05
cobrada,6.60350997859949e-05
está faltando uma cortina,6.603346824608027e-05
estão me,7.601307573346493e-05
hidratação,6.602321136681114e-05
rosto,9.671389909773643e-05
errado cor,6.600477898490146e-05
pequeno não,9.647763437750242e-05
comprimidos,7.907841231855566e-05
encomendei paguei,6.600222341994128e-05
não consigo contato para,6.599150420336421e-05
correto não,7.605596830354652e-05
20 dias para,7.427555928054403e-05
consta os dois,6.596586622131387e-05
para atendimento,6.595277712702601e-05
boa tarde comprei,6.594085249811197e-05
embalagens separadas,6.592950659830268e-05
amassado com,7.413735177093198e-05
reembolso da,6.592382360984657e-05
metálica,7.261513527658088e-05
vidro quebrado,6.59097045152558e-05
separado as,6.589907261911973e-05
ser utilizado,8.386671657311888e-05
lamentavel,6.589089692407018e-05
chegou só uma,8.053852340636313e-05
um ainda,7.224659288419681e-05
com mais de,7.701180777247025e-05
em dezembro,6.584624747047686e-05
fiquei na mão,6.583428005497458e-05
nao confere,6.583038629862186e-05
comprei outras vezes,7.959697226394457e-05
que não seja,8.34175623953346e-05
nós compramos pufs mas,6.58167967893304e-05
pufs mas só foram,6.58167967893304e-05
compramos pufs mas só,6.58167967893304e-05
compra está,7.937635298979528e-05
recebi produto sendo,6.581209060673933e-05
capas das almofadas,6.580935720862496e-05
os dados,6.578531395258418e-05
pedido tinha,7.545160813745307e-05
ate data,6.57735194634446e-05
desse pedido,7.864164806904654e-05
stark pois,7.82667297654142e-05
atrás dos meus direitos,6.572612457124426e-05
não recebi gostaria de,6.57237050054796e-05
instruções para,7.519523981970298e-05
depois de um,6.569329365781002e-05
quanto tempo,7.941014373092605e-05
malha,0.00010491537696360801
26 02 2018,6.566656686769134e-05
foi entregue relógio,8.860625694566177e-05
comprei três jogos,6.566126878654766e-05
sem previsão para,6.565993279144058e-05
estragou,7.875722737240708e-05
em outros sites,7.259216129501136e-05
fatura do meu cartão,6.563689783781911e-05
veio capa,6.562950941598469e-05
produto apenas uma,6.562129583844014e-05
na cor marrom,7.227873759307497e-05
auxiliar,9.033073298186426e-05
cor dos,9.19754426909826e-05
dois dias sem,6.560299494019059e-05
era falsificado,6.558736097898704e-05
dizendo que foi,6.558556561445313e-05
nem código de,6.558469686130209e-05
de não receber,7.305742580219005e-05
um mes que,6.556094150292094e-05
não encaixou,9.732833631584533e-05
mas só chegou um,6.555104928772024e-05
de reclamação,6.5549508353008e-05
que correios,6.552652681787071e-05
não conseguir,7.838040383737453e-05
devolução troca,6.550432966383787e-05
foi outro,6.549790601749051e-05
qualidade deixa,7.595856200058788e-05
hoje 13,6.54528517683781e-05
só foi entregue apenas,6.545119487258466e-05
produto muito frágil,8.642708919921071e-05
por completo,7.564319609867765e-05
vcs nao,6.543054558474779e-05
nao estou,6.542753333879955e-05
entre ele,6.542275841354392e-05
dia 24 11,6.541936353054102e-05
foi que comprei,7.775903586238404e-05
mas tinha,7.29857676781623e-05
produto só entregaram,6.541057428513481e-05
momento nao recebi meu,6.53977418533194e-05
preciso que vocês,6.539191688932741e-05
nunca comprei,7.344094128489381e-05
comprei 02 unidades,7.666375584231871e-05
de vitamina,7.208585669687247e-05
inúmeros,6.536061962416312e-05
que comprei junto com,6.533201509140462e-05
não recomendo pois não,6.532934907401512e-05
automaticamente,6.531025747720698e-05
plug,7.46817517600847e-05
compra de unidades do,6.530282403439604e-05
de unidades do produto,6.530282403439604e-05
uma capa para,7.387007381510183e-05
da tomada,7.544022984490213e-05
um diferente,6.52873504342315e-05
com valor de,8.217156996947918e-05
no rio,7.242542596799181e-05
expirou prazo de entrega,6.526900194278973e-05
totalmente insatisfeito,6.524505760258152e-05
assim ainda,6.524153141443858e-05
padrão,0.00018489764584438153
espero resolução,6.520139455665571e-05
não correspondem,6.51808141696632e-05
incompetência,6.517932521615668e-05
incompatível com,8.679319838804203e-05
que dessa vez,6.517058981855015e-05
resposta vou,6.516289749446184e-05
pela lannister que,6.515932267267789e-05
resposta em,6.515677211086884e-05
pacote no,7.277642547545798e-05
sendo que eu comprei,9.882385641728056e-05
meus filhos,8.9798460852736e-05
rachada,8.16766530754536e-05
antes do prazo porém,0.00017422102346173072
navalhete,6.50923389676567e-05
foi entregue errado,8.194420865925627e-05
só veio unidade,6.506156656078798e-05
nota fiscal dos que,6.505652397574839e-05
das 06 compradas como,6.504642667473157e-05
somente 01 unidade das,6.504642667473157e-05
01 unidade das 06,6.504642667473157e-05
entregue somente 01 unidade,6.504642667473157e-05
06 compradas como proceder,6.504642667473157e-05
unidade das 06 compradas,6.504642667473157e-05
que houve com,6.503840295067609e-05
preciso que seja,7.417996895352372e-05
que foi entregue não,6.502455295564943e-05
mas fiquei,9.570968861805432e-05
tem como eu,6.501829517330083e-05
tenho problemas,8.630755159137388e-05
relógio bom,7.60106061750095e-05
não compensa,7.145342786097138e-05
ninguém me respondeu,6.499100586605431e-05
dias depois chegou,6.498991551943534e-05
derem,6.496542823228591e-05
compra da,8.900156371528368e-05
da black,6.495310597473069e-05
já venceu prazo,6.494893484377783e-05
era 100,6.494321760078818e-05
de dois meses,6.494257840586821e-05
da tinta,8.178354946403342e-05
sendo que foi,6.493707213850237e-05
não ficou,8.531377978899833e-05
de três produtos,6.492785601907906e-05
500 ml,6.492683063491509e-05
os parafusos para,6.491230061142778e-05
coloração,8.19627291127437e-05
muito triste com,6.490253202692793e-05
não recebi não tenho,6.488502720177509e-05
cortina que,6.48773478416544e-05
luminária pendente,7.273375757586532e-05
até hj nada,7.347785002962831e-05
até agora nada já,6.481999242553038e-05
achei material muito,7.82054147197209e-05
68,6.481504809971026e-05
já faz um,6.47943063656509e-05
me foi informado que,6.478382499843169e-05
loja deveria,6.477433153540674e-05
demora muito para,8.425278962646954e-05
nas laterais,8.518686379743802e-05
não mesmo da foto,6.476230967531187e-05
produto será,6.475879796853048e-05
produto depois de,6.47549310920923e-05
veio com vários,6.473906065751982e-05
então não posso,7.167866025411622e-05
cancelamento no,6.473027865315952e-05
prazo de entrega ate,6.47227105278973e-05
verde foi entregue,6.472255120390291e-05
targaryen um,6.471817254179127e-05
era presente de,6.471412131647091e-05
produto disponível,6.469268042321905e-05
outros que,6.467944691752142e-05
retorno até momento,7.909817880820809e-05
cobram,7.479212043272762e-05
não confere com,8.643658714415233e-05
por item,6.463855818728108e-05
recebi produto não consigo,6.46326607211134e-05
um cartucho compatível,6.462684401305431e-05
cortina rolo,6.460768295533328e-05
produto não condiz com,6.460042790170249e-05
má fé,6.459175420587151e-05
alterado,6.458411518075322e-05
troca mais,7.121851909496549e-05
para mim não,6.45667915122772e-05
foi totalmente,7.071676328502995e-05
satisfação de,6.454771649369615e-05
pois sei que,6.453264023927284e-05
percal 180 fios,6.453225742899866e-05
eu pedi um,6.453214408908848e-05
recebi meu produto prazo,6.45319339001254e-05
não recomento,6.451313834600231e-05
que valor,8.585413141480944e-05
mandei várias,6.449701463924736e-05
por favor que,6.449586391608389e-05
de almofadas,6.448736690382462e-05
recebi meu produto também,6.447958794550342e-05
avarias na,6.446338536050358e-05
satisfação nem,6.44619718607136e-05
foi enviado no,7.125434477133047e-05
com riscos,7.134820143863245e-05
prazo muito longo,0.0001196319803340932
ainda não entregou,8.205907136392228e-05
como os outros,6.444010547431971e-05
com parafus quebrado podem,6.443879137381652e-05
dos baldes veio com,6.443879137381652e-05
um dos baldes veio,6.443879137381652e-05
quebrado podem trocar com,6.443879137381652e-05
baldes veio com parafus,6.443879137381652e-05
podem trocar com urgencia,6.443879137381652e-05
trocar com urgencia obrigada,6.443879137381652e-05
parafus quebrado podem trocar,6.443879137381652e-05
veio com parafus quebrado,6.443879137381652e-05
aparece na,7.203056868326886e-05
de ligar,7.225566262737405e-05
lannister informa que,6.440680104582251e-05
inferior não,6.439977504434525e-05
do parceiro,8.186066134899908e-05
ou seja só,6.439037153151658e-05
só veio estou,6.436395161932759e-05
comprei um cartucho,7.307747394774771e-05
ocasional uma perda de,6.43547019104663e-05
frete de 388 00,6.43547019104663e-05
uma fila enorme que,6.43547019104663e-05
submetida uma fila enorme,6.43547019104663e-05
fila enorme que ocasional,6.43547019104663e-05
produto nos correios sendo,6.43547019104663e-05
nos correios sendo submetida,6.43547019104663e-05
uma perda de tempo,6.43547019104663e-05
que ocasional uma perda,6.43547019104663e-05
388 00 tive que,6.43547019104663e-05
enorme que ocasional uma,6.43547019104663e-05
paguei um frete de,6.43547019104663e-05
correios sendo submetida uma,6.43547019104663e-05
sendo submetida uma fila,6.43547019104663e-05
de 388 00 tive,6.43547019104663e-05
00 tive que retirar,6.43547019104663e-05
um frete de 388,6.43547019104663e-05
devidas providências,6.433713057123689e-05
um retorno de quando,6.432943122153755e-05
conforme pedido nf,6.432392994233402e-05
risco de,7.216505934928998e-05
mais tempo,7.103861902704533e-05
parafusos de fixação,6.429892558841539e-05
secretaria,6.429379967168887e-05
recebi os produtos nem,6.42929454896034e-05
de aparelhos,7.155201028314197e-05
produto pirata,6.428508224779451e-05
embalagem diferente,7.162521831830818e-05
stark sobre,6.4264073462343e-05
que pedido foi entregue,6.425108667814435e-05
mas produto não foi,6.425082562831854e-05
nenhuma solução,6.424245808348614e-05
ok mas,0.00012143003325839474
pra dar de presente,7.337377765131955e-05
agora não foi entregue,6.420325757337751e-05
uma carteira,8.647063818640005e-05
rio de janeiro,7.049374589489902e-05
esta minha,7.108546047379644e-05
de resolver,7.59624221872793e-05
no momento da compra,8.572024200853014e-05
cortina veio,7.54240380522542e-05
dias esperando,7.202199149144267e-05
não consegui falar com,6.414346810497027e-05
rastreamento da,6.413152178105375e-05
de ferro,8.165965268826068e-05
de contato com,6.411610217855218e-05
acontece isso,6.411374045885999e-05
vapor,7.224880630687224e-05
com tanto,6.409896592746168e-05
ter entregue,8.870811341392916e-05
que meu pedido,0.00010138259314197394
cortina boa,7.58710123792846e-05
por essa loja,6.408455446596121e-05
me vendeu,7.145491264964993e-05
solicitei devolucao,6.406647006866892e-05
óculos,0.00013845974158943042
esta constando,6.405303851862421e-05
não veio produto que,6.404431496821705e-05
produto poderia ser,7.163455134409156e-05
ficar os,6.403737482499462e-05
fui respondido,6.403657240369461e-05
piratas,6.402448033111697e-05
pedi estou,6.402043265655324e-05
por diversas vezes,6.401955001310422e-05
cartucho veio,7.704253303536601e-05
anteriormente,0.00012797328959772165
na entrega veio,7.179710569918602e-05
produto mesmo assim,6.399019057371603e-05
que entreguem,6.3966562620891e-05
solicitei troca do,7.059338273869972e-05
me ajudem,6.392390407944876e-05
recebi pedido pela metade,6.391965229391758e-05
um mês ainda não,7.01618602415058e-05
quantidades só me foram,6.39060068397353e-05
fiz compra de quantidades,6.39060068397353e-05
de quantidades só me,6.39060068397353e-05
compra de quantidades só,6.39060068397353e-05
só me foram entregues,6.39060068397353e-05
que dá,7.808490289233412e-05
mês que fiz pedido,6.389229148542714e-05
comprei produtos vieram,6.389129627029884e-05
bom dia estou,6.38797498716886e-05
embalagem do produto,0.00014992236214536101
ser ressarcida,6.387032932947435e-05
cartões,7.286801334516646e-05
não recebi foi,6.386002663686017e-05
foi colocado,6.385845760053835e-05
vou tentar,7.078329266120796e-05
enviei vários,6.381295931936528e-05
estorno do cartão,6.380064116675477e-05
sem receber,8.228157939310575e-05
do cartão de crédito,6.3791324698908e-05
chegou item,7.81239138822178e-05
veio no tamanho,7.874027774127449e-05
que de péssima qualidade,6.378131886465318e-05
do produto está,7.960365832016026e-05
recebi pedido incompleto,6.374629214392522e-05
vez ainda não recebi,6.37233853902586e-05
comprei apenas foi entregue,6.371003269549452e-05
chegar veio,6.370590260176591e-05
dos três produtos,6.37037304802089e-05
comprei tento,6.369225136174565e-05
com manchas,7.214899695759271e-05
de outra empresa,6.367597315097205e-05
meses de,6.367145043467322e-05
resolver esta,6.366656157063165e-05
não teria comprado,6.366192429353583e-05
prazo porem nao,6.362836064117814e-05
estava dentro da,6.362697651143091e-05
recebí produto,7.876735293932065e-05
mercadoria nao,7.218568973819344e-05
nota fiscal está,6.357698962716945e-05
não deixa,7.408620380230448e-05
um produto totalmente diferente,7.007639602667625e-05
um veio outro,7.215407882783307e-05
recebi controle,6.352649741679711e-05
não sabia que,7.696096169030452e-05
12 até agora,6.351588857690092e-05
que faço para,6.350781760979142e-05
não me deram resposta,6.965436193844381e-05
solicito que,7.794977879133774e-05
sobre loja,7.804524728280399e-05
eu espero,6.348665328102114e-05
eu ja,7.98516810871773e-05
aparecia,8.036952535726744e-05
para ser entregue até,7.006330724788218e-05
mantas só,6.3454994854619e-05
quero esse produto,6.34309959586143e-05
suporta,8.807439824708685e-05
duas mercadorias,6.3421998309556e-05
que está com defeito,7.097926733261848e-05
película de vidro veio,8.417377051462585e-05
pra minha surpresa,7.002120775076982e-05
nem um contato,6.339121301245058e-05
troca aguardo,6.33782499998097e-05
espero retorno,6.335310410470626e-05
veio com defeito na,7.336101360047832e-05
na promoção,6.334583401768153e-05
recebi produto não sei,6.33447148852905e-05
sistema que,6.331446709000625e-05
recebi parte da compra,6.331316967359326e-05
minha compra no,6.890637909643562e-05
muito diferente do que,6.330522700182385e-05
tempo pra,9.260181131413388e-05
que devido,6.329855462073092e-05
na ponta,8.250261011545409e-05
de mantimentos,7.283207638507582e-05
de que não,7.197695997344338e-05
ontem recebi,6.328361995494647e-05
desejar comprei,6.328068544544093e-05
qualidade fosse,8.029624027851676e-05
consta no pedido na,6.325926176496008e-05
foi entregue sendo que,6.32580458590798e-05
descrição do produto não,7.039002589665348e-05
resolveu,0.00011109987499103349
já vai,6.322727729645285e-05
resolver essa situação,6.322683037275609e-05
cobrado no cartão,6.322235975936089e-05
nas bordas,8.209478355913059e-05
completamente diferente do,6.31942583139257e-05
nem indicarei,6.319192010037431e-05
modelo errado,7.510485805148764e-05
consta duas,6.31805368901403e-05
ocorrido ainda não,6.31689502714569e-05
precisa ter,8.54913080217366e-05
black skull,6.315443203202635e-05
verificar ocorrido,6.313632370420592e-05
não cancelaram,6.312058954505025e-05
paguei em,6.311497623464998e-05
muito grande para,6.307959227782517e-05
do pedido nota fiscal,6.306906413834768e-05
valor não,6.942045094762035e-05
para esclarecer,6.938389388657344e-05
consigo devolver,6.306450785634756e-05
não gostaria de,6.306359558055791e-05
mercadoria por,7.116241198753357e-05
ultimamente,7.258696978816167e-05
estao com,7.121668055093314e-05
produto estava em falta,6.304349879594946e-05
01 produto,7.62135945996156e-05
diz que não,6.303699642026597e-05
não veio com as,6.303393321210571e-05
desrespeito com,6.303124773377452e-05
tinta não,6.950101856521002e-05
contato nem,6.300081105059433e-05
dias produto,0.00012764539064791236
as funções,8.164000741745181e-05
foi entregue produto que,6.298992140715458e-05
de jogos de,6.29703662099802e-05
envio das,6.296890599083395e-05
carros,7.08976223424632e-05
esta sempre,6.295945948506929e-05
momento não tive nenhum,6.295943703209819e-05
aguardando resposta da empresa,6.295907954784095e-05
branco não,6.29288450947918e-05
pouca qualidade,9.681080107162336e-05
em contato com central,6.292424318268754e-05
ate momento nao chegou,6.292200719282352e-05
srs,7.010300149949511e-05
estou aguardando contato do,6.961101970894888e-05
uma resposta pois,6.291168535403407e-05
atendente para,6.922846207016129e-05
estou esperando meu produto,7.495098620097737e-05
motivo não,6.949013442889041e-05
12 12,6.289857553668925e-05
uma já,7.684392744527013e-05
tb não,6.287690319591458e-05
fiz um pedido com,7.118234638729875e-05
cartuchos que comprei,7.009835843025585e-05
contato que,6.284192915140683e-05
hd externo,7.395045096474993e-05
textura,9.759762925484127e-05
querer meu dinheiro de,6.282209990752029e-05
vou querer meu dinheiro,6.282209990752029e-05
entregue não foi mesmo,6.280762728495496e-05
no envelope,6.277809598216762e-05
não recomendo está loja,6.277794232242851e-05
mas recebi só,6.277349687105639e-05
tive que buscar produto,6.276531170713898e-05
ter chego,6.937924583461952e-05
recomendo loja mas,6.975953839881782e-05
falam,6.275027383933088e-05
um na nota,6.27469713055382e-05
não vale preço,6.981103624965401e-05
acho que deveria ser,6.857698475711514e-05
um como proceder,6.272921714595206e-05
produto fiz,7.706658285029805e-05
apenas um em,6.271105299259525e-05
porque não chegou,6.270803917230269e-05
minha encomenda não chegou,6.270354952419695e-05
muito para ser entregue,7.177544993452704e-05
retornam,6.269679206488213e-05
pagar por,7.102655493092064e-05
estampa veio,6.269201876285962e-05
não havia mais,6.948713112944235e-05
possuem,6.267389222585159e-05
muito fragil,8.11194396987182e-05
unidades do kit na,6.266666211546319e-05
do kit na cor,6.266666211546319e-05
querendo,8.769198138384657e-05
pedido de três relógios,6.264507870221321e-05
para informar,7.662859364571342e-05
aguardando contato da loja,6.262320656831024e-05
ja se passaram,6.261611876694264e-05
uma na nota,6.261272133270731e-05
peço que me,6.834834264774269e-05
não para,0.0001041963588530227
achei péssimo,6.258701097278475e-05
número do pedido,7.7683880789992e-05
lilás,7.52092155715012e-05
para finalizar,6.256623595379872e-05
antes do produto,7.03082452570682e-05
outro não veio,6.252114702919154e-05
que seja trocado,6.25127793436265e-05
queixa,9.924831045635413e-05
devem,8.58211926579813e-05
consta no status que,6.250122469403262e-05
mais de 15 dias,7.011738411414722e-05
uma posicao,6.997309533321664e-05
uma caixa com,6.246277250632837e-05
dou nota zero targaryen,6.245973038791155e-05
de fábrica,7.036440673742833e-05
flexível,8.916623997446732e-05
muito pra entregar,9.807771795619173e-05
por vocês,6.243076336740128e-05
são claramente,6.242181752778706e-05
centro de distribuição,6.917399401585568e-05
cortinas só foi,6.241363736059047e-05
especificado no,0.00010725849309549791
comprei transformadores,6.240807970012881e-05
se trata do,6.239935200412432e-05
pedido de cancelamento,6.86581910399576e-05
de tão,0.00010819455944333594
apenas um não,6.237545387640992e-05
produtos da mesma,6.237255794145754e-05
veio com cor,8.265980474537313e-05
relatando,6.23343425527287e-05
de pulseiras,7.473784700323548e-05
ainda não chegou já,6.23323089228088e-05
nem nota fiscal foi,6.231205158717432e-05
pois paguei frete,7.603952616896871e-05
estou aguardando reembolso,6.229334455248247e-05
como indisponível,6.22784867032241e-05
recebe produto,8.687430104974094e-05
foi que pedi,6.225892438424337e-05
que não tem nada,6.225399101830797e-05
perdi tempo,6.223865736574629e-05
abajur,9.575239688177683e-05
ficar com ele mesmo,6.222866874941532e-05
desde do dia,6.222062281382425e-05
não tive respostas,6.221137825959708e-05
se não fosse,6.220679899710812e-05
com processo,7.10616395572905e-05
especificamente,7.521253181000737e-05
faltou outro,7.584900664925959e-05
espessura,7.278533311812434e-05
com 120 cápsulas,6.216833711262211e-05
dos produtos que eu,6.216274520800208e-05
dois cartuchos de impressora,6.215241839630694e-05
na nota fiscal veio,7.390233777809499e-05
que produto chegou,8.26286300122117e-05
que foi enviado,6.209325140165861e-05
vazio sem,6.208528608144144e-05
postagem do produto,6.208470278285673e-05
mas me enviaram,6.206487053817038e-05
mas não estou,6.206446622692489e-05
precisamos,9.956138689818464e-05
comprei intens,6.206066175815454e-05
meu pedido veio errado,7.717623965158416e-05
estrutura,0.00010081746461075617
encomendei um,7.382428684069966e-05
produto que comprei não,6.203186043866902e-05
da loja me,6.908951097914259e-05
se culpa,6.202348104759726e-05
faltantes,6.202186970908147e-05
emitiram nota fiscal,6.847780595542637e-05
de outra cor,6.858089290496894e-05
entregaram pedido,8.801468222519803e-05
mais as,7.57691097207343e-05
desenhos,6.198751289574271e-05
entrega foi incompleta,6.198471765838282e-05
adesivo de parede,6.19802475494379e-05
nada não consigo,6.197842413245864e-05
que resolver,6.197734695345584e-05
comprado na,7.260233090557943e-05
matéria,7.74404347255238e-05
não recebi mas prazo,6.197031864095106e-05
mas prazo ate 15,6.197031864095106e-05
06 2018 então aguardando,6.197031864095106e-05
15 06 2018 então,6.197031864095106e-05
recebi mas prazo ate,6.197031864095106e-05
prazo ate 15 06,6.197031864095106e-05
ate 15 06 2018,6.197031864095106e-05
veio com problema,7.125092811427333e-05
tapete de eva,6.193961479201652e-05
mas eles não,6.192369488875203e-05
não valeu pena,6.862381405996074e-05
lista de,7.118214683453898e-05
proceder para receber,6.889719413517561e-05
coprei seis como veio,6.190170385719657e-05
eu coprei seis como,6.190170385719657e-05
seis como veio na,6.190170385719657e-05
como veio na nf,6.190170385719657e-05
na nf porem so,6.190170385719657e-05
nf porem so chegaram,6.190170385719657e-05
veio na nf porem,6.190170385719657e-05
balm,6.189695722045063e-05
nota foi emitida,7.590989227809028e-05
faltaram os,6.188767262019327e-05
veio com pequenos,7.17670209275173e-05
abaixo da,6.188066086362798e-05
de 100 reais restante,6.188042808240604e-05
muito caro mais de,6.188042808240604e-05
caro mais de 100,6.188042808240604e-05
apenas frete foi muito,6.188042808240604e-05
100 reais restante bom,6.188042808240604e-05
foi muito caro mais,6.188042808240604e-05
não recebi nenhum contato,6.187910032900764e-05
não recebi um produto,6.184897415107696e-05
de conexão,6.184086991912346e-05
infelizmente ainda não,7.29204675076975e-05
mas paguei,6.183377497559523e-05
conectar,7.150180791365867e-05
pq ate,6.18319849648624e-05
largura,0.00010790368362338319
relógio de,9.835774981600001e-05
lannister só,8.37957209342134e-05
produto com cor,7.58958535662484e-05
agora não sei,6.181273578977004e-05
no fim,0.00010213647929360651
porque não tinha,6.179766888272402e-05
descrito na nota,6.178201481473008e-05
almofadas lindas porem meu,6.177573913960939e-05
paguei por almofadas foram,6.177573913960939e-05
meu pedido paguei por,6.177573913960939e-05
lindas porem meu pedido,6.177573913960939e-05
porem meu pedido paguei,6.177573913960939e-05
por almofadas foram entregues,6.177573913960939e-05
pedido paguei por almofadas,6.177573913960939e-05
estourado,8.650167762427226e-05
tive retorno da,6.176799619845484e-05
vieram faltando produtos,6.176437735095875e-05
mesmo sendo,8.730607779799062e-05
nem deram satisfação,6.175737136155198e-05
compra que eu fiz,7.367065774879921e-05
entregue na minha casa,7.334633229058068e-05
uma criança,0.00010427601265522652
veio completo,6.167876092084039e-05
empresa enviou,6.866223719096952e-05
produto nem tive,6.165428402385783e-05
porém no site,6.163575767454556e-05
aguardo orientação,6.883153871677752e-05
policia,6.162037808833004e-05
flores,6.161596623901942e-05
mais de vinte,6.159518333187081e-05
não se consegue,6.157321905042171e-05
em cima do prazo,6.156630209245894e-05
não consegui entrar em,6.153976069401725e-05
veio mesmo,7.110275514434098e-05
ao meu,0.00010642141908030799
jogos de toalhas,6.152261928089128e-05
comprei uma cortina de,6.151352032152997e-05
emissão da nota fiscal,0.00010247731511699347
no correio não,7.708872424159513e-05
quase um mês para,6.149044390827294e-05
comprei como,7.489549890611727e-05
que produto está indisponível,6.148919590124193e-05
no ato da compra,0.000141819006714871
mandei um mail,6.759501624516284e-05
propaganda enganosa comprei,6.144694577108856e-05
estou aguardando retorno da,6.143189934007232e-05
dia 29 03,6.142593994586135e-05
vez nao,6.996454222493995e-05
não cola,6.854612259430167e-05
para recebimento,9.252205928427174e-05
eu comprei três,8.077943852634209e-05
enviei um mail,6.13859271489033e-05
ainda não tinha,6.138123328306955e-05
me foi entregue somente,6.136935243314511e-05
de 2018,6.136895187016858e-05
entrega muito demorada comprei,6.135019424531992e-05
50w,6.132665445133675e-05
um pedido só,6.132162348687106e-05
ha mais de,6.132146342989711e-05
comprei radinho só veio,6.13197122037863e-05
bom produto bom mas,6.13197122037863e-05
mas eu comprei radinho,6.13197122037863e-05
produto bom mas eu,6.13197122037863e-05
bom mas eu comprei,6.13197122037863e-05
eu comprei radinho só,6.13197122037863e-05
larga,7.06942797503658e-05
data de validade,6.814944289615787e-05
mas consta no site,6.128983423164661e-05
embalagem toda,6.843789265583205e-05
vencimento,9.808041606896511e-05
não verdade,6.719220625815794e-05
não não,6.12507178253775e-05
pendentes só,8.024286812397895e-05
primeira última,6.123552497053297e-05
houve um erro,6.819662744636407e-05
mas quase,7.653610745950822e-05
foi quase,7.154550753884432e-05
pela cor,7.58866233833659e-05
que objeto,6.989765362078079e-05
colocar mais,6.115979035539856e-05
faturada,6.115970455490194e-05
solicitei cancelamento do,6.115268629836808e-05
porém um dos produtos,6.115233691153011e-05
19 03,6.847172614380057e-05
demorou demais pra,7.695518579448468e-05
estorno do pagamento,6.113539564761258e-05
produto então,6.818389377596561e-05
um produto mas,6.111274004682002e-05
recebi apenas metade dos,6.110880097932122e-05
apenas metade dos produtos,6.110880097932122e-05
solução para problema,6.109882928478418e-05
preço de,0.000101949999922685
outro está,6.108153902761034e-05
me dá uma,6.108063364301854e-05
gostaria que me,7.529593793272791e-05
que não corresponde,6.107257182677445e-05
não era bem,6.805974377440787e-05
no centro de,6.79070698356241e-05
ninguém me da,6.105471030601769e-05
se tratava de um,6.104703318861714e-05
venderam algo que,6.10362745100526e-05
esperei até,6.101970338075211e-05
para pegar,7.043881330789086e-05
foi entregue recebi,6.098468570857253e-05
disso não,6.098443739975621e-05
absurdo estou,6.0981717901845444e-05
jarra,9.396607411845805e-05
recebê lo,6.0965794801002875e-05
do produto apenas,6.096174958763991e-05
acusa que,6.0960468861483186e-05
só dois,6.096010963581579e-05
demorou demais para,6.095760311507221e-05
outro jogo,7.143810855429266e-05
grande falta de,6.095211455835172e-05
espero que seja resolvido,6.093954701340187e-05
não estou satisfeita com,6.0928937905763725e-05
do prazo porém produto,6.0921002344149257e-05
compra de duas unidades,6.091677769927177e-05
um parceiro,6.0907270836170105e-05
não cancelei,6.088410390412839e-05
recebi produto sem,7.343165427612923e-05
naquela embalagem,6.086079520005897e-05
nota fiscal isso,6.0859553899999626e-05
ir no procon,6.085639825160353e-05
conforme anunciado no,6.0850483246870093e-05
pode ter,7.692043675782504e-05
sabiam,6.0840393682334155e-05
sobre fato,6.082989639524452e-05
entregaram produto errado,6.082966642720043e-05
jogados,6.081561884320265e-05
bem ruim,6.970847624515711e-05
deve estar,6.72294364223276e-05
um lado,8.062013053821442e-05
estou insatisfeito com,6.079612419815901e-05
uma estrela pq,6.079156458740801e-05
até hoje não chegou,8.697031838704483e-05
entrega do mesmo,7.389191836842295e-05
entregue nao,7.635943613001996e-05
uma escova,8.329123400765975e-05
produto que foi entregue,7.635633304585888e-05
da solicitação,6.0773957030967355e-05
sobre que,6.076546775444392e-05
recebi meu produto certo,7.241341248813536e-05
em contato por,6.82372602495771e-05
fiz outras compras,7.686542615669551e-05
solução para meu problema,6.0728345357663933e-05
possibilidade de,7.2360387125654e-05
muita falta de,6.0714120941396094e-05
vou acionar,6.0691730314564654e-05
qualquer informação sobre,6.0688361997569025e-05
sem etiqueta,6.068779455495415e-05
mês de espera,6.068475812003078e-05
hoje produto não,6.068397508487097e-05
os adesivos,9.085067264205417e-05
sobre compra,6.065936214994722e-05
eles falaram que,6.065891408201559e-05
zenfone selfie,6.758012143880014e-05
site só,6.823649657429102e-05
apenas um foi entregue,6.0650394182000155e-05
vão me mandar,6.0649640989818645e-05
que realizei,6.763368672127631e-05
quando na verdade,6.062728350559337e-05
enviou os outros pendentes,6.0626754605361547e-05
falar ela ja enviou,6.0626754605361547e-05
aguardando faltam os amarelos,6.0626754605361547e-05
ja os amarelos ainda,6.0626754605361547e-05
vendedora eu consegui falar,6.0626754605361547e-05
outros pendentes ja os,6.0626754605361547e-05
com uma vendedora eu,6.0626754605361547e-05
consegui falar ela ja,6.0626754605361547e-05
nenhum estou aguardando faltam,6.0626754605361547e-05
os outros pendentes ja,6.0626754605361547e-05
estou aguardando faltam os,6.0626754605361547e-05
uma vendedora eu consegui,6.0626754605361547e-05
recebi nenhum estou aguardando,6.0626754605361547e-05
pendentes falta restante com,6.0626754605361547e-05
amarelos ainda não recebi,6.0626754605361547e-05
recebi apenas pendentes falta,6.0626754605361547e-05
os amarelos ainda não,6.0626754605361547e-05
pendentes ja os amarelos,6.0626754605361547e-05
eu consegui falar ela,6.0626754605361547e-05
ela ja enviou os,6.0626754605361547e-05
apenas pendentes falta restante,6.0626754605361547e-05
restante com uma vendedora,6.0626754605361547e-05
ja enviou os outros,6.0626754605361547e-05
falta restante com uma,6.0626754605361547e-05
não recebi nenhum estou,6.0626754605361547e-05
devolver receber,6.062417281606474e-05
recebi mochila,7.638507899601419e-05
mais pra chegar,6.992278658543268e-05
aguardei,6.0593174006717524e-05
lannister agora,8.51854709857159e-05
que não tinham no,6.0554249067660644e-05
tive que retirar mercadoria,6.055220809119307e-05
que chegou foi,7.662335784051208e-05
estou aguardando não,6.053670455782575e-05
deste parceiro,6.0511231861095655e-05
status diz que,6.0508657380850226e-05
chegou danificado,7.599646442413058e-05
outro ainda não,7.560105055561144e-05
guarda chuva,8.489162897766663e-05
foto ela,6.047211199023686e-05
da venda,8.936364531221879e-05
restituição do,6.0452469137270484e-05
vencendo,7.044237253439966e-05
pedido de dois produtos,6.0430330958518846e-05
pedido porém,7.027744812608044e-05
que haja uma,6.0418779900327584e-05
tinha acontecido,6.0409783196831e-05
nas minhas,7.78839132521061e-05
fui informada que,6.669054354928899e-05
itens apenas,6.036793602624989e-05
do produto sendo que,6.03475403408212e-05
não recebi quantidade certa,6.034530446190142e-05
comprei produtos porém só,6.034530446190142e-05
produtos porém só veio,6.034530446190142e-05
recebi quantidade certa comprei,6.034530446190142e-05
certa comprei produtos porém,6.034530446190142e-05
quantidade certa comprei produtos,6.034530446190142e-05
no pedido consta,6.033940267780305e-05
produto empresa não,6.0331896366257426e-05
configurações,7.056546358340303e-05
produto foi parcialmente entregue,6.032133614205434e-05
esperava um produto,7.384038618561448e-05
celular porém,6.031742573483089e-05
produto até presente,7.416268433408457e-05
carrinho bebê conforto,6.031072837879339e-05
veio faltando jogo de,6.0297155530924086e-05
não recebi colcha,6.027631872229248e-05
que tem que,7.27983457707623e-05
tão pouco,6.0266081177261834e-05
tds os,8.810890622982964e-05
um descaso com,6.022460502385886e-05
unidades na,6.021375244005407e-05
em outro lugar,6.763800330491181e-05
problema ate,6.020408384885555e-05
me devolver dinheiro,6.019870870912215e-05
mesma nota,6.019476579341348e-05
para saber se,8.375132399595165e-05
não que eu comprei,6.018592164800518e-05
falei,0.00011514452031158678
vou entrar com,6.766841057442995e-05
sinceramente não,7.464401289107505e-05
na central,6.6147329176806e-05
foi cancelada por,6.014623798656524e-05
dia 17 04,6.0145332851579335e-05
problema obrigado,6.012588192988389e-05
cobrar frete,6.867047653074262e-05
só veio 01,6.0122970537784584e-05
bem maior,7.083887988421903e-05
em janeiro,6.0106184003578904e-05
outra de,6.010482306740946e-05
recomendo comprei,6.922921299575882e-05
kit contendo,6.007754315869485e-05
do produto deixa,7.39326273042868e-05
eu não recomendo,6.0066582484487934e-05
aguardo solução para,6.005371731837945e-05
do produto qualidade,7.00203096331168e-05
uma marca,7.525960270144281e-05
unidades do mesmo produto,6.003444658337789e-05
duas unidades do mesmo,6.003444658337789e-05
até 21,6.0014475184193655e-05
so recebi empresa nao,6.0004491128414654e-05
nao mi da respostas,6.0004491128414654e-05
comprei so recebi empresa,6.0004491128414654e-05
recebi empresa nao mi,6.0004491128414654e-05
empresa nao mi da,6.0004491128414654e-05
chegasse,7.729508645234908e-05
pra ir,5.998381145621301e-05
cor da foto,6.629471716944937e-05
que comprei ou lannister,5.998183484454734e-05
lannister deve devolver meu,5.998183484454734e-05
produtoq que comprei ou,5.998183484454734e-05
ou lannister deve devolver,5.998183484454734e-05
quero produtoq que comprei,5.998183484454734e-05
deve devolver meu dinheiro,5.998183484454734e-05
ainda quero produtoq que,5.998183484454734e-05
comprei ou lannister deve,5.998183484454734e-05
porém dessa,5.997544309693568e-05
aguardo uma posição,5.995205976805598e-05
fora do prazo de,6.97567538628106e-05
inferior do,5.9936907975785524e-05
do carro,9.596305549572213e-05
dos produtos só,8.221145690765622e-05
em contato pra,5.990656453620671e-05
pra entrar em contato,5.988595323317281e-05
problema seja,5.988003458859126e-05
reclameaqui,5.986041749073781e-05
produto veio amassado,7.991459784681263e-05
materiais,7.919878807880356e-05
de relógio,7.849266931771251e-05
em uma agência,6.633315623831554e-05
03 ainda não recebi,5.9819377628144254e-05
entregue site,5.9818029565429195e-05
pedi mais,6.721878588380084e-05
sem nf,5.97894514705384e-05
fico no aguardo de,5.9772694896786885e-05
comprei outros produtos,8.223678024548002e-05
impressão que,9.794803651454196e-05
minha situação,5.975950310810512e-05
qualidade as,6.906363384633462e-05
compro muito,9.098095304312135e-05
para entrega no,5.9748499953061966e-05
com apenas um,7.161476546355568e-05
foi de dois,5.973725924355642e-05
acontecido isso,5.973615900863077e-05
apenas na nota,5.973162325056149e-05
informa que produto foi,5.972951886716999e-05
enviou apenas,5.972795069000339e-05
informaçao sobre,5.972372831732307e-05
unidades já entrei em,5.971641967095736e-05
resistência,0.00011633912848209433
vai dar,6.5299918099904e-05
vendedor mas,5.963464024582592e-05
infantis,6.677312010912498e-05
data para entrega,6.548375880406496e-05
ser um pouco melhor,6.731281656868174e-05
stark nem,5.960467915414026e-05
receber mercadoria,6.6414623072037e-05
mostra uma,5.9576840146330584e-05
empresa já,5.9561570629176805e-05
veio riscada,5.956084563928408e-05
comprar com esta,5.955713867762269e-05
frete já,5.955305090591477e-05
chegaria até,5.954062298199791e-05
que produto já foi,5.953149051598964e-05
cancelamento deste,5.950870842685738e-05
produto horrível,7.637837922762677e-05
com as pontas,5.950324567250139e-05
em 24,6.66767740449773e-05
verifiquem,7.284769492333382e-05
gostaria de saber motivo,7.851078525483894e-05
foi feita por,5.946422536753541e-05
acessar,8.05500441868443e-05
contato vezes,5.945631881804525e-05
na outra,6.732697023717488e-05
nesse pedido,7.015368825329473e-05
para barba,5.942073300349587e-05
segundo produto que,8.446368085468308e-05
site uma,5.938969621261494e-05
armação,7.809794707866574e-05
muito para entregar,8.083119161374677e-05
novo prazo,5.936585436306606e-05
não tem em estoque,5.9360941237471645e-05
da impressora,7.527168096073819e-05
compra de dois produtos,8.04400173860439e-05
está constando que,5.935788966705868e-05
caro que produto,6.871067164963346e-05
chegou mas consta,5.932651048470186e-05
em contato mas não,5.932454540854097e-05
não se responsabiliza pela,5.932362823527676e-05
só capa,6.671711368640827e-05
chegou na minha residência,6.546191836000198e-05
deixando muito,7.264038623935621e-05
efetivado,5.9308701200910916e-05
como será resolvido,5.9280659741067565e-05
molhada,5.9278958934658375e-05
se já,5.926665033546481e-05
para conseguir,6.815260582797384e-05
do prazo demorou muito,5.921249485801343e-05
ainda aguardo entrega deste,5.9209950716694906e-05
produto não foram entregues,5.9209950716694906e-05
foram entregues nenhuma das,5.9209950716694906e-05
entregues nenhuma das unidades,5.9209950716694906e-05
nenhuma das unidades compradas,5.9209950716694906e-05
não foram entregues nenhuma,5.9209950716694906e-05
entrega deste produto não,5.9209950716694906e-05
deste produto não foram,5.9209950716694906e-05
avisos,5.9192780342022464e-05
consta que recebi,5.919131849579549e-05
não estou sendo,5.919022219045834e-05
sem meu,5.919003259972216e-05
corresponde ao produto,6.623005291647721e-05
metade do pedido ou,5.9172254660981486e-05
sensor,7.372207789454342e-05
site hoje,5.916121474704259e-05
pedidos de,5.915819161274995e-05
na internet,0.00018528603505421626
já tá,5.912965995002137e-05
da parte de,5.912733638694864e-05
que foi adquirido,7.108784510558071e-05
site estava,7.02753666155464e-05
hoje nao recebi produto,5.910065471746581e-05
comprei tres produtos so,6.830450295251911e-05
esperança de,5.907640876806751e-05
me foi enviado outro,5.907466365216017e-05
eu ir retirar,5.90572487498421e-05
com total,6.746757515341256e-05
só fui,5.905556224201079e-05
nada foi feito,5.905507513767247e-05
vezes com,7.273825208418593e-05
fitas,5.9048765823489565e-05
foi pior,5.9039507014245185e-05
nao dao,5.903376889038041e-05
separado por,5.9030285088706286e-05
mês passado,5.901832588465729e-05
com fio,5.901238285188921e-05
ja tentei,5.900931295135146e-05
poliéster,6.738668727023898e-05
saber status da compra,5.898220932176931e-05
existe pós venda impossível,5.898220932176931e-05
venda impossível saber status,5.898220932176931e-05
status da compra péssimo,5.898220932176931e-05
não existe pós venda,5.898220932176931e-05
pós venda impossível saber,5.898220932176931e-05
impossível saber status da,5.898220932176931e-05
da compra péssimo vendedor,5.898220932176931e-05
no dia 25,6.466231886678283e-05
está dentro do prazo,9.428036992588326e-05
solicitamos,5.8952306648863454e-05
agente,9.367362089443661e-05
de defesa do consumidor,5.893145653553294e-05
minha última compra,5.893018801264201e-05
quero saber se vao,5.892896322035827e-05
recebi outro produto que,5.891791157167662e-05
não me retornaram,5.891764180757232e-05
produto muito pequeno,7.567962513718715e-05
mostra ser,5.8899742787202385e-05
que transportadora,6.555495211493494e-05
com vários defeitos,5.888652791691567e-05
recarregado,5.8877579186735585e-05
pra ter chegado dia,5.8872356711419966e-05
foi entregue mais,5.884195927046042e-05
produto não de,6.982000305345463e-05
na semana,6.754345103018389e-05
quero ficar,5.881770138534362e-05
descolou,6.703838260963852e-05
jogos de cama só,5.8806612199530564e-05
meu produto mais,6.542069017706267e-05
ser enviado,7.977197853538195e-05
pc,0.0001039831036646662
vendido em,5.877422642506329e-05
quando comprei produto,5.876701884937097e-05
não foi entregue foi,5.876498103090845e-05
apenas duas unidades,5.8764326723358494e-05
esperava mais do produto,8.475022129029939e-05
buscar produto nos correios,5.8745693330043606e-05
tenho esperança,5.8742099959277856e-05
muito atraso,8.251508003710824e-05
eu recebi somente,7.377288543818653e-05
informado pela,5.870067738185894e-05
do produto dizia que,5.8700464341673236e-05
uma reclamação estou,5.869849775732637e-05
poderá,8.443972703060626e-05
chegar em minha,5.8693380898842695e-05
conversor,6.60167447930312e-05
primeira vez que tenho,6.655491525635478e-05
porém recebemos apenas,5.865503729391245e-05
presente só recebi ainda,5.8648326262053525e-05
comprei cadeiras ate presente,5.8648326262053525e-05
ate presente só recebi,5.8648326262053525e-05
recebi ainda aguardando cadeira,5.8648326262053525e-05
cadeiras ate presente só,5.8648326262053525e-05
só recebi ainda aguardando,5.8648326262053525e-05
falha na,6.85468200468098e-05
em transporte,7.114563896835073e-05
porém não chegou,6.715756135609021e-05
30cm,6.846070660275648e-05
esta em atraso,5.862285085276277e-05
embalagem individual,5.8611977161836186e-05
vai fazer um mês,5.859096056332901e-05
fazer devolução do produto,6.493513120829274e-05
não recebi outra,5.856296738052888e-05
não estava violada,5.856183424406272e-05
reconhecido pela impressora,5.8558223944642606e-05
que veio errado,5.855074339049625e-05
vai me devolver,5.8538456315198566e-05
foram enviados,6.735387767305486e-05
não recebi outro produto,8.03752948443082e-05
kits só recebi,7.994523114029211e-05
que ligar,5.851743927390503e-05
um único frete,5.8509976264916095e-05
passou data,5.8500554954544564e-05
avisando que produto,5.8483544258631235e-05
para produto ser,5.847227016853512e-05
mas dessa vez não,5.846955894771047e-05
não veio em nenhuma,5.8467351863295724e-05
minha surpresa ao,5.8462164551027e-05
constam duas,5.8460054378832125e-05
cobrei,5.844446952198144e-05
me avisaram que,6.711553313700562e-05
estou aguardando as demais,5.842424180285674e-05
só recebi unidades estou,5.842424180285674e-05
dia das unidades compradas,5.842424180285674e-05
unidades estou aguardando as,5.842424180285674e-05
recebi unidades estou aguardando,5.842424180285674e-05
unidades compradas só recebi,5.842424180285674e-05
bom dia das unidades,5.842424180285674e-05
das unidades compradas só,5.842424180285674e-05
compradas só recebi unidades,5.842424180285674e-05
resolverem,6.559706061858455e-05
telefone para ligar,5.841080597934479e-05
entregue até agora,5.841039026808161e-05
imagem de,8.229756760290901e-05
um dia no outro,5.839182082337249e-05
em um dia no,5.839182082337249e-05
como faço para devolver,6.504836228368164e-05
de solteiro não,5.836474964379524e-05
não estou satisfeito,5.836373122600987e-05
reparo,6.595528424798878e-05
lá não,5.8355319571576564e-05
valor inferior,5.834863845031187e-05
de porta,6.64038612563837e-05
está com problema,5.8323887214085e-05
indicava,6.8723447191289e-05
um prazo menor que,6.488046244373497e-05
só avaliei,5.8302328224047454e-05
produtos entregues não,5.8295942820340215e-05
para usar,0.00013308601714963732
total descaso com cliente,5.828516976202857e-05
momento nada foi,5.828177317379109e-05
na entrega quando,6.502253988828962e-05
numero de,5.827175285574572e-05
não recebi no prazo,7.559628591571966e-05
para hd,5.8258107496408114e-05
no dia 01,7.098050114024761e-05
cancelamento do pedido no,5.824665296288032e-05
satisfação pelo,7.345849492484374e-05
não sei quem,5.82431207293579e-05
parceiros da lannister,5.824116769414263e-05
entrega produto não,6.953036342906774e-05
recebi produto foi,6.976672687994618e-05
cancelado por,8.249212352965136e-05
j5,5.8233865228815525e-05
recebi os produtos errados,5.822974254890759e-05
mês para entregar,5.822907832979261e-05
pedido aguardo retorno,5.822040476292097e-05
comprado dois,6.461179966070416e-05
mesma cor,6.595549776587527e-05
pensei que era,7.566707333528308e-05
11 17,6.899429005674896e-05
nota fiscal sem,5.820358528688786e-05
já tem quase,5.820350226124142e-05
quando cheguei,5.8194885068366096e-05
recebi somente um produto,6.366461381162156e-05
de 16,7.030172694446474e-05
contém um,5.8176985723169084e-05
produto seria entregue até,5.817104979141692e-05
para minha surpresa,7.282423180460243e-05
nota da,5.81526942620367e-05
mas película,0.00010527976846110053
que vão,6.498701855416735e-05
dois quero,5.81395483776704e-05
sabendo que,6.497447433169272e-05
saiu para,5.811432557357886e-05
iria chegar,6.486270654214006e-05
02 jogos de,6.856680239866525e-05
não compro mais nesta,5.8082935352768136e-05
aliás,0.00011230589453017498
com meu pedido,0.00010038622542487805
nao tive nenhuma resposta,5.8063518411315736e-05
sempre comprei na lannister,6.515586565502165e-05
que no anúncio,5.805678376019392e-05
lixo já,5.804494797034712e-05
entregaram cartucho,5.803819513221202e-05
lannister já,6.75429487890103e-05
esse não,6.521236938743864e-05
loja como,0.0001070024196814749
mesmo lugar,5.799175855622204e-05
pelo presente,5.797692156201201e-05
na entrega sem,5.796562188074998e-05
recebo produto,6.83222825828945e-05
rosca,8.528552061369816e-05
vamos ver se,7.327793983802997e-05
meu produto estava,6.373653289712671e-05
aro 19,5.7926582576080266e-05
sendo que paguei,7.013429190881914e-05
poderia ter vindo,7.431713824217154e-05
entregue no prazo porém,6.442809201512924e-05
entrega da mercadoria,9.354201522981987e-05
em contato estou aguardando,5.786529783010042e-05
comprei só recebi já,5.786529783010042e-05
só recebi já entrei,5.786529783010042e-05
estou aguardando espero não,5.786529783010042e-05
recebi já entrei em,5.786529783010042e-05
aguardando espero não ser,5.786529783010042e-05
contato estou aguardando espero,5.786529783010042e-05
espero não ser prejudicada,5.786529783010042e-05
para stark,5.7854395227219156e-05
recebi um relógio,5.7845172524619834e-05
produto mas veio,6.461221007808028e-05
com 02,6.358321150797787e-05
entrega não se,5.781872931071911e-05
comprei produto na cor,6.344761546223776e-05
descrição dizia,7.011656696082282e-05
agora não fui,5.7803067267151974e-05
que foi por,5.780013207360071e-05
nota que,5.7795735634625865e-05
liguei na,5.77781506865982e-05
me enviaram um produto,5.777589140783472e-05
deveria ser melhor,6.991837075860203e-05
tinha recebido,6.702063902915352e-05
em são,6.40828624920301e-05
contato com lannister não,5.7733782594223133e-05
super king,5.772617710548124e-05
diferente da imagem,8.347382691822654e-05
este ainda não chegou,5.768448925980262e-05
constando como,5.766966729545651e-05
uma solicitação,6.517721927524457e-05
pra colocar,9.135714063833544e-05
um frete caro não,5.7613377277253125e-05
de 03,6.51472171810824e-05
estou muito chateado com,5.758474154951143e-05
como vai ficar agora,5.757773249350487e-05
nota fiscal dizia,5.7577617452725316e-05
um azul,7.914575098730461e-05
gerado,5.754122808842008e-05
fosse um pouco mais,6.587142347204616e-05
shop time,6.610850375827244e-05
nada nenhuma,5.751716896823151e-05
produto estou no aguardo,6.591614267768584e-05
crepe,6.552694994311569e-05
qto,0.00011270893479610252
contato de vocês,5.750443881332075e-05
no momento ainda,5.750380198249842e-05
em 25,5.74995741726636e-05
dia 22 08,5.748410625506688e-05
diferente da foto do,5.745167732581633e-05
porém faltou,6.984160250732239e-05
veio para,7.01282372354989e-05
enviadas,6.400096571481169e-05
dia 20 12,5.743698484038021e-05
não recebi cartucho,5.743060737521448e-05
um mês que comprei,5.741005509694072e-05
foi demora,7.186603937525266e-05
foram duas,5.74055865196252e-05
em contato dias,5.73928655914291e-05
no dia 23,7.211985828513934e-05
no meu caso comprei,5.738901458597454e-05
estou esperando entrega,6.986094050350096e-05
na verdade um,5.7365995814982195e-05
29 08,5.736559784671327e-05
dúvida se,7.142888825543348e-05
produto foi entregue na,7.223768173562697e-05
lojas diferentes,5.733534835467004e-05
solicito outro,5.7329636802599475e-05
por favor gostaria de,5.732651148196833e-05
favor gostaria de saber,5.732651148196833e-05
entrega após,5.7324327923549116e-05
07 2017,7.237822154461638e-05
correios nao,5.7303329725389275e-05
falar com algum,5.730254463926736e-05
do site da,5.7296574749546006e-05
caixa aberta,6.867488747409999e-05
cada unidade,5.728210642811191e-05
jogo de lencol,5.7279711877380474e-05
pergunto,5.727277896719977e-05
não recebi nenhuma resposta,5.7271789427817456e-05
demorou quase um,5.726527954165536e-05
de não ter recebido,6.472877714742749e-05
estar com,7.222194039330686e-05
produtos iguais veio,5.7227483513648e-05
na nota fiscal vieram,5.722223173828375e-05
uma compra de dois,5.722080353257639e-05
12 mas,6.418166769640377e-05
urgente pois estou,5.7209283837531265e-05
as bolinhas,7.638443758516838e-05
no site produto,7.460104550393797e-05
foi entrege,7.348700336853077e-05
com medo de não,6.399065603846208e-05
bom dia fiz compra,5.71571024650087e-05
dia fiz compra de,5.71571024650087e-05
correios consta,5.7144975152141714e-05
produto já enviei,5.7143980072546216e-05
correios estou,6.651927346083491e-05
comprei 03 unidades,5.7137202773461296e-05
de rede,5.712636203147547e-05
que está em,7.347798826700506e-05
lugar de,6.336808508738078e-05
funko pops,5.7090106368727476e-05
mas na realidade,7.015374759058853e-05
foi postado no,6.35789643789328e-05
pelo preço que,8.434410526321595e-05
quando chegou veio,5.706977197441283e-05
vezes para,6.346880406878704e-05
ter em estoque,6.50211423153748e-05
onde se encontra produto,5.703279275405326e-05
até agora não consegui,6.443416166114514e-05
antes de enviar,6.424533254500601e-05
me enviarem,5.701018717712148e-05
mais compro nessa loja,5.699569508192166e-05
correios quando,5.6991874877697953e-05
resposta no,5.6975212679381575e-05
de 20 dias não,5.6975143064573354e-05
diferente sem,5.697418136083164e-05
realizei pedido,5.696939898227339e-05
vez tive,6.457607981734376e-05
chegar em casa,6.579979663956913e-05
compro em,5.692530760031848e-05
não foi entregue corretamente,5.691958205494222e-05
vou procurar meus direitos,5.689489960137391e-05
produto da foto,9.668528410691069e-05
para evitar,0.00010035967489273173
de qualquer forma,7.245390658862379e-05
com loja por,5.688117102341532e-05
era presente fiquei,5.6874576404301084e-05
unidade cada,5.6869292864161443e-05
momento ainda não recebi,5.686774291701872e-05
fevereiro até,5.686765755418777e-05
do pedido aguardo,5.6867285652424596e-05
tanto para,8.043111880885131e-05
mandei email para,5.68461945258283e-05
os atendentes,5.684472934511597e-05
sem solução,5.683116917859233e-05
que veio faltando,6.34436509618213e-05
pedidos até agora,5.6818984803762285e-05
caixa original,6.992291674693207e-05
que iriam,5.6800512744271146e-05
saber se vou,5.6796887056474915e-05
transportadora correios,7.047977263501004e-05
pedido sendo que,5.677473710615022e-05
resposta por,5.676151204410214e-05
fica entrega sendo que,5.6758903610518646e-05
luminarias como fica entrega,5.6758903610518646e-05
que pedido conta ok,5.6758903610518646e-05
02 luminarias como fica,5.6758903610518646e-05
sendo que pedido conta,5.6758903610518646e-05
entrega sendo que pedido,5.6758903610518646e-05
ficou faltando 02 luminarias,5.6758903610518646e-05
faltando 02 luminarias como,5.6758903610518646e-05
como fica entrega sendo,5.6758903610518646e-05
mais ninguém,5.6751417157380267e-05
faltando um rolo de,5.674976773323827e-05
veio faltando um rolo,5.674976773323827e-05
três unidades de um,5.674847873167859e-05
comprei três unidades de,5.674847873167859e-05
que não tenho,6.355460419987127e-05
resolvido em,7.737973642435808e-05
todos juntos,6.523013358459228e-05
dias para chegar,8.459689449935965e-05
tem que ter,7.052442483133025e-05
de casamento,6.952789308040188e-05
dia 07 05,5.6699139220498296e-05
de trás,5.669392384696201e-05
produto chinês,6.453023107283241e-05
dia recebi produto,5.668006363234618e-05
veio preta,7.818396562741586e-05
luz do,7.152339401719898e-05
parece uma,5.660697156526539e-05
urgente da,5.6569893426774206e-05
mercadoria errada,5.6562995482650595e-05
recebi agora,7.133367435663537e-05
chegou por favor,5.654903846388681e-05
parcialmente restando alguns itens,5.6547399337667954e-05
foi entregue parcialmente restando,5.6547399337667954e-05
recebimento do produto foi,5.6547399337667954e-05
entregue parcialmente restando alguns,5.6547399337667954e-05
dia 27 08,6.393237039483759e-05
na véspera,6.638153050048114e-05
no nome,5.6524757640728146e-05
porém apenas um,5.6506516350405694e-05
ainda péssimo,5.649484511379221e-05
não tive uma resposta,5.6490681738504167e-05
veio errado pedi,5.648585492005507e-05
confirmo,6.28956196229256e-05
kits só veio,5.647693897045378e-05
já estamos,5.645678712143001e-05
de informar,5.645673879635361e-05
já fiz reclamação no,5.645566894823423e-05
aí paguei,5.643859620333282e-05
caixas de lápis de,5.6423265084016896e-05
estão faltando caixas de,5.6423265084016896e-05
caixas apenas estão faltando,5.6423265084016896e-05
as caixas apenas estão,5.6423265084016896e-05
de lápis de cor,5.6423265084016896e-05
não recebi as caixas,5.6423265084016896e-05
recebi as caixas apenas,5.6423265084016896e-05
apenas estão faltando caixas,5.6423265084016896e-05
faltando caixas de lápis,5.6423265084016896e-05
houve algum problema,6.96827992996939e-05
selo do inmetro,6.64607002234338e-05
dinheiro de volta ainda,5.638438177751122e-05
produto ainda não tive,6.450195435788199e-05
no dia 15,5.636521516395064e-05
não atingiu,5.636438687903316e-05
comprar nada,5.63595492128528e-05
qualidade parece,6.716895057283651e-05
produto não me,7.616239378949581e-05
sacolas,8.964114471822063e-05
de um mesmo produto,5.6312456463454016e-05
as lojas lannister não,5.6309700546388544e-05
outro ou,6.281802353869594e-05
mp3 player,7.551057162510168e-05
eu nem,8.856427304787325e-05
só chegou apenas,5.6288201122538166e-05
poderei avaliar,6.39466024152524e-05
faltando parafusos,6.507475202764982e-05
fez uma,5.627580031576553e-05
para ninguém,6.568737444360745e-05
para dois,6.547944972543619e-05
stark consta,5.6266048668116296e-05
que seja feita troca,5.625996131700245e-05
embalagem da,5.625363339205409e-05
para uma nova,5.625262589395955e-05
compra comprei,6.448313549908255e-05
não condiz com foto,5.622106484486184e-05
já chegaram,5.621045815714137e-05
pois produto não,5.6210290878519275e-05
de costura,6.383721499044834e-05
ruins,7.1964717020792e-05
um produto em,5.617133545098714e-05
respeito das,5.616688942823916e-05
aos dois,5.615477344764723e-05
considerando,8.259043304029275e-05
tenho que fazer,5.614916266274701e-05
muito insatisfeita com,5.614415268024925e-05
vez compro,8.181324455128277e-05
entregaram na cor,7.114658139028644e-05
loja poderia,6.430190970230205e-05
comprei caixas de lente,5.6120035168741676e-05
poltronas,6.724798140005386e-05
pacotes sendo que comprei,5.6117839746098916e-05
dois pacotes sendo que,5.6117839746098916e-05
que comprei cincos pacotes,5.6117839746098916e-05
sendo que comprei cincos,5.6117839746098916e-05
so recebi dois pacotes,5.6117839746098916e-05
recebi dois pacotes sendo,5.6117839746098916e-05
um perfume,7.200997287222195e-05
rastreamento diz que,5.60940631577445e-05
muito difícil contato com,5.609186377639517e-05
produto para venda,6.336309172512371e-05
defeito com,6.355483478636923e-05
parte do pedido comprei,5.60771382751069e-05
do produto não veio,6.414817842059813e-05
so demorou,7.067618779621734e-05
quero devolução do meu,5.6050710078490467e-05
tenho uma,9.983773286491746e-05
entregue os outros,5.604144011591887e-05
garrafa de,6.792248468506153e-05
eu comprei unidades do,5.604006419626994e-05
produto nao esta,6.292840654868756e-05
04 até agora,5.5998169842465024e-05
não emitiu nota fiscal,5.5971099740230327e-05
produto pela,8.252350758291805e-05
do prazo mas produto,6.412441284971868e-05
eu recebi as,5.5947740437976955e-05
um porém,7.412615923664705e-05
uma tentativa,6.372122948010573e-05
só 01,5.591876755267148e-05
quero devolvê lo,5.589526353925245e-05
não solicitei,5.588292858559027e-05
chegou agora,6.81710057193749e-05
trocar vou,5.58532323238373e-05
vou reclamar,5.58430413299228e-05
mas esperava,8.064725072723336e-05
solicitados,5.583628066759785e-05
cabo rca,6.716238056916566e-05
nenhuma ligação,5.581280907431248e-05
duas compras uma,5.5795312643926465e-05
fiquei no,5.577914388393562e-05
no contato,5.575539127913451e-05
tentei realizar troca,5.5750824705911174e-05
tem mesmo,6.565661650210435e-05
número da,6.512031831073412e-05
momento nada de,5.57389384742856e-05
tamanhos diferentes,6.436413910749177e-05
loja vai,5.571896314774432e-05
vários dias,7.560810186444613e-05
que empresa não,5.570355812957271e-05
em duas partes,5.569488630146688e-05
produto comprado não,6.7458493278018e-05
mas vieram quebrados como,5.566593514176658e-05
proceder para que sejam,5.566593514176658e-05
termômetros mas vieram quebrados,5.566593514176658e-05
quebrados como devo proceder,5.566593514176658e-05
vieram quebrados como devo,5.566593514176658e-05
comprei termômetros mas vieram,5.566593514176658e-05
para que sejam trocados,5.566593514176658e-05
devo proceder para que,5.566593514176658e-05
finalizado,5.566132305009149e-05
dois que comprei,5.56586284291477e-05
entregaram quero,5.5656488111090186e-05
chegou relógio,5.565020828101118e-05
desisti da compra,5.5647924671819735e-05
se esta,6.316124836125492e-05
falar com vcs,5.562495245423466e-05
mesma qualidade,7.204905342459588e-05
por que eu,5.56108605302602e-05
estou aguardando alguma,5.5593102318639016e-05
específica,5.558533284631781e-05
cabo usb,8.024550109833478e-05
que fornecedor,6.475301268805846e-05
sim da,5.5571237363874263e-05
estava escrito,7.176048083002875e-05
esta unidade,5.556226511501838e-05
de alumínio,7.788988026279583e-05
informaram que produto,6.229338363441951e-05
perdeu,6.899889418347624e-05
falta outro,6.720563196685388e-05
nota dos,5.5540161655299044e-05
22 03,5.5538403748258306e-05
furada,6.825925308910868e-05
mensagens que,5.553565513242155e-05
nada no,6.322737843581203e-05
não foi mesmo que,5.549447559529227e-05
veio com avarias,5.548076161739344e-05
um pacote com,5.546617920641017e-05
apenas estou no aguardo,5.546563054456774e-05
se vou receber ou,5.5462547075493575e-05
mal embalado sem,6.276411765561105e-05
toda mercadoria,5.545939730255426e-05
ainda não os recebi,5.5416245565347603e-05
os produtos em,6.385615607341996e-05
informam que,5.5402611511171076e-05
consta na nota,6.953510004473307e-05
enviar um,6.373088074606222e-05
foi de produtos,5.5369828989439626e-05
abrimos,6.453758318892503e-05
recebi perfume,5.5337807075710085e-05
não loja,7.560332046775742e-05
não tive nenhuma satisfação,5.532464484472868e-05
entregaram os produtos,8.635944231986726e-05
numa caixa,0.00011291034897449599
trocando,6.784270457894635e-05
aguardando retorno do vendedor,5.528382627580668e-05
para esta,5.526393244340134e-05
conseguir trocar,5.5260786317021074e-05
por falta de estoque,5.5255334930972536e-05
apenas tive,5.52490328676501e-05
veio com defeito de,6.409987434061206e-05
outro item,5.5213857701299844e-05
plástico de,5.520662188524011e-05
pedido pagamento,5.518715699647623e-05
constando apenas,5.518036405549335e-05
ser ressarcido,5.517010545978202e-05
da compra recebi,5.516935978365369e-05
produto preciso de,5.516043321085154e-05
que tecido,6.548549832841627e-05
levou quase,6.32422068406406e-05
pagamento não,6.159543137739967e-05
problema quanto,5.509215298851624e-05
dado como entregue,5.5082471474657444e-05
porém já,6.698363749885753e-05
problemas não,5.50773002203492e-05
disponível no,5.505828017694406e-05
me sentindo,6.260015453025611e-05
dos correios para,6.12198402305824e-05
12v,6.633618743578943e-05
foi entregue dia,8.293482845637799e-05
dei uma estrela,5.503073211950899e-05
que se trata de,6.373597066766515e-05
3ª,5.501126834766688e-05
foto no site,7.457149446483033e-05
momento chegou,5.4983918274018936e-05
pedi produtos iguais,5.498361908378533e-05
me sinto lesado,5.4982460437843495e-05
de telefone para,6.376049678416631e-05
de estar dentro do,6.310351784532957e-05
estar dentro do prazo,6.310351784532957e-05
apesar de estar dentro,6.310351784532957e-05
nem na,5.4971793170904606e-05
política de,6.244391175930862e-05
quem recebeu,7.581861042321329e-05
no reclame aqui,6.308653296056928e-05
se realmente,0.00011027294950348065
nacional,7.098514154022584e-05
item gostaria de saber,5.4925499206199477e-05
está faltando 01 item,5.4925499206199477e-05
01 item gostaria de,5.4925499206199477e-05
faltando 01 item gostaria,5.4925499206199477e-05
tinha saído,5.4919130221533935e-05
mas me entregaram,6.796753123403747e-05
que embalagem,8.409754757039145e-05
mais qualidade,6.287870703625865e-05
produto ainda não recebi,6.201550563595658e-05
eu adquiri 03 unidades,5.4843112665691416e-05
unidades eu adquiri 03,5.4843112665691416e-05
preto foi entregue só,5.4843112665691416e-05
do produto 60xl preto,5.4843112665691416e-05
02 unidades eu adquiri,5.4843112665691416e-05
60xl preto foi entregue,5.4843112665691416e-05
foi entregue só 02,5.4843112665691416e-05
produto 60xl preto foi,5.4843112665691416e-05
só 02 unidades eu,5.4843112665691416e-05
entregue só 02 unidades,5.4843112665691416e-05
pois preciso,7.57253432689563e-05
dias até agora não,5.4823247243317874e-05
no dia 18,6.69541454804045e-05
dessa compra,7.904578111263863e-05
de entrega pois,6.347095077172588e-05
por parte da empresa,5.478664050438699e-05
estarei procurando,5.477983635621412e-05
queria lençol,5.477183844427115e-05
produto ou devolução,5.476776949080258e-05
até momento apenas 01,5.4758007644999915e-05
produto mas recebi até,5.4758007644999915e-05
recebi até momento apenas,5.4758007644999915e-05
mas recebi até momento,5.4758007644999915e-05
comprei 05 unidades do,5.4758007644999915e-05
05 unidades do produto,5.4758007644999915e-05
isso quando,5.475152089876206e-05
atende telefone,5.4745922884515775e-05
depois de ter,6.951134334151115e-05
pois já paguei,5.4729543877180404e-05
fora não,5.4721044901649205e-05
um retorno sobre,5.471379274128632e-05
entrega nem,7.922825150964152e-05
culpa da loja,7.256526109786348e-05
retirar produto na,5.4694177720806125e-05
de hj,5.467912432892067e-05
não foi entregue entregaram,5.4675447855507075e-05
no site que foi,5.4672441662818955e-05
site que foi entregue,5.4672441662818955e-05
vale para,6.117151106660054e-05
nada resolvido,6.0818203941339476e-05
09 2017,6.607339071657407e-05
cabo para,5.464604406814023e-05
enviei uma reclamação,5.4644648069045985e-05
sling,0.00010247478095174809
favor peço,5.463570171156972e-05
produto peço,5.462053032761278e-05
do perfume,8.220985597230501e-05
pois eu paguei,5.4612526130132115e-05
de 30 dias para,5.459910170854392e-05
contato para efetuar troca,5.4594107437793016e-05
chegou apenas nota fiscal,6.651779846729277e-05
navalha,9.857631768660464e-05
apenas unidade não as,5.456588001784776e-05
como consta no pedido,5.456588001784776e-05
entregue porém apenas unidade,5.456588001784776e-05
porém apenas unidade não,5.456588001784776e-05
unidade não as como,5.456588001784776e-05
as como consta no,5.456588001784776e-05
foi entregue porém apenas,5.456588001784776e-05
não as como consta,5.456588001784776e-05
suja,0.00011342376579857778
caixa apenas com um,5.455639575953596e-05
retorno pois,5.455476684958047e-05
07 2018,8.956205589574778e-05
ficaram de me,6.222846533004322e-05
certinho porém,6.258532925787438e-05
não recebi dinheiro de,5.450347671839319e-05
recebi dinheiro de volta,5.450347671839319e-05
rastreamento não,7.242979552575961e-05
produto pois mesmo,6.529873483056945e-05
frasco de,6.307835066026989e-05
os pneus,6.685058386734205e-05
mas estava,7.446510534132172e-05
uma pessoa,9.05259800749687e-05
lannister recebi,7.531075761436986e-05
caixa havia apenas,5.44023101695363e-05
que targaryen,5.438707537954984e-05
dia as,5.43822915600825e-05
entregue quando,5.437613897718738e-05
da entrega do produto,0.00011264053541870429
nao veio na,5.436365030892706e-05
de rastreio do produto,5.4355807740033826e-05
que não tem produto,5.4355048953058096e-05
luminária não,6.316124815279829e-05
com as demais,5.4331745886601824e-05
quando tento,5.43251228799631e-05
saiu do,6.0316756411602174e-05
falta de comunicação,6.179756129274779e-05
várias vezes na,6.482930246770346e-05
com essa compra,8.222883900724973e-05
botei,5.428446850365872e-05
mesmo pois,6.266052347843986e-05
certo mais,6.55090541835512e-05
anuncio nao,5.424112379122761e-05
dos itens foi entregue,5.42405408097206e-05
um dos itens foi,5.42405408097206e-05
do fone,8.391023447825475e-05
constam as,6.074149684676615e-05
pra piorar,5.421002721884758e-05
meu pedido como,5.4189785720806186e-05
26 dias,5.4162516424020315e-05
tive que ir até,6.069108046895606e-05
informações do,8.783767033551884e-05
valor já,5.4150679953483256e-05
de sedex,5.414070034448705e-05
logo que,6.331151280178829e-05
fiz compra de peças,5.4106937274007396e-05
enviaram para,6.0978132438068824e-05
outros itens,6.133692778745854e-05
cód de,5.402215735713373e-05
momento não tive retorno,5.402169800522581e-05
todos os dias,6.055036753534215e-05
entraram em contato comigo,6.234333534492568e-05
meu produto ate,6.17003863610792e-05
providências urgentes,5.399363218641667e-05
só nao,8.647386940907061e-05
ficarei,8.087780906328234e-05
cancelar pagamento,5.393027133856378e-05
cadeiras restantes do pedido,5.391289633332278e-05
aguardando as cadeiras restantes,5.391289633332278e-05
cadeiras recebi estou aguardando,5.391289633332278e-05
as cadeiras restantes do,5.391289633332278e-05
estou aguardando as cadeiras,5.391289633332278e-05
recebi estou aguardando as,5.391289633332278e-05
comprei cadeiras recebi estou,5.391289633332278e-05
status do meu pedido,5.39115365099582e-05
arandelas,5.390511325535714e-05
com marcas de,6.673603866904758e-05
que cancelar compra,5.388472547785568e-05
contato com eles,5.3881726341885897e-05
reclamação junto ao,5.3877210568725196e-05
blend,6.150743843375295e-05
de que se,6.435547776156382e-05
empresa estou,6.138101734861399e-05
previstas,8.081595094770625e-05
produto enviei,6.280346221350415e-05
central da lannister,5.382152203169957e-05
modo de,6.311649437981627e-05
kit ou seja,5.37955564010268e-05
consegui falar com ninguém,5.3777788646812816e-05
tomarei as medidas,5.376763258050712e-05
dia da compra,5.3763373605954164e-05
de entrega para dia,7.98370665469773e-05
na hora da entrega,5.375260149604078e-05
não cobre,7.300289742888937e-05
sorte que,6.173222956609767e-05
américas,9.57183097037357e-05
mas segundo,5.919948553335349e-05
relógios só,5.370786540892942e-05
nota com,5.369960889568298e-05
nenhum contato da empresa,5.369847727779634e-05
na nota fiscal que,5.3691029566814734e-05
frete caríssimo,6.73394349341282e-05
foi até,7.031554685301435e-05
entregar na,7.428623196834502e-05
toda rasgada,5.991587102736134e-05
confuso,7.831293615668214e-05
produto parecia,7.31867355798519e-05
porque se,6.225998147686414e-05
pra saber que,6.0127239447572713e-05
no site do baratheon,6.121930689953213e-05
um pouco demorado,7.58888848865678e-05
apresentação,8.43379351181421e-05
foi entregue espero,5.358539872688298e-05
recebi tive,5.357472610594968e-05
produto já faz,5.356239037264992e-05
lannister espero,5.354954362091678e-05
recebi um na,5.3548392812527165e-05
agora depois de,5.354295281547944e-05
de papéis de parede,5.353641404367823e-05
rolos de papéis de,5.353641404367823e-05
demora na resolução do,5.3534457121290344e-05
havia produto,5.3533212216339944e-05
vai ser feito,5.352543242850749e-05
de abril,9.144269300128881e-05
como recebido,6.003464458791506e-05
mail que me,5.349978874272173e-05
relógio no,6.173393984415607e-05
não seria entregue,6.239753861483133e-05
porém recebi somente 01,5.347707133722847e-05
demorada entrega,7.850653242072805e-05
empresa está,7.13894112081002e-05
fiz compra no,6.16506751123016e-05
até agora nada de,6.333611061676738e-05
vou ficar com ele,5.3445117092650104e-05
no acrílico,6.573286504691245e-05
não deu nenhuma,5.343623441840519e-05
hoje dia 21,5.338905345832142e-05
de outros,8.955959810567167e-05
ao abrir caixa,5.33833849059009e-05
vcs podem,5.338085473162334e-05
resposta estou,5.3378526026185985e-05
bem nao,5.337269066329021e-05
com um kit,5.336694044108389e-05
diferente das,6.857519697230092e-05
empresa não deu,5.333522667785757e-05
ítens do,5.3327532094110654e-05
porém tamanho,6.10757048078469e-05
na voltagem,8.021415724324477e-05
pedi cadeiras só,5.332205225672049e-05
um livro,6.651223751806347e-05
carenagem,6.182124471349883e-05
quando fiz compra,5.331265524412873e-05
da primeira,7.705369313830676e-05
uma bolsa,9.856382041876549e-05
foto da,8.208521653596594e-05
minha compra veio,7.241538021183741e-05
minha cara,5.328707441389302e-05
para os correios,5.3284049333634746e-05
entregue porque,5.327448122720512e-05
04 18 não,5.326992214567334e-05
não terem,5.325738613290846e-05
correios uma,6.193405247181909e-05
ate hoje nao,5.929294803344649e-05
era oq eu,5.3216100993945005e-05
me dar um retorno,5.3213609064968944e-05
16 dias úteis,5.321263471418263e-05
lannister não me,5.318898682671351e-05
único problema foi que,7.244110761321292e-05
para devolver dinheiro,5.31756882753237e-05
achei de,7.915838735040679e-05
está dando,5.8971097692522666e-05
estou aguardando estorno do,5.9623153415849436e-05
de borboleta,6.358984611543469e-05
problemas na entrega,9.047966835628221e-05
na tampa,8.815512865232271e-05
saído de,5.311268615076349e-05
mas ele não,5.310837560670057e-05
valor das,5.308718342999976e-05
eu esperando,5.308208692086803e-05
fecham,6.0306703767108556e-05
pelicula de vidro,6.050527874403854e-05
vieram de,6.272253121505294e-05
entrega não foi completa,5.305354579239118e-05
na embalagem não,5.989137619927312e-05
28 02,5.303547932706864e-05
produtos juntos,7.443786168969329e-05
produto entregue foi,6.551643910597664e-05
com parceiros,6.023119031739794e-05
acerca,7.090528931320741e-05
ir retirar no correio,5.297524479020566e-05
falar sobre,0.00010186340789651929
me enviaram uma,6.152599455064634e-05
de confirmação de,5.2932879352040003e-05
comparado,6.923963192145885e-05
entregar no prazo,9.89642324848282e-05
era pra dar de,5.290919349180564e-05
brilhante,7.642190556316756e-05
nota fiscal em um,5.28883598830456e-05
veio nota fiscal em,5.28883598830456e-05
os buchinhos só veio,5.28883598830456e-05
fiscal em um carta,5.28883598830456e-05
recebi os buchinhos só,5.28883598830456e-05
não recebi os buchinhos,5.28883598830456e-05
só veio nota fiscal,5.28883598830456e-05
buchinhos só veio nota,5.28883598830456e-05
sendo que havia,5.288179998823422e-05
meu valor,5.2879770418800424e-05
quem vai me,5.2879156730273175e-05
mostruário,6.300462460879086e-05
que escolhi,0.00011482251586639183
receber restante,5.286215471733204e-05
não recomendo loja nem,5.285658605884308e-05
chegou atrasado,7.867565889925622e-05
foi dividida em,6.715141646339672e-05
só um foi,5.923732790525589e-05
abrir embalagem,7.524874294315465e-05
tentei por,5.280786953610016e-05
não foi entregue prazo,6.116393443400055e-05
tem opção,5.279497708779916e-05
na tela,9.121640217038699e-05
produto mesmo foi,6.11835125512917e-05
duas garrafas de vinho,5.274466535141432e-05
de vinho compra foram,5.274466535141432e-05
foram só veio tomem,5.274466535141432e-05
compra foram só veio,5.274466535141432e-05
faltando duas garrafas de,5.274466535141432e-05
veio tomem providências atenciosamemte,5.274466535141432e-05
só veio tomem providências,5.274466535141432e-05
garrafas de vinho compra,5.274466535141432e-05
estão faltando duas garrafas,5.274466535141432e-05
vinho compra foram só,5.274466535141432e-05
entrega foi em cima,5.273086309042305e-05
do prazo recomendaria mais,5.273086309042305e-05
recomendaria mais atenção produto,5.273086309042305e-05
prazo recomendaria mais atenção,5.273086309042305e-05
mais atenção produto bom,5.273086309042305e-05
cima do prazo recomendaria,5.273086309042305e-05
foi em cima do,5.273086309042305e-05
instalação do,9.549151506420451e-05
prazo de entrega apenas,5.271198531643023e-05
tratando,7.464335177390502e-05
128,5.270942268025813e-05
da pior qualidade,5.270650339026669e-05
mas até hoje,5.269409375166933e-05
falar com ninguém respeito,5.2693118837494355e-05
com ninguém respeito disso,5.2693118837494355e-05
solicitação de devolução que,5.26927688475129e-05
de cor diferente da,5.265143118718587e-05
original uma,5.2646488100530795e-05
está bom,6.576560320714576e-05
os produtos foram entregues,0.00011539927321661243
60 dias,5.263689480067352e-05
foi respondido,5.26037302554763e-05
de 80,5.259214722271948e-05
me entregam,6.64021690259782e-05
um mail da lannister,5.257367489800503e-05
então vou,5.257309137608992e-05
por mais,8.424603081503042e-05
em contato com vocês,5.256189730594113e-05
um entrei em contato,5.253877227303027e-05
veio 01 unidade,5.25042938875583e-05
enviou produto,0.00010133971255131327
lannister tem,8.673575694406243e-05
diferentes em,5.245747993165622e-05
35,5.2438490996733385e-05
de pedidos,7.221774949470996e-05
no telefone,5.239578615001731e-05
lento,7.778006935842417e-05
já enviei email,5.238865633828608e-05
que eu já,7.343278220815763e-05
na cor preto,5.237443450502431e-05
do pedido ou seja,5.836898743266908e-05
devolver esse,5.235075472413085e-05
de um pendente,5.2344131887802267e-05
correios foi,5.980377118731555e-05
antes com,6.042436727556716e-05
mais de 10 dias,8.652589431062327e-05
alguém que,5.2307056182049145e-05
mais de semana,5.224950651123637e-05
produto não veio em,5.2229169194069444e-05
novo pedido,5.2220384533896476e-05
ou vou cancelar,5.2203342027141026e-05
pontos de,6.396890508270585e-05
não fala,5.845137355574581e-05
porém cadeira,5.217765249876383e-05
pelo tamanho,6.717428994183408e-05
que consta no site,5.2148048371931165e-05
dar um prazo,5.213564482010992e-05
interno,9.832098643824854e-05
de chão,6.0413158170989855e-05
foram dois,7.054487215647029e-05
notei,5.835162302538957e-05
meu produto pois,7.750395014712833e-05
explicação nem,5.2087687021756235e-05
fiz essa compra,5.208639657395082e-05
fiéis,5.875327923250989e-05
celular veio,6.36514915937905e-05
sem plástico,5.207488313419615e-05
dia 18 12,5.204973891272183e-05
da casio,5.782351966537609e-05
dia 19 de,5.202652451484914e-05
canecas,6.984542901153994e-05
dias do prazo máximo,5.1961218656774205e-05
embrulho,7.939036243076804e-05
almofada cocozinho na nota,5.1959189596153225e-05
nota consta produto mas,5.1959189596153225e-05
cocozinho na nota consta,5.1959189596153225e-05
faltou almofada cocozinho na,5.1959189596153225e-05
consta produto mas produto,5.1959189596153225e-05
na nota consta produto,5.1959189596153225e-05
receber caixa,5.195879288639687e-05
para notebook,7.468941903445601e-05
valor menor,6.356035801886843e-05
que pelo,5.924097526004202e-05
comercial,8.532807329256511e-05
por cada produto,5.1916920000704236e-05
produto comprado no,5.191158598419267e-05
para piorar,5.190366859273647e-05
dentro do pacote,5.189801437679059e-05
ter meu dinheiro de,5.8971811853375205e-05
empresa não tem,5.186977791627477e-05
cancelamento desse,5.95332541504211e-05
qualidade do produto muito,6.199293596872482e-05
foi entregue faltando,5.182982052270506e-05
rasgou,8.37485501418179e-05
tanto pra,6.319844451702536e-05
se eu soubesse que,5.177628750696576e-05
correios porém,5.177140071774459e-05
faço agora,6.601265394831294e-05
por telefone não,5.1733391598660475e-05
produto está atrasado,9.904558502316737e-05
reclamação até agora não,5.1726391420960625e-05
nas pontas,5.172448779398006e-05
entrei em contato várias,5.172106847250749e-05
lannister essa,6.552719177538084e-05
com sinais de ferrugem,5.168947537825146e-05
lojas de,7.118759280171948e-05
ainda não recebi mas,6.112906751104987e-05
consegui entrar em contato,5.165498847349465e-05
errado pedi um,5.165123960814583e-05
um engano,5.8225064896845384e-05
universal,8.977443365739282e-05
deveriam colocar,6.760014455913359e-05
dia 01 06,5.162462876754928e-05
de banho de,5.7931028380072636e-05
2017 não chegou,5.162076577408601e-05
no status do pedido,5.160978513509346e-05
isso uma falta de,6.148343347061252e-05
constam que foram entregues,5.1577655582547034e-05
com 60,5.157382560052975e-05
ficar com esse,6.113135365221341e-05
que eles não,5.157164618551926e-05
nunca mais compro nada,5.155828983032344e-05
resposta ao,5.153976275187506e-05
do produto estou,8.736545564038207e-05
contrario,6.4228175449043e-05
não entregaram na minha,5.1500633639819574e-05
havia apenas uma,5.150029478205463e-05
duas de,7.604461578888189e-05
produto era para,5.845915578206932e-05
rótulo,6.550593555458498e-05
eletrônica,6.498780205002518e-05
dia 26 03,5.1484827392098035e-05
devolução até agora,7.155224632152288e-05
de 00,5.146955310420433e-05
duas cortinas recebi apenas,5.146798810468024e-05
comprei duas cortinas recebi,5.146798810468024e-05
cortinas recebi apenas uma,5.146798810468024e-05
aparece que,5.791324087895304e-05
tinha apenas um,5.146550228775971e-05
nenhuma resposta do,5.146487972491122e-05
nota fiscal veio constando,6.336815372414887e-05
para saber como,6.223972298083314e-05
esse produto não,6.989357424691073e-05
formas,8.373398490456271e-05
meu produto foi entregue,0.0001227041497507528
respondeu meu,5.140468598661644e-05
no site consta que,5.134924927246286e-05
mais recomendo,7.803175487848708e-05
comprei comprei um,5.134049796929383e-05
estou chateada,5.8785330117314697e-05
meu cartão foi,6.083279174339426e-05
cor que eu,7.075099589926988e-05
luminária de,5.132673235054903e-05
serviço que,6.48119820580845e-05
amanhã,9.009084247665811e-05
de quase 600,5.131436890717762e-05
redmi,8.014770802175577e-05
que as lojas,5.923984958071504e-05
problema da entrega,6.0898924655207225e-05
errada de,5.127876405139864e-05
material bem,9.798231689551861e-05
data que,6.575741265329207e-05
imagem que,6.811039771580176e-05
blocos,5.124987360331289e-05
de 04,5.124851625307868e-05
pedi devolução do,6.357683423791677e-05
para berço,5.121816738168476e-05
veio na cor rosa,5.121579023743245e-05
email avisando,5.118825119721667e-05
em lojas,7.049265507500046e-05
kit colcha,8.617650652420598e-05
por onde,6.024965174149562e-05
pacotes em,5.1146580290909266e-05
demorada mas,7.536134248687343e-05
que nunca,0.00010432604801709456
chegou no prazo porem,6.516008564029545e-05
desta vez meu produto,5.110940409681411e-05
correios me,5.1092233498027416e-05
chegou segundo,6.362305600568416e-05
comprei uma vez,5.108735824920106e-05
recebi cadeira,7.518722658696377e-05
constatei que,5.849940570050376e-05
produto com urgência,5.10678588829114e-05
na segunda,0.00011619457562415655
ser usado,7.881152224733362e-05
frete de volta,5.851843680461064e-05
não comprei,8.393276782988416e-05
informar que produto,6.0557565168596476e-05
que parceiro,5.103101352740263e-05
eu efetuei,5.1028087483512174e-05
fato do,6.73810201905115e-05
toda tela,6.326517809648068e-05
com cartão de,5.1012324962286564e-05
dele não,6.273185813853964e-05
do meu problema,5.0996726301868316e-05
mais de mes,5.0991262489069245e-05
olá boa noite,6.136405755161379e-05
parecido com,6.462751751059058e-05
foi diferente,7.021947791832701e-05
com vendedor targaryen,5.098804214475162e-05
faltando uma luminária,5.0971697539976847e-05
unidade nota,5.096890781961737e-05
dia 20 de fevereiro,5.096703939688661e-05
acho uma falta de,5.6780277769797e-05
que além,5.095914227270908e-05
na entrega recebi apenas,5.095489665896878e-05
atraso na entrega recebi,5.095489665896878e-05
niguem,5.0941431219241134e-05
barriga,5.7872699543403785e-05
não tinha mais,5.7491029593200736e-05
me ligou,6.835826298452925e-05
caixa amassada,6.55776720229746e-05
falta uma cadeira ser,5.0900229891356654e-05
uma cadeira ser entregue,5.0900229891356654e-05
cadeira ser entregue conforme,5.0900229891356654e-05
ser entregue conforme pedido,5.0900229891356654e-05
só recebemos quatro cadeiras,5.0900229891356654e-05
recebemos quatro cadeiras falta,5.0900229891356654e-05
cadeiras falta uma cadeira,5.0900229891356654e-05
quatro cadeiras falta uma,5.0900229891356654e-05
só que não,8.153582744649832e-05
quero que seja,5.089419760233033e-05
essa compra foi,5.756688346052172e-05
abri caixa,8.777210491398035e-05
mostrada,8.252751414375588e-05
mas lannister,8.930135300914709e-05
foi enviada nota,5.086857442273215e-05
duas gostaria de saber,5.085941534435362e-05
27 de,5.792075208588792e-05
tem quase um mês,5.957836768900644e-05
entregue 02,5.082085946969818e-05
tive que ir retirar,6.579790866683087e-05
de novembro,7.598194556123148e-05
me deram prazo de,5.0798185975168524e-05
empresa terceira,5.07751757324263e-05
para receber em casa,5.077508324192691e-05
gostei mais,7.68512454924678e-05
mesmo uma,6.403636380864458e-05
grande no,5.734745136280914e-05
veio primeiro,5.074833353040906e-05
de um mesmo utem,5.074509138671184e-05
comprei unidades de um,5.074509138671184e-05
me foi cobrado fretes,5.074509138671184e-05
um mesmo utem me,5.074509138671184e-05
utem me foi cobrado,5.074509138671184e-05
foi cobrado fretes terrivel,5.074509138671184e-05
mesmo utem me foi,5.074509138671184e-05
pois ainda nao,5.9090817389180475e-05
um aparelho,5.8062411119261004e-05
em contato no,5.071150639580965e-05
caixa não,9.191470178353386e-05
de imediato,5.070607209235376e-05
comprei mesmo produto,6.713938445316719e-05
no código,5.069197380917807e-05
deveriam mudar,5.067415612261569e-05
para entrega foi,5.066091597981649e-05
pena porque,5.689771878562746e-05
isso mais,6.244101922357328e-05
qualidade do tecido,5.671914568405677e-05
há uma semana,5.822112171824322e-05
vou ter que entrar,5.061948792824168e-05
toalhas que,5.0613097590168434e-05
não me agradou,5.8615714636152135e-05
por outra,5.7588748719748755e-05
comprei torres chegaram nao,5.05986640161485e-05
no outro ainda falta,5.05986640161485e-05
nao chegaram juntas chegou,5.05986640161485e-05
dia no outro ainda,5.05986640161485e-05
torres chegaram nao chegaram,5.05986640161485e-05
chegaram juntas chegou em,5.05986640161485e-05
chegaram nao chegaram juntas,5.05986640161485e-05
outro ainda falta uma,5.05986640161485e-05
juntas chegou em um,5.05986640161485e-05
17 não recebi,5.0581893070842385e-05
dias depois do,6.570635325454175e-05
foi entregue foi entregue,5.056048143243774e-05
foto era,5.995774027936789e-05
extensor,5.67933285878951e-05
pesado,8.664356713757123e-05
solução nem,5.053678438746968e-05
por sorte,7.627924368726849e-05
sim vou,6.32260737535651e-05
outro produto ou,5.052783007856801e-05
por transportadora,7.17970140527013e-05
que impossibilita,5.052007363839591e-05
pela lojas lannister,7.028969508972631e-05
até minha casa,5.656258179381101e-05
houve um imprevisto,5.050347159598079e-05
cancelamento não,5.780640339463263e-05
antes do previsto mas,5.7628981924683725e-05
que produto seria entregue,5.727350168729973e-05
documento,9.375406529365118e-05
ainda não sei se,7.111425643585676e-05
mas demorou muito,9.309647348795473e-05
no colchão,6.567628556924493e-05
se eu quisesse,5.045984736798282e-05
que estava previsto,5.0452846520241285e-05
dia 04 04,5.043712189437933e-05
contudo só,5.0426628777579084e-05
relógios mas,6.86371544310149e-05
vez produto,7.748486535141862e-05
cartão de crédito não,5.041095969144615e-05
nos correios ao chegar,5.04031009078764e-05
colocou,7.224631024152922e-05
quando ligo,5.038870750361889e-05
via email,6.068573254484308e-05
do que eu recebi,5.038449358581983e-05
unidades conforme nota fiscal,5.037827911620343e-05
manual ou,5.8197417394449806e-05
no correio para,5.989291410960117e-05
aquece,6.69151721662829e-05
não de boa qualidade,6.16473987963547e-05
trabalhar com,6.938314483280155e-05
do fabricante,7.349434519593676e-05
de quatro,8.05275212753582e-05
paguei valor,6.141158223465778e-05
04 ainda,5.613013679235744e-05
entrega falta,5.0282917324260976e-05
região,8.820995361561443e-05
comprados no,7.109379201723236e-05
atendimento eletrônico,5.0246263292330856e-05
vcs em 08 de,5.0238999907447466e-05
pedido foi cancelado conforme,5.0238999907447466e-05
email de vcs em,5.0238999907447466e-05
de vcs em 08,5.0238999907447466e-05
foi cancelado conforme email,5.0238999907447466e-05
em 08 de maio,5.0238999907447466e-05
cancelado conforme email de,5.0238999907447466e-05
conforme email de vcs,5.0238999907447466e-05
comprei errado,8.40213094499656e-05
uma reclamação não,5.647398249351284e-05
lojas lannister nem,5.65517737552363e-05
entrei em contato até,5.0146357556781875e-05
já segundo,6.792729574159491e-05
minha insatisfação,6.099599163876662e-05
recebi um mail dizendo,5.010854422100352e-05
estava para,6.329060555188226e-05
veio errado pois,5.010301279375772e-05
mercadoria só,5.6652409219679904e-05
tive problemas mas,5.008255336321881e-05
estou precisando da mercadoria,5.005698653789925e-05
mesmo assim recomendo,5.0055239953676965e-05
parece que foi,7.460999016693331e-05
produto estava previsto para,6.788066615242553e-05
que correr,5.003424679037433e-05
produtos paguei,6.030611978326432e-05
kit de tesouras,5.0019885080853094e-05
bem depois,6.014886777980583e-05
fazer retirada nos correios,4.998515179255207e-05
me dei mal,4.998375032000849e-05
desejar no,5.75296170352622e-05
diferente estou,5.660197853158582e-05
lannister como entregue,4.996747274547194e-05
da pessoa,4.996369518987446e-05
informado na,5.8346295912225984e-05
era cartucho,4.995508546478704e-05
chegar no prazo,6.012822281464065e-05
01 02 03,4.994078273612095e-05
de uma única vez,4.99023807367057e-05
celular mas,5.9365565273417205e-05
me devolveram,6.295234409890482e-05
no correio mesmo,5.6618861637451905e-05
os jogos de,5.7344890256221496e-05
diz que já,4.984218242885984e-05
só não gostei porque,8.196177074135351e-05
um prejuízo,5.995528361029873e-05
pelo outro,7.357273296699796e-05
segurança para,5.9607065204356787e-05
um frete absurdo para,4.981915890372909e-05
pois minha,6.365437579190318e-05
emitir nota fiscal,6.420236040380854e-05
favor verificar que,6.904560960707151e-05
me disse que,4.981320211425002e-05
de quem,6.76977011169214e-05
produto no prazo mas,6.0518099550517344e-05
fui no,6.251255592654838e-05
vendedor nem,4.9785530438586384e-05
vieram um pouco sujos,4.977676645679073e-05
pouco sujos os protetores,4.977676645679073e-05
recebi produtos na data,4.977676645679073e-05
na data porem vieram,4.977676645679073e-05
produtos na data porem,4.977676645679073e-05
um pouco sujos os,4.977676645679073e-05
porem vieram um pouco,4.977676645679073e-05
data porem vieram um,4.977676645679073e-05
foi antecipado,5.861063192887543e-05
voil branca,4.976979093597148e-05
de entrega muito extenso,6.34157541780456e-05
comprei um tapete de,4.9748326099538125e-05
de atraso mas,6.164913339302122e-05
semana para,6.75878281106697e-05
fornecedor para,5.650524561168317e-05
descolando,6.376847186022067e-05
como se estivesse,5.6844781003543826e-05
recomendaria pq,5.884986669727184e-05
são duas,6.660385861262563e-05
entregar mercadoria,5.809742220243408e-05
informação do vendedor,4.9605397285155576e-05
estou aguardando chegar outro,4.959014814017422e-05
faltou entregar,7.27367364122525e-05
um item do pedido,8.01964230373612e-05
17 03,4.956745597685094e-05
relógio digital,5.918348586860604e-05
dois produtos mas só,5.830692834971605e-05
com suporte,7.013260414941433e-05
estava comprando,5.8478573975261774e-05
dividida em duas,5.5910219387986475e-05
veio trincado,5.954470168690957e-05
constar na,5.633174916336717e-05
meu produto só,5.581131447075809e-05
desligaram,4.946321879300028e-05
23 dias,6.163337936179202e-05
um filtro,5.613782277868678e-05
hoje 17,4.941909016722016e-05
apenas para,6.819107155294895e-05
que essa,8.552155950321658e-05
quem me,4.9400846381281475e-05
mais recebi,6.548055214186108e-05
certeza não,5.925140599249684e-05
quero meus,4.9352862615675014e-05
05 até,4.934924255244412e-05
entregues separados,7.380257742611618e-05
eu pedir troca,4.933255814836318e-05
dos outros produtos,4.933153698652151e-05
dias úteis para,5.4857504115354604e-05
entro em contato com,5.5840811992636135e-05
com os parafusos,6.163134820106524e-05
no mesmo dia da,4.930160042051209e-05
ao contrário,6.300274948137191e-05
correio não entregou,5.869694354835835e-05
problema ocorrido,4.929033661790815e-05
só não dou,5.5596166370438565e-05
não acredito que,5.697617474536945e-05
sem que,6.05238512187717e-05
um grande,9.47057826732376e-05
ainda não obtive nenhuma,4.916772625625779e-05
compra mesmo,5.8671582487953245e-05
da foto mas,6.862422764804096e-05
nunca tinha me acontecido,4.914474578570096e-05
conectado,6.176166740672768e-05
até então,7.146427759482522e-05
pessoa que recebeu,4.912783967097372e-05
produto era dia,4.912613062231831e-05
como proceder para,5.632544539259129e-05
você compra,6.325416803389457e-05
enviado para,5.67812145594565e-05
até momento sem sucesso,4.905434332728695e-05
produtos comprei,6.88176651072966e-05
dia 12 06,4.903536052919015e-05
era melhor,6.762706814314913e-05
paguei pelas,4.902114545539902e-05
dois dias depois,9.426908583286667e-05
dificuldade de,8.499930114693434e-05
ao baratheon,6.06395262775185e-05
que seriam entregues,4.899992629712171e-05
porque os,6.507946957990434e-05
aguardando segunda,6.463455575005422e-05
preciso com,6.958146555580113e-05
responderam ainda,4.8971312190241604e-05
reflexo,6.908634340442597e-05
papel enruga um pouco,4.894991041231496e-05
ser aplicado mas de,4.894991041231496e-05
ao ser aplicado mas,4.894991041231496e-05
enruga um pouco ao,4.894991041231496e-05
um pouco ao ser,4.894991041231496e-05
aplicado mas de fácil,4.894991041231496e-05
mas de fácil aplicação,4.894991041231496e-05
pouco ao ser aplicado,4.894991041231496e-05
fiquei sabendo,5.505348243954229e-05
pior que consta no,4.892522692783764e-05
vezes não obtive,4.890996950298216e-05
19 04,5.682618012425772e-05
jogo de tapetes,5.966602499139484e-05
chega um,4.889141498647563e-05
16 02,5.604864371906238e-05
malas,9.879897119104329e-05
um bilhete,5.660258902349706e-05
produto cortina,6.946882973253194e-05
21 12,5.69424435901457e-05
entrega deixou desejar,5.686114325691015e-05
medicamento,9.295528481012737e-05
efetuamos pagamento,4.877843350382868e-05
não posso avaliar pois,5.8208984525275374e-05
neném,4.8730563146278825e-05
um pouco mais de,5.7406933160921635e-05
demorada comprei em 26,4.8711242101882055e-05
26 03 2018 até,4.8711242101882055e-05
comprei em 26 03,4.8711242101882055e-05
agora não recebi os,4.8711242101882055e-05
em 26 03 2018,4.8711242101882055e-05
muito demorada comprei em,4.8711242101882055e-05
03 2018 até agora,4.8711242101882055e-05
em contato até momento,4.871083600933438e-05
reenvio,6.185757240476741e-05
em outro site,7.551899817451906e-05
veio 100,6.313780968455568e-05
de commerce,6.238944227534498e-05
mais ainda não,7.035995421317586e-05
do produto estava,6.612389696874038e-05
que foram entregues os,4.865128263239431e-05
não chegou até momento,5.5377477762102065e-05
pulseira de,6.648614839459544e-05
shopping,5.6671826846122454e-05
disse que vai,4.863331337055563e-05
dia 05 01 até,4.862266002485556e-05
positivo,0.00011342048287086932
válvula,5.939436402967852e-05
compra ou,5.6225947109725205e-05
que foi postado,5.5142624122537514e-05
usar na,5.915007301882175e-05
só gostaria de saber,5.7077806284114983e-05
confiei,7.556513175390977e-05
de avaliação,6.736062002483787e-05
na transportadora,6.257479505660035e-05
mais só,5.623561491536297e-05
de entrega muito demorado,6.159749964376877e-05
após efetuar,6.315115201415633e-05
porque não veio,5.4352598342272055e-05
nenhuma informação do,4.846480862540008e-05
noção,6.938827932421435e-05
cubo mágico,5.9196490272579154e-05
pelo rastreio,6.582975970992787e-05
eu fiz uma compra,5.48800643179163e-05
azul marinho,6.781902557660784e-05
uma foto,5.9357589101383764e-05
errado solicitei,5.79639693421512e-05
cara mas,6.0520047158301756e-05
dia 03 04,4.836267702192472e-05
100 00,5.530749021593942e-05
dia 16 03,4.834400391911894e-05
2017 recebi,4.830755666656705e-05
kg de bicarbonato mas,4.829359996582067e-05
bicarbonato mas foram entregues,4.829359996582067e-05
foram entregues somente pacotes,4.829359996582067e-05
mas foram entregues somente,4.829359996582067e-05
comprei kg de bicarbonato,4.829359996582067e-05
entregues somente pacotes de,4.829359996582067e-05
de bicarbonato mas foram,4.829359996582067e-05
somente pacotes de 1kg,4.829359996582067e-05
um cheiro,7.291859755144177e-05
não entendi porque,6.106976445090096e-05
já tentei entrar,4.8242950632007164e-05
com um produto,5.5134655335510966e-05
já enviei mails,4.822843025312528e-05
só recebi jogo,7.185362564420087e-05
perola,4.821506665883294e-05
produto entrei em contato,4.819937536532474e-05
loja nada,5.442635902584917e-05
de não entregarem,5.924434808997549e-05
das cinco cadeiras que,4.81861168702239e-05
acabamento em tecido pedido,4.81861168702239e-05
tecido pedido foi feito,4.81861168702239e-05
chegaram somente duas com,4.81861168702239e-05
com acabamento em corino,4.81861168702239e-05
com acabamento em tecido,4.81861168702239e-05
cinco cadeiras que comprei,4.81861168702239e-05
em tecido pedido foi,4.81861168702239e-05
comprei chegaram somente duas,4.81861168702239e-05
duas com acabamento em,4.81861168702239e-05
somente duas com acabamento,4.81861168702239e-05
foi feito com acabamento,4.81861168702239e-05
pedido foi feito com,4.81861168702239e-05
que comprei chegaram somente,4.81861168702239e-05
cadeiras que comprei chegaram,4.81861168702239e-05
feito com acabamento em,4.81861168702239e-05
gabriela,5.47475732840515e-05
que só recebi um,4.818203665360499e-05
está parada,4.81766110558247e-05
de adulto,4.8160541547646204e-05
do segundo produto,5.7471162473607985e-05
polegadas,7.13431816525723e-05
ano novo,5.6480110000108524e-05
obter uma,5.608456803772368e-05
quando você,5.585490212157867e-05
errado veio,5.606851189524202e-05
recebi informação,5.729481636391354e-05
que abrir,5.4560760449805474e-05
outra mercadoria,5.708072156900765e-05
paguei caro,5.631849133198461e-05
recebir meu produto,6.47680052892061e-05
com baratheon ibitinga decora,4.799333260655225e-05
nota fiscal de unidades,4.799333260655225e-05
encomendei recebi nota fiscal,4.799333260655225e-05
já reclamei com baratheon,4.799333260655225e-05
de unidades já reclamei,4.799333260655225e-05
fiscal de unidades já,4.799333260655225e-05
reclamei com baratheon ibitinga,4.799333260655225e-05
unidades já reclamei com,4.799333260655225e-05
chegou no prazo não,5.823156998262933e-05
chuva de ouro 10,4.7958064876431644e-05
10 unidades vendido entregue,4.7958064876431644e-05
artificial orquídea chuva de,4.7958064876431644e-05
mais um vez veio,4.7958064876431644e-05
vez veio faltando item,4.7958064876431644e-05
item kit flor artificial,4.7958064876431644e-05
faltando item kit flor,4.7958064876431644e-05
ouro 10 unidades vendido,4.7958064876431644e-05
unidades vendido entregue por,4.7958064876431644e-05
kit flor artificial orquídea,4.7958064876431644e-05
entregue por targaryen qtd,4.7958064876431644e-05
de ouro 10 unidades,4.7958064876431644e-05
um vez veio faltando,4.7958064876431644e-05
orquídea chuva de ouro,4.7958064876431644e-05
flor artificial orquídea chuva,4.7958064876431644e-05
vendido entregue por targaryen,4.7958064876431644e-05
conforme já,6.144778324566698e-05
todos os itens,7.320757793085413e-05
não obtive sucesso,4.793851637021052e-05
saber quando vão entregar,4.7919915847082186e-05
30 03,4.791891352340117e-05
correios buscar,5.453327877945642e-05
produto além do,4.789753994212572e-05
de cada item,6.544631259801413e-05
da empresa que,5.68738185757917e-05
cor mais,5.483380700174302e-05
pequena não,8.318849438124806e-05
tive problemas com entrega,9.293553134635486e-05
produto vai,7.128077503910875e-05
ainda não tive resposta,6.677986742035514e-05
comprado como,4.78300157054397e-05
entrega dos produtos,0.00010846004874951609
era um produto,5.429741917436734e-05
se irei receber,6.159629472340329e-05
entrarei em contato,5.44704359209393e-05
não entregam na,6.102292552308126e-05
1mes avisa nao ter,4.7775212711930476e-05
nao se vende so,4.7775212711930476e-05
so depois de 1mes,4.7775212711930476e-05
de 1mes avisa nao,4.7775212711930476e-05
depois de 1mes avisa,4.7775212711930476e-05
se vende so depois,4.7775212711930476e-05
avisa nao ter oproduto,4.7775212711930476e-05
vende so depois de,4.7775212711930476e-05
uma compra de duas,4.776234874857075e-05
eu iria,4.77564688006531e-05
não chegou prazo,5.456071720308565e-05
espero que tenha sido,4.7728357408966085e-05
substituição,6.993836541686337e-05
pesquisa,5.644048871652539e-05
entrega do produto era,6.039456857674959e-05
recebei,8.174605994123398e-05
chegar no dia,6.001338443379254e-05
comprei na cor,6.610924927834901e-05
conforme foto do,4.7580511547162724e-05
que era pra,7.660115778183943e-05
um produto como,5.4966543710754766e-05
gostaria muito,5.684728727982828e-05
com três,5.755794235097109e-05
baratheon mas,5.4557721367348545e-05
encaixar,0.000107615386730653
que fosse maior,0.00010087043255212207
quero outro,5.425674454276462e-05
uma resposta para minha,4.752745729628941e-05
meu produto era,5.4486849655708576e-05
produto teve,5.6537273041110566e-05
vieram certo,7.106306779679633e-05
perguntei,5.355686116417416e-05
do objeto,6.024694267113836e-05
não gostei desta,4.746593849191698e-05
no dia de,5.314848864681964e-05
unidades deste produto,6.465811965822666e-05
feira dia,5.4531587584953854e-05
entregue para,5.6220756182717036e-05
duas capas para,5.5070047758987154e-05
comprarei com,5.410048174810964e-05
de recebimento,7.281258076218618e-05
presente do,6.423534968017106e-05
as coisas,7.518616871678133e-05
que um deles,5.366367915298456e-05
email da,4.729936935595436e-05
da cama box,5.7304456665450753e-05
também não consegui,4.727905595309226e-05
na troca,5.6908760666606585e-05
achei prazo,9.623540241126813e-05
ninguém me deu uma,4.72174967176015e-05
por ser uma,7.669092320634914e-05
minha residência tive,6.384387337534753e-05
os dois relógios,4.719239907257707e-05
devido minha,4.71840824367584e-05
na sua,7.545451652668878e-05
empresa lannister,6.18759606473573e-05
distribuidor,5.697309381614786e-05
entrei no,5.350312372634115e-05
sem aviso,6.942307475211069e-05
uma posição ou,4.7147064142523827e-05
quero devolver produto não,4.7147062385154843e-05
compra nada,5.656233652826091e-05
precisam melhorar,5.6791097494376734e-05
posso entrar,5.450174911221614e-05
chegar até,7.183693341172584e-05
tem qualidade,9.291570924607756e-05
um mail dizendo que,4.709110440463512e-05
qualquer tipo de,5.891126001003518e-05
uma promoção,6.735662814947025e-05
logo em seguida,5.466952592208869e-05
existia,6.14445743079257e-05
muito simples,9.968106546824108e-05
um dos lados,6.330347355405811e-05
problema em,5.531750397538316e-05
ao inves de,4.7009210796577015e-05
enviaram um email,4.700759748173397e-05
entregarão 04 as caixas,4.7002436055704994e-05
eu pedi 05 caixas,4.7002436055704994e-05
04 as caixas vieram,4.7002436055704994e-05
pedi 05 caixas so,4.7002436055704994e-05
05 caixas so entregarão,4.7002436055704994e-05
as caixas vieram todasdanificadas,4.7002436055704994e-05
caixas so entregarão 04,4.7002436055704994e-05
so entregarão 04 as,4.7002436055704994e-05
bem inferior ao,6.60625936643747e-05
nunca havia,5.458092543774851e-05
correios tenho,5.49008914420973e-05
aprovação,6.603735706928826e-05
caros,5.9897669292658383e-05
essa primeira,5.525304459864385e-05
um ítem,5.401719629047617e-05
targaryen para,5.4705975490181015e-05
foi feito pedido,5.6469445791014005e-05
item até,4.6942407284611966e-05
satisfação ao cliente,6.489804416194624e-05
chegar na,5.476546963219313e-05
não atendeu minhas expectativas,4.691771607576491e-05
que tudo,6.960340233277933e-05
produto antes de,5.4187667493947296e-05
carga,0.00011061655160103599
essa entrega,6.212709632571402e-05
colcha não,4.6831516903646025e-05
nâo recebi,6.352316310689142e-05
comprei whey,4.681900622476388e-05
produto era de,5.7707491913117405e-05
de volta pois,4.681130576012024e-05
na minha casa não,4.679125473601135e-05
problema pois,6.166888224545348e-05
produto receber,5.560124179878057e-05
vou receber ou não,4.675257628828569e-05
pedido produto,7.704376046832972e-05
bolsa não,6.303346004103289e-05
outro pacote,4.671627981751569e-05
produto eu comprei,5.41341220013149e-05
refis,7.12086020628004e-05
entregues por,5.287458159132787e-05
produtos na loja,6.082949829284918e-05
abrir produto,7.251081246307882e-05
modelos,8.069421374091006e-05
avisam,5.3105443006658125e-05
entregaram até,7.622232556053761e-05
de algodão,5.5124458225814995e-05
diz que produto,4.6609347450998745e-05
de aço,6.769655613317645e-05
tecido do,5.9138572234513635e-05
própria loja,5.3737787529747155e-05
bamba,6.749756813267256e-05
aparecer,5.678457277906661e-05
uma falha,5.3843561862884356e-05
pedi para,5.5974480425445394e-05
para chegar dia,5.333258003924896e-05
no anuncio dizia,5.609960936819625e-05
meu quadro,6.606954858484076e-05
emails não,5.2974520997763755e-05
de trocar produto,5.889067654138924e-05
não atualiza,6.281620540443772e-05
ao invés do,5.3740483293397764e-05
com quantidade de,6.149189592278236e-05
problema com as lojas,4.64086676565006e-05
pedi tudo,5.7158678558979375e-05
prazo mas veio,6.309200627198693e-05
so tem,6.54374767158931e-05
marketplace,6.08342620673169e-05
de verdade,8.32638285549184e-05
quando vão me,4.627853171507553e-05
do equipamento,5.5919932229364e-05
mas no site,5.8321101563538144e-05
um erro não,4.6264070800398465e-05
informaram que não,4.6262584625498286e-05
da reclamação,5.272972209283571e-05
estou me,6.334366180439592e-05
quebrada estou,5.9073328453030516e-05
com lannister por telefone,4.61841185737132e-05
entregue dos produtos,6.88176651072966e-05
estorno do valor pago,5.2657104152973614e-05
ir buscar nos correios,6.439577539783345e-05
de parceiros,5.3500392336144766e-05
informada de,6.072751616413295e-05
por fora,6.980310656199189e-05
trocar pois,6.874167528748267e-05
consegui fazer,5.205993448969477e-05
oferece um,6.498660438317724e-05
somente um na caixa,4.6049588010646155e-05
veio somente um na,4.6049588010646155e-05
bloqueado,5.275037878075414e-05
agora quero,5.395748649721331e-05
na minha casa tive,5.529495087029618e-05
ocorrendo,5.46922603269896e-05
sempre comprei pela,5.6690698792935715e-05
comprei produto no dia,6.021504593754828e-05
parou de funcionar,5.24000640676964e-05
falta mais,5.323503353417696e-05
nunca foi,5.348006880353287e-05
entrega so,5.7817040090085554e-05
mesmo valor,5.47189045267831e-05
longe da minha casa,5.185615605224953e-05
para chegar não,5.347779666408367e-05
nota veio com,4.591247550616637e-05
título,5.6935247696540805e-05
bolhas,6.625846996217714e-05
até lá,4.58838538978666e-05
verde bandeira,5.470666646037906e-05
produto deveriam,4.5880303298984683e-05
já foi descontado,5.967014527242252e-05
até dia 07,5.086677648780573e-05
produto chegou com embalagem,5.618030792608505e-05
do produto correto,5.54355834414362e-05
enviam,8.313336035337234e-05
específico,8.453085159981194e-05
jogo de lençol casal,4.584183461721155e-05
péssimo acabamento,6.0447126390820145e-05
entregue mais não,5.245797784651177e-05
stark não se responsabiliza,4.580132041698146e-05
comprada no site dele,4.580132041698146e-05
se responsabiliza pela mercadoria,4.580132041698146e-05
mercadoria comprada no site,4.580132041698146e-05
no site dele um,4.580132041698146e-05
pela mercadoria comprada no,4.580132041698146e-05
cadeiras so recebi stark,4.580132041698146e-05
so recebi stark não,4.580132041698146e-05
site dele um absurdo,4.580132041698146e-05
fiz compra de cadeiras,4.580132041698146e-05
responsabiliza pela mercadoria comprada,4.580132041698146e-05
recebi stark não se,4.580132041698146e-05
de cadeiras so recebi,4.580132041698146e-05
compra de cadeiras so,4.580132041698146e-05
produto acredito que,5.396642621650754e-05
recebi bolsa,5.2390765263640276e-05
aparecem,6.364868888665704e-05
acabamentos,6.24308597898799e-05
só me mandaram uma,4.576793596920018e-05
do produto nao,9.12858391374539e-05
depois de muito,5.2393783898034115e-05
de entregas,6.222214917625136e-05
recebi meu pedido incompleto,4.5751841476884635e-05
entregar meu produto,5.730172638807094e-05
ainda não recebi outro,6.730555209222948e-05
confesso que,6.614887255081852e-05
quase no,5.63547395951881e-05
porém esta,5.2522578041240134e-05
cartuchos preto,5.499710501984412e-05
de cama só veio,4.5696900265942995e-05
entrega deve ser,5.447232460911117e-05
coisa produto,6.525497065407037e-05
que era para,6.0498096745070386e-05
sábado dia,5.2005125059049055e-05
bom achei,5.9422066154357025e-05
não fecha,6.928251301324138e-05
um conjunto de,5.397320635706881e-05
prazo de entrega do,6.957662603727168e-05
sobre devolução,5.312593934130937e-05
mostrado na,5.584544830841818e-05
de dois kits,4.548564108582147e-05
fracas,7.399432471105287e-05
produto na cor errada,5.526904391182691e-05
compra que já fiz,5.277255659419307e-05
material frágil,5.4320925525909345e-05
enviaram de,5.497403633849604e-05
da colcha,7.306329297389134e-05
vendedor se,5.299795776209386e-05
faltou as,7.754737801919492e-05
dias em,5.430104489136366e-05
completo veio,4.53729213332862e-05
produto mas já,5.4872782579287484e-05
passada,5.442946068855701e-05
conter,6.404684222817443e-05
no dia 28,5.0893339667668865e-05
só pra,5.632871202979566e-05
frete ainda,5.2037425935031606e-05
ja comprei outras,5.1043367189404315e-05
diferente da foto veio,4.529609524769066e-05
loja mais,8.805007677898474e-05
meu pedido estou,5.2082012131760135e-05
na mesma compra,5.341923558383673e-05
de cancelar,5.1300583476436485e-05
protetora de,5.748919476995622e-05
que os produtos,7.654249830761815e-05
em contato com stark,4.5228968609315586e-05
12 recebi,6.0003010210942946e-05
pedido veio faltando item,4.522227862638284e-05
mas produto bom,6.475531312860678e-05
vendedor estou,5.0620759604030975e-05
porta lápis,5.768995131106816e-05
lembrando que,5.356911028689309e-05
produto porém não,5.197792737421008e-05
fez entrega,8.418856627553104e-05
divergências,5.7446561759060844e-05
11 até,5.482828449189742e-05
de uma outra,5.214106403719564e-05
casos,5.393801767481769e-05
mas demora,6.373730236414074e-05
incorreta,7.258650107306741e-05
resposta da empresa respeito,4.5106377309003836e-05
da empresa respeito do,4.5106377309003836e-05
entregaram nf com as,4.5106377309003836e-05
com as 06 unidades,4.5106377309003836e-05
04 aguardando resposta da,4.5106377309003836e-05
as 06 unidades compradas,4.5106377309003836e-05
mas entregaram apenas 04,4.5106377309003836e-05
compradas mas entregaram apenas,4.5106377309003836e-05
empresa respeito do ocorrido,4.5106377309003836e-05
entregaram apenas 04 aguardando,4.5106377309003836e-05
nf com as 06,4.5106377309003836e-05
06 unidades compradas mas,4.5106377309003836e-05
apenas 04 aguardando resposta,4.5106377309003836e-05
unidades compradas mas entregaram,4.5106377309003836e-05
contato com loja não,4.509203340403042e-05
tentando resolver,5.2204979786426874e-05
descrito produto,5.548621482256484e-05
dia 18 03,5.0588831658540975e-05
ainda eu,4.506584071775265e-05
já se passaram dias,5.152838959902704e-05
produtos foi entregue apenas,6.722987437911355e-05
entregue na minha residência,5.821107456635104e-05
caso de,5.304904899442319e-05
bem que eu,6.142294325533878e-05
do código,5.254262884224924e-05
dos potes,5.290125593439596e-05
observei que,5.950567311064411e-05
meio do,5.393558410178784e-05
mudança,5.37831245528761e-05
demorou para chegar,8.329826918298794e-05
dos correios empresa,5.193218475941216e-05
como será meu reembolso,4.4930469213678076e-05
preciso saber como será,4.4930469213678076e-05
dia comprei cadeiras só,4.4930469213678076e-05
recebi preciso saber como,4.4930469213678076e-05
só recebi preciso saber,4.4930469213678076e-05
será meu reembolso de,4.4930469213678076e-05
cadeiras só recebi preciso,4.4930469213678076e-05
saber como será meu,4.4930469213678076e-05
meu reembolso de cadeira,4.4930469213678076e-05
bom dia comprei cadeiras,4.4930469213678076e-05
cor rosa não,5.135056760380353e-05
amostra,7.078396705052972e-05
por isso estou,6.640684024139067e-05
fosse entregue,6.399497130618863e-05
com defeito preciso,6.898532465383583e-05
saco plástico,5.311267779556923e-05
um jeito,6.40558346974689e-05
não chegou minha,8.265025004002055e-05
como ainda não,5.9722013343521073e-05
que deveria ser entregue,5.456855193365222e-05
foi entregue ate,5.481744590605422e-05
ir buscar no correio,5.9645491075172174e-05
no pulso,5.3101202772599234e-05
havia feito,5.4007163532520506e-05
frete produto,5.676530052450798e-05
do que foi anunciado,5.608017250117139e-05
no ultimo dia,5.2047582065944703e-05
mas não era,5.886466131310649e-05
bolsos,7.642801879356841e-05
entregue só que,4.998651696282785e-05
dos correios não,6.975629346955836e-05
entrada,9.295700347038599e-05
se encaixam,5.2128990025886494e-05
do veículo,5.181722940735754e-05
outro até agora,4.462400850076878e-05
diâmetro,5.284039866143627e-05
sem as,9.676185153482257e-05
embora tenha,9.699721033586341e-05
produto diz que,5.060987261455888e-05
mas como eu,5.159283454778816e-05
lençol de casal,5.2908110843266425e-05
passar por,5.1501560887294e-05
foi aprovado,8.308365002806195e-05
pulseira não,5.656728245777986e-05
até agora dia,4.455167506566757e-05
sexta feira,6.618722490475549e-05
era muito,5.6899543337300036e-05
bluetooth,8.53108809333947e-05
nao tenho como,6.645222362112394e-05
que site,5.086001308167828e-05
um lençol com babado,4.4494971638656446e-05
sobre meu,5.3169740120448996e-05
sapatos,9.942706725421127e-05
mas tive que,5.1914508752461435e-05
continha,6.202043884845345e-05
pro dia,7.012828827297654e-05
não mesmo que,5.25798520992642e-05
ficou parado,5.360545176035443e-05
foram entregues em,5.0759450911436065e-05
uma gostaria de,4.439269030143873e-05
cabem,5.273969875581537e-05
imagem não,5.108325596894208e-05
da câmera,6.01228117756108e-05
não recebi um dos,6.84389553639783e-05
forma entrega,4.4371782645827005e-05
pois não foi,5.0588310938982526e-05
frete tem,5.554447615541193e-05
só produto,7.711590438588211e-05
empresa mandou,5.125291385733619e-05
pensando que era,5.3991790617036986e-05
um deles veio com,4.9934222565768265e-05
que vai ser,4.430870965993225e-05
minha casa tive que,5.370574971938778e-05
desejar por,6.13127815859167e-05
ajuda do baratheon para,4.427950884260305e-05
não recebi em casa,5.044054569638482e-05
um gostaria de saber,4.425876019558998e-05
recebi emails,6.254157671131873e-05
touch,6.133728475239628e-05
compra foi realizada,5.785598085690294e-05
produto não era,6.779269826921605e-05
caminhão,9.173289845621422e-05
produto ninguém me,5.390810986086202e-05
entrega depois,4.9287408860730534e-05
dos correios que,8.832375716928986e-05
cortinas iguais só,4.414434900139076e-05
mas ok,6.334777665704011e-05
ontem dia,6.567604800389036e-05
para roupas,6.198600320067063e-05
da imagem do,6.377665470237355e-05
ausência,6.382409387284792e-05
um período,5.080667523826767e-05
em um plástico,6.185093399234095e-05
embalagens de,5.31655899372171e-05
foi confirmado no dia,4.406219614926323e-05
produtos nao,5.865295755726843e-05
nem em,6.332034473122532e-05
previsão de entrega até,5.538348945108288e-05
não constava na,5.019816801088063e-05
mas desta vez,4.94990474829428e-05
tudo bem mas,4.9867742272908925e-05
turbo,7.673478446156945e-05
que tenho que,4.916342180906479e-05
veio conforme pedido,6.245462191789793e-05
loja física,5.382122190104463e-05
descrever,6.737424857322717e-05
da falta de,5.0912470750693584e-05
site ainda,5.1988873137854584e-05
prazo para entrega até,4.388487279294594e-05
aguardando estorno do valor,5.047068912714929e-05
que comprei em,6.258508533392208e-05
sem fio,9.371860475405444e-05
carta de,5.313803075596452e-05
pelo transtorno,7.909779467214202e-05
mesmo para,5.7049363471372556e-05
pessoalmente,0.00013509213120228077
duas vezes não,5.745213289390187e-05
aspirador de,5.818472657757286e-05
no transporte,0.00013163180823001934
um saco,5.8258370894067585e-05
que recebi um,5.173890332043137e-05
entregue dois,7.237134777976008e-05
modelo veio,5.667011202510683e-05
podendo,6.75813600937434e-05
ja paguei primeira parcela,5.543469446846759e-05
que entrega seria,5.0702712728826915e-05
cancelamento mas,5.6220539599858604e-05
não dar,5.845021966318232e-05
dhea,5.664430706553716e-05
todas foram,5.209558627716462e-05
recebi uma parte do,5.232972633747041e-05
entregou os produtos,5.829218221812722e-05
desde já agradeço,4.955442484386828e-05
não tenho nem,5.281141227616055e-05
foi entrega,9.585628330269693e-05
ja liguei,5.561169379269066e-05
era mesmo da foto,5.2886010680988864e-05
veio vermelho,5.134106362787829e-05
curto,0.00014838629642386695
capacidade de,5.072265153704446e-05
nos correios não,5.549231610006313e-05
da nota fiscal emitida,4.353721653304012e-05
anunciado já,5.2699270400547986e-05
que já tive,5.1665275585523187e-05
dos correios ainda,5.137629074902276e-05
primeira vez que isso,5.0339325218866974e-05
felpudo,8.405726056465484e-05
do produto sem,5.799869817519035e-05
estar no,4.929120891675233e-05
capas de travesseiros,7.112346397751842e-05
diferente do modelo,5.1415131183438164e-05
nenhum aviso,5.073202998530032e-05
produto somente,6.878899273376335e-05
não pode ser,5.2253921014075664e-05
teclas,6.992209420281846e-05
inclusive já,5.869941687792891e-05
após prazo de entrega,4.3380304953971365e-05
de entrega ate hoje,4.3380304953971365e-05
ate hoje estou tentando,4.3380304953971365e-05
entrega ate hoje estou,4.3380304953971365e-05
hoje estou tentando entrar,4.3380304953971365e-05
solução mas sem sucesso,4.3380304953971365e-05
em contato para uma,4.3380304953971365e-05
unidades após prazo de,4.3380304953971365e-05
uma solução mas sem,4.3380304953971365e-05
para uma solução mas,4.3380304953971365e-05
apenas unidades após prazo,4.3380304953971365e-05
cartuchos recebi apenas unidades,4.3380304953971365e-05
recebi apenas unidades após,4.3380304953971365e-05
contato para uma solução,4.3380304953971365e-05
mas não obtive,5.0604538916290505e-05
do produto pelo,6.876697216080512e-05
ao destino,5.006402426233831e-05
nota fiscal emitida em,4.33676369988474e-05
do produto um,6.840929054422292e-05
estorno do valor ou,4.3360599569607495e-05
foi debitado,5.5851828510421576e-05
fiz varias,6.142388029008269e-05
produto não posso,6.200665510022457e-05
mesmo assim enviaram,5.005688111246723e-05
compra de uma,5.8994817295613455e-05
previsão de entrega para,6.817940652791859e-05
contando com,5.5956833945676984e-05
seria dia,4.930136167484051e-05
chato,0.000114471798029034
vale que,5.043213878156148e-05
produto nota fiscal,4.921034235907733e-05
do produto mas recebi,5.391312095096166e-05
ainda não chegou mas,6.0495606990247374e-05
no entanto recebi,4.319252456097576e-05
lannister targaryen,7.329930777904679e-05
agora pra,5.2292907017607655e-05
recomendo porém,0.00010330079564148288
compra minha,6.231435757567392e-05
falta de informação,5.01363806006527e-05
compra dos,6.657330864109078e-05
sem dar,5.9686645907261396e-05
adquiri produto,6.149481371076288e-05
11 04,5.0072796474365876e-05
estresse,6.158877281866851e-05
para avisar,8.263635748537458e-05
que eu tenho,7.542025443307946e-05
vazado,5.40579323709144e-05
na verdade recebi apenas,4.300187329836708e-05
um capacete,5.888763915553596e-05
divulgada,5.1374886330194676e-05
atenciosamente,8.49065484607086e-05
mail para lannister até,4.298129123637215e-05
produto para uma,5.1162561860922746e-05
mas minha,7.59646896022809e-05
imagem ilustrativa,6.77114435024771e-05
que cortina,5.082073540323032e-05
aguardando ansiosamente,4.289541918030476e-05
pois gostei,4.288825129408628e-05
um cartucho de tinta,4.2874551557507494e-05
presente que,4.898201054359479e-05
paguei fretes,6.372165068315899e-05
só se,5.06514959991059e-05
constava que,4.9202669272262665e-05
deixado,5.424102627062823e-05
errado mas,6.773315909917804e-05
conforme comprado,7.902881708640609e-05
tempo da,9.327409481601087e-05
entregar os produtos,5.238507624810224e-05
que não original,5.172067507470622e-05
compra fui,5.0154789585351496e-05
mais grossa,5.235869669181474e-05
caiu,5.642456095584795e-05
comprei original,5.754293418462022e-05
do mês,6.172248835079703e-05
que me enviasse,5.077969812870939e-05
mostra que,5.9831842436725905e-05
entrega no dia,7.391185696699054e-05
sido entregue no,4.894664429569762e-05
asus,5.940435762923535e-05
horário,0.00010611275836041956
anunciando,5.8547905648551047e-05
tudo bem que,5.364518080812707e-05
apontando,5.261720105329903e-05
dois kits só,5.878618208462693e-05
quatro unidades,8.298703592460556e-05
comprei pq,6.160585047174082e-05
vermelha recebi,4.970085666911337e-05
não tivesse,6.57965497010248e-05
ja entrei em,4.9868136714976075e-05
dia 06 06,5.425651893642753e-05
os parceiros da,5.784135460667052e-05
só esse,5.1710760981310584e-05
um desrespeito,5.0923644895754034e-05
pudesse,6.924845046835294e-05
dizia no,5.253510301820912e-05
entrega bastante,8.286852359526818e-05
mas ele veio,5.781932575576287e-05
pois fiz,5.0197512316900445e-05
até 13,4.888845138593597e-05
impressa,4.988462093013332e-05
encaminhou,9.31905563511185e-05
tipos,5.033861743331364e-05
de que produto,6.329704656383528e-05
produtos somente,6.85058976028338e-05
contato com lannister estou,4.226557232210106e-05
tem muito,8.944227499386802e-05
som baixo,5.4051041640910976e-05
com ilhós,4.224679548668748e-05
porém prazo de entrega,4.737705432936681e-05
prazo de entrega até,7.679276655110806e-05
pedi cancelamento do,5.014432693008228e-05
objetos,9.86061056309998e-05
entrega 15,5.035219494516734e-05
da parte dos,4.854179271666053e-05
do controle,6.997772886032902e-05
já efetuei,6.152767398318889e-05
infelizmente produto veio,5.711747762359294e-05
ponteiro,6.439926728702002e-05
descrição de,6.0826579717090145e-05
vasilhas,5.7514381891535585e-05
de baixíssima qualidade,5.2966433546294196e-05
só veio um gostaria,4.208070983882633e-05
veio um gostaria de,4.208070983882633e-05
produto de cor,5.502369836722178e-05
ir no correio,5.732929622234547e-05
desejar em,4.950643341017735e-05
veio separado,5.8743347883850216e-05
foi entrgue,8.38831647651931e-05
rastreamento dos correios,4.8716781722161e-05
logo após,5.7684852090917057e-05
deskjet,5.593112226174726e-05
emissão de,5.250745788384501e-05
produto ja foi,5.890998658047363e-05
cor diferente da foto,4.19956357304844e-05
estou totalmente,6.013349689118909e-05
de tres,7.602508262732832e-05
pois nao,6.049249815761408e-05
foi primeira vez que,9.927139906627782e-05
era da,4.9002593948041895e-05
recebi aviso,5.066257044338186e-05
na cor bege,5.152327747584111e-05
pendente também era na,4.192832978473923e-05
descrição do produto dizia,4.192832978473923e-05
era na cor cobre,4.192832978473923e-05
os que recebi base,4.192832978473923e-05
cobre mas os que,4.192832978473923e-05
cor cobre mas os,4.192832978473923e-05
base do pendente também,4.192832978473923e-05
do pendente também era,4.192832978473923e-05
mas os que recebi,4.192832978473923e-05
recebi base cor preta,4.192832978473923e-05
produto dizia que base,4.192832978473923e-05
dizia que base do,4.192832978473923e-05
que base do pendente,4.192832978473923e-05
que recebi base cor,4.192832978473923e-05
na cor cobre mas,4.192832978473923e-05
também era na cor,4.192832978473923e-05
não da para,5.099206005995698e-05
sendo que prazo,5.6834698108053284e-05
muito amassada,5.6117886305587344e-05
recomendo está loja pois,5.091905222831348e-05
mais de trinta dias,4.750968287710305e-05
entendo porque,5.652796736294215e-05
compra de produtos,6.816305534772517e-05
outros produtos que,5.474523058222913e-05
19 dias,6.706850773218086e-05
do produto produto,6.553243487207563e-05
os encaixes,5.941348961189044e-05
poblema,6.720220033435182e-05
não poderia,4.851189962455365e-05
estou precisando do,5.116007371671079e-05
achei produto muito,5.7443733004704953e-05
modelo do,6.0967948300146044e-05
uma demora,8.514433871479637e-05
de saber se vão,4.1725276970100105e-05
16 03 ainda não,4.1721715386136745e-05
dias comprei,4.9663202789255476e-05
da loja ou,5.126468045240451e-05
apertar,5.772402067465967e-05
segunda feira,5.500730147252719e-05
ter que ir,7.35685249449815e-05
das partes,5.1908662275016e-05
só que veio,5.553152680229439e-05
boné,7.193881716015717e-05
dobrado,5.893847820028996e-05
só recebi ainda veio,4.164654166481916e-05
atenção total descaso com,4.164654166481916e-05
cadeiras só recebi ainda,4.164654166481916e-05
deram nenhuma atenção total,4.164654166481916e-05
contato várias vezes não,4.164654166481916e-05
nenhuma atenção total descaso,4.164654166481916e-05
ainda veio na cor,4.164654166481916e-05
na cor errada entrei,4.164654166481916e-05
me deram nenhuma atenção,4.164654166481916e-05
várias vezes não me,4.164654166481916e-05
recebi ainda veio na,4.164654166481916e-05
vezes não me deram,4.164654166481916e-05
errada entrei em contato,4.164654166481916e-05
cor errada entrei em,4.164654166481916e-05
um tamanho maior,5.0021981271708394e-05
ninguém em casa,6.115849899623844e-05
fita adesiva,7.033110587777466e-05
comprava,5.995895597670377e-05
uma compra na,4.801099768453739e-05
estou aguardando envio do,5.9329070409118986e-05
de metros,5.293655346855256e-05
queimou,4.831629231352655e-05
do que foi pedido,5.151719200410126e-05
verificarem,4.866627123807581e-05
das cadeiras sem toalha,4.1510011631189854e-05
das cadeiras isso que,4.1510011631189854e-05
capas das cadeiras isso,4.1510011631189854e-05
entregue apenas capas das,4.1510011631189854e-05
um preco muito alto,4.1510011631189854e-05
apenas capas das cadeiras,4.1510011631189854e-05
capas das cadeiras sem,4.1510011631189854e-05
mesa sem outras capas,4.1510011631189854e-05
foi entregue apenas capas,4.1510011631189854e-05
que foi cobrado um,4.1510011631189854e-05
foi cobrado um preco,4.1510011631189854e-05
isso que foi cobrado,4.1510011631189854e-05
muito alto pela entrega,4.1510011631189854e-05
sem toalha de mesa,4.1510011631189854e-05
cadeiras sem toalha de,4.1510011631189854e-05
cadeiras isso que foi,4.1510011631189854e-05
sem outras capas das,4.1510011631189854e-05
cobrado um preco muito,4.1510011631189854e-05
outras capas das cadeiras,4.1510011631189854e-05
preco muito alto pela,4.1510011631189854e-05
de mesa sem outras,4.1510011631189854e-05
toalha de mesa sem,4.1510011631189854e-05
vir um,5.599498815287413e-05
prazo máximo de entrega,5.5396016834112584e-05
dias nem,5.013930261251874e-05
que quero,5.096733954329374e-05
aceitei,7.178379564706891e-05
entrega aguardo,4.8123613294968656e-05
comprimento,8.25865302650561e-05
produtos desta,6.666035640761172e-05
no chão,5.485663516250376e-05
bonitinha,4.9788981971472464e-05
não só,6.310524323966074e-05
para entrega até dia,4.140656534176859e-05
entregue em minha residência,4.67552961264122e-05
stark para,4.923047027625178e-05
pq produto,4.835272289730847e-05
seria de,4.831196951100984e-05
preço baixo,6.335217681640104e-05
frequência,6.988570362093101e-05
mas não consigo,5.7337464395676336e-05
como avaliar produto,5.323828755833744e-05
meu cartão quero,4.764627108993117e-05
essa semana,5.141967589088868e-05
peça que,5.277245533287232e-05
para troca do,5.0560347573384676e-05
ao que foi,5.708754346559364e-05
evitando,5.627318315143959e-05
recebi somente 01 unidade,5.2110779131475246e-05
em questão,9.591174341052801e-05
aqui como uma observação,4.1105754649522234e-05
até expiração da data,4.1105754649522234e-05
uma observação até expiração,4.1105754649522234e-05
entregue mas deixo essa,4.1105754649522234e-05
essa opinião aqui como,4.1105754649522234e-05
como uma observação até,4.1105754649522234e-05
opinião aqui como uma,4.1105754649522234e-05
mas deixo essa opinião,4.1105754649522234e-05
foi entregue mas deixo,4.1105754649522234e-05
observação até expiração da,4.1105754649522234e-05
deixo essa opinião aqui,4.1105754649522234e-05
em 15,5.151915518650591e-05
produto foi postado,5.6854113278637896e-05
de saber se tem,4.704199611283867e-05
que produto não foi,6.217354632800084e-05
como essa,4.8279583107941445e-05
que material,8.68455625766465e-05
porém ela,5.449704622709462e-05
ainda sim,5.715041984679532e-05
tive que usar,4.923984579151408e-05
mas não consegui,5.540937827981085e-05
de pincéis,5.339036621652098e-05
que faltaram depois de,4.090231925486146e-05
cortinas que faltaram depois,4.090231925486146e-05
reclame aqui nao indico,4.090231925486146e-05
nao indico nao volto,4.090231925486146e-05
abrir uma reckamacao junto,4.090231925486146e-05
indico nao volto comprar,4.090231925486146e-05
de abrir uma reckamacao,4.090231925486146e-05
somente recebi as duas,4.090231925486146e-05
depois de abrir uma,4.090231925486146e-05
uma reckamacao junto ao,4.090231925486146e-05
recebi as duas cortinas,4.090231925486146e-05
faltaram depois de abrir,4.090231925486146e-05
ao reclame aqui nao,4.090231925486146e-05
as duas cortinas que,4.090231925486146e-05
duas cortinas que faltaram,4.090231925486146e-05
aqui nao indico nao,4.090231925486146e-05
reckamacao junto ao reclame,4.090231925486146e-05
de envio,9.673149829935324e-05
13 02,4.801593633238798e-05
comprei um relogio,5.328842539071601e-05
48 horas porém ja,4.0841938636995905e-05
horas porém ja ultrapassou,4.0841938636995905e-05
chegou incompleto abri um,4.0841938636995905e-05
um chamado disseram resolver,4.0841938636995905e-05
disseram resolver em 48,4.0841938636995905e-05
abri um chamado disseram,4.0841938636995905e-05
incompleto abri um chamado,4.0841938636995905e-05
chamado disseram resolver em,4.0841938636995905e-05
em 48 horas porém,4.0841938636995905e-05
pedido chegou incompleto abri,4.0841938636995905e-05
porém ja ultrapassou prazo,4.0841938636995905e-05
resolver em 48 horas,4.0841938636995905e-05
que trocar,7.60239515898498e-05
relógio chegou,0.00011789490428610926
recebi não sei,4.841134833076702e-05
em estoque mas,4.9214234206677144e-05
para falar,7.056476827200642e-05
como deveria,6.42586976269418e-05
que já foi entregue,5.488462446937251e-05
pedido realizado,5.737751956400274e-05
meu pedido foi de,6.206106606400401e-05
ao destinatário,4.878932986696728e-05
ventilador de,5.0141730657670184e-05
acompanhado,7.126763151234384e-05
tenho como avaliar pois,4.843002858884408e-05
paguei boleto,4.777091604219464e-05
comprei pelo site,4.86148769262206e-05
alguns produtos,6.499703545949587e-05
tapete com,4.8778287131187675e-05
não foi entregue mas,6.0012616602304514e-05
dessa vez ainda,5.2785630537340755e-05
pedido recebi,6.352295529083102e-05
eu já recebi,4.821774828762646e-05
da linha,6.0229273924356995e-05
da descrição,8.809133747246387e-05
produto chegou incompleto comprei,5.2143104788651306e-05
me informou,5.5481591039311344e-05
do pedido nem,4.684093250878742e-05
feita no site,4.65607648237635e-05
08 01,4.685318217153108e-05
dei estrelas pois,5.326036609520725e-05
pink,4.9941956357438746e-05
um retorno urgente pois,4.034920167709891e-05
fica na,4.882951252869821e-05
muitos produtos,4.800959496091554e-05
de fato,4.736371398215396e-05
opinar pois,6.330985430899987e-05
pgto,4.739395891568002e-05
velcro,6.759143775947118e-05
papel bolha,5.688371095842901e-05
em relação aos,4.813928747128171e-05
entregues até,5.0661055989767207e-05
assinatura,5.0651185317812e-05
acredito que não,5.593318595048016e-05
dia 27 11,4.579283114090687e-05
reais mais,5.033459393437835e-05
previsão de chegada,5.222628301362694e-05
entao não,6.0752487518758345e-05
na minha fatura,5.084877234840272e-05
produto apresentou,6.038915817522882e-05
que foi comprado,0.00010057511851925907
de pó,5.466384824428584e-05
produto demorou chegar,4.931033315698839e-05
na costura,6.170773300543041e-05
que culpa,4.5834427967812056e-05
para montar,8.29482240250329e-05
no cartao,5.265613727439663e-05
meu mail,5.168053310181733e-05
nada se,5.402588488276225e-05
onde foi parar outro,3.985991858608315e-05
por favor poderiam verificar,3.985991858608315e-05
já enviei uma mensagem,3.985991858608315e-05
recebi somente já enviei,3.985991858608315e-05
cartuchos mas recebi somente,3.985991858608315e-05
mensagem por favor poderiam,3.985991858608315e-05
uma mensagem por favor,3.985991858608315e-05
poderiam verificar onde foi,3.985991858608315e-05
comprei cartuchos mas recebi,3.985991858608315e-05
favor poderiam verificar onde,3.985991858608315e-05
mas recebi somente já,3.985991858608315e-05
do pedido comprei cartuchos,3.985991858608315e-05
enviei uma mensagem por,3.985991858608315e-05
parar outro cartucho obrigada,3.985991858608315e-05
somente já enviei uma,3.985991858608315e-05
foi parar outro cartucho,3.985991858608315e-05
verificar onde foi parar,3.985991858608315e-05
pedido comprei cartuchos mas,3.985991858608315e-05
via telefone,7.293741754975315e-05
dia 31,6.0603781919912196e-05
produto veio com uma,7.647066683963018e-05
mas só foram entregues,6.245156638479139e-05
interior,6.877175679879638e-05
mesmo com prazo,5.0333161722316895e-05
está no correio,6.399616494915925e-05
estou no aguardo para,4.529922242733061e-05
agora meu,6.118544275539629e-05
no dia 07,4.810727354511695e-05
resolvam isso,4.667620864981909e-05
produto um pouco,0.0001012916806236872
um mail para loja,3.974869056721466e-05
quem foi,5.336631152855534e-05
de um dos,4.7874365234081276e-05
lojas lannister mas,4.75502644589959e-05
prazo de dias,4.67297418048242e-05
panela de pressão,4.855891014444559e-05
frete ter,5.3854439857961425e-05
aparelho celular,6.105159067622636e-05
controle de qualidade,5.39878716821911e-05
veio um de,5.21965025170253e-05
dou estrelas,5.065179349543328e-05
para criança,5.2681907840074206e-05
entrega dia,5.0183423264898415e-05
lavadora,4.724412114123731e-05
recebi produto correto porém,5.630465711732302e-05
que anunciado,5.7575437386301206e-05
mas material,0.0001054546755895008
quando fiz pedido,4.5063166155053616e-05
que eu paguei,6.650703548506465e-05
descrições do,4.7036523965253e-05
qualidade esperava,5.6071232562399825e-05
produtos chegaram dentro do,4.934787711184159e-05
os produtos chegaram dentro,4.934787711184159e-05
recebido tudo,6.221846168615966e-05
da panela,6.066313079745363e-05
vezes sem,4.6010360563722124e-05
porque foi,7.390146145676758e-05
devolução para,4.880307493128999e-05
gosto de comprar no,4.767206353072056e-05
entregue preciso de,5.565343748268924e-05
stark com,6.226190650024814e-05
segurar,4.941603352343288e-05
pedido de dois itens,4.704812839309106e-05
retorno obrigada,4.773297848351021e-05
aqui em,5.166791648578206e-05
um número,5.563058184093371e-05
prestei,4.591112230205874e-05
correio de,5.4311249018987365e-05
rastreio produto,5.430422606018897e-05
costas,5.914045282629158e-05
com uma qualidade,5.582993839704633e-05
outro no lugar,4.8101972706493835e-05
para ser entregue na,4.485812971064614e-05
da emissão da nota,4.697092320300033e-05
antes do natal,5.72293255141927e-05
veio em duas,5.491171250555465e-05
comprei itens do,5.1915994921679636e-05
no manual,5.7300599423358447e-05
chegou outra,6.57110157799473e-05
infelizmente produto não,5.6451548103950585e-05
apesar da entrega,5.0026620019607194e-05
para bebê,5.49141908919267e-05
as lojas lannister por,4.617660666464246e-05
por esse motivo,6.0202557126519476e-05
que ir aos correios,4.585174645777696e-05
de cola,6.805409276668184e-05
parece original,4.788243121737913e-05
nada quero,4.592685443033533e-05
relogio veio,5.8581155554708404e-05
disto,4.5374725034111006e-05
de outra loja,5.2101797737763225e-05
eu fico,4.579794867372159e-05
mesmo demorou,4.549450155654078e-05
com os dois,4.9977992324303125e-05
esperar pele boa vontade,3.898876620840661e-05
da loja para entrar,3.898876620840661e-05
ruim atendimento somente eletronico,3.898876620840661e-05
loja para entrar em,3.898876620840661e-05
somente eletronico vc obrigado,3.898876620840661e-05
eletronico vc obrigado esperar,3.898876620840661e-05
obrigado esperar pele boa,3.898876620840661e-05
vc obrigado esperar pele,3.898876620840661e-05
pele boa vontade da,3.898876620840661e-05
boa vontade da loja,3.898876620840661e-05
vontade da loja para,3.898876620840661e-05
atendimento somente eletronico vc,3.898876620840661e-05
muito ruim atendimento somente,3.898876620840661e-05
os produtos vieram,0.00011698111546625975
muito longo para entrega,5.5175393664173924e-05
cancelaram compra,5.865789007853568e-05
não tenho tempo,4.586731448872164e-05
não chega no prazo,4.984647130785757e-05
não permite,5.691529834917225e-05
melhor os,5.7133540180593706e-05
de entrega do produto,8.187419084181369e-05
com outros,5.301741274551339e-05
uma solução urgente se,3.883457218184904e-05
que ir ao procon,3.883457218184904e-05
não terei que ir,3.883457218184904e-05
nem dinheiro de volta,3.883457218184904e-05
terei que ir ao,3.883457218184904e-05
volta preciso de uma,3.883457218184904e-05
solução urgente se não,3.883457218184904e-05
produto nem dinheiro de,3.883457218184904e-05
urgente se não terei,3.883457218184904e-05
recebi produto nem dinheiro,3.883457218184904e-05
de volta preciso de,3.883457218184904e-05
dinheiro de volta preciso,3.883457218184904e-05
de uma solução urgente,3.883457218184904e-05
se não terei que,3.883457218184904e-05
chegou toda,7.742128058588165e-05
sem maiores,7.158155897949537e-05
não era original,5.036748626647051e-05
secador,6.006153037653685e-05
pela transportadora,5.493083828858727e-05
segunda compra que faço,4.8296472776849286e-05
agora para,4.7366157828354674e-05
capacho,4.8769324437869765e-05
que sou,6.018415781530262e-05
molhado,5.365616353427068e-05
estou esperando até agora,4.778647237014625e-05
não me deu,4.686596331789102e-05
uma fita,4.7311729005382036e-05
os dois cartuchos,4.7897619204310715e-05
nos correios só,4.446885148535998e-05
mesmo tipo,4.828260426335858e-05
opinião sobre,5.276544351416624e-05
só vieram duas com,3.8590421857238346e-05
compra foi de cinco,3.8590421857238346e-05
marron só vieram duas,3.8590421857238346e-05
cores diferentes uma marron,3.8590421857238346e-05
de cinco almofadas marron,3.8590421857238346e-05
vieram duas com cores,3.8590421857238346e-05
uma marron outra grafite,3.8590421857238346e-05
com cores diferentes uma,3.8590421857238346e-05
foi de cinco almofadas,3.8590421857238346e-05
cinco almofadas marron só,3.8590421857238346e-05
almofadas marron só vieram,3.8590421857238346e-05
duas com cores diferentes,3.8590421857238346e-05
diferentes uma marron outra,3.8590421857238346e-05
chip,4.678519610635303e-05
cnpj,4.629771438163261e-05
05 01 até agora,3.85694717604458e-05
virar,5.562537285334297e-05
ótimo mas,6.814012337975594e-05
solicito uma posição para,3.854256169329885e-05
três que estão faltando,3.854256169329885e-05
só recebi duas luminárias,3.854256169329885e-05
posição para entrega dos,3.854256169329885e-05
duas luminárias de cinco,3.854256169329885e-05
pedi solicito uma posição,3.854256169329885e-05
de cinco que pedi,3.854256169329885e-05
uma posição para entrega,3.854256169329885e-05
recebi duas luminárias de,3.854256169329885e-05
que pedi solicito uma,3.854256169329885e-05
luminárias de cinco que,3.854256169329885e-05
entrega dos três que,3.854256169329885e-05
cinco que pedi solicito,3.854256169329885e-05
para entrega dos três,3.854256169329885e-05
dos três que estão,3.854256169329885e-05
continuo aguardando entrega do,5.884902397371657e-05
um transtorno,5.958432507111097e-05
eu recebi apenas,5.3348626800977974e-05
sujeira,5.4178515452598304e-05
entrega tive que,5.2185297724064555e-05
lado da,4.450877304980552e-05
foi realizado,6.111409140063628e-05
enviassem,5.418858242944236e-05
de cores,6.207435453428081e-05
pedido dos,4.802944017778825e-05
não recebi produto ninguém,4.809392108753077e-05
consta entregue mas não,5.0447093117593273e-05
inteiro,0.00011852059306647737
do rastreio,5.6165832667019335e-05
pelas lojas lannister,5.359075693814606e-05
vermelhas,8.262676075287341e-05
arranhados,5.456147452243047e-05
uma base,5.522016003744991e-05
prazo de entrega porém,4.8002513726967296e-05
tive problema com as,4.56926068011601e-05
25 10,4.4357776834177405e-05
inclusive com,5.644392010983874e-05
panos de pratos,6.809010054085501e-05
pelo prazo,6.91400432124202e-05
relógio da,4.825444112282393e-05
me da alguma satisfação,3.8296587726219106e-05
apenas recebi ninguém me,3.8296587726219106e-05
veio faltando com quantidades,3.8296587726219106e-05
ninguém me atende no,3.8296587726219106e-05
sac ou me da,3.8296587726219106e-05
no sac ou me,3.8296587726219106e-05
faltando com quantidades apenas,3.8296587726219106e-05
me atende no sac,3.8296587726219106e-05
quantidades apenas recebi ninguém,3.8296587726219106e-05
com quantidades apenas recebi,3.8296587726219106e-05
ou me da alguma,3.8296587726219106e-05
atende no sac ou,3.8296587726219106e-05
recebi ninguém me atende,3.8296587726219106e-05
produto veio faltando com,3.8296587726219106e-05
cumprir com,6.501137048869368e-05
um relógio feminino,4.5573735046457775e-05
outras empresas,5.552667484133879e-05
abre,5.3799624051301436e-05
solto dentro,5.3596461425845666e-05
de autenticidade,6.254150197758333e-05
de 300,4.591116010110707e-05
loja comprei,4.4951670694021206e-05
constam no,4.709386738845007e-05
que ficar com,4.509981603571289e-05
de 99,4.539463693824862e-05
mercadoria mas,5.696457738180219e-05
só recebi no,4.646277557866333e-05
não estava disponível,6.573273930629823e-05
com esse tipo de,3.805435944006817e-05
caixa do produto veio,5.929634987011237e-05
dar minha opinião,5.700205477901728e-05
caro só,4.8297565421820084e-05
no dia 27,4.4280378036038816e-05
muito maior,6.004358957260113e-05
existe um,5.44756736586443e-05
bolas de,4.9244498901508625e-05
de queimado,5.429000494163954e-05
produto que estava,4.639335693170984e-05
dando impressão de,4.4535734175187224e-05
ainda não recebemos produto,8.292950009719665e-05
com mas,4.4243543558650445e-05
aparador,6.30865321650383e-05
pois tenho,5.2046304988291684e-05
comprei sem,4.81731885494338e-05
recebi comprei,4.4414630412824806e-05
em dias diferentes,0.00012399778744435892
produto pq,5.668330412843245e-05
de muito tempo,5.0044450941941215e-05
porque produto não veio,3.780955543264207e-05
comprei para revender sem,3.780955543264207e-05
em nenhuma caixa apenas,3.780955543264207e-05
não gostei porque produto,3.780955543264207e-05
revender sem uma embalagem,3.780955543264207e-05
apenas com um saquinho,3.780955543264207e-05
sem uma embalagem especifica,3.780955543264207e-05
fica um pouco desvalorizado,3.780955543264207e-05
embalagem especifica fica um,3.780955543264207e-05
com um saquinho como,3.780955543264207e-05
especifica fica um pouco,3.780955543264207e-05
uma embalagem especifica fica,3.780955543264207e-05
saquinho como comprei para,3.780955543264207e-05
veio em nenhuma caixa,3.780955543264207e-05
gostei porque produto não,3.780955543264207e-05
nenhuma caixa apenas com,3.780955543264207e-05
para revender sem uma,3.780955543264207e-05
como comprei para revender,3.780955543264207e-05
um saquinho como comprei,3.780955543264207e-05
correta porém,5.025484710298475e-05
do prazo mais,7.589717771361061e-05
antiga,4.879958949281633e-05
pq comprei,4.5929676567458226e-05
mais eu,8.644483749126072e-05
lascado,5.602802095823413e-05
correios como,5.930264751785149e-05
entrega os produtos,6.7892188475985e-05
do prazo porém não,5.159786749762765e-05
dias pra entregar,4.558640132497516e-05
contínuo,4.840770941884346e-05
poeira,6.557752932351885e-05
porque recebi,6.509683099640617e-05
pedida,5.3542715775852126e-05
uma hora,5.254294125741739e-05
certo os,5.4359933866119837e-05
22 02,5.040286464211679e-05
rápida mas não,4.6263648206447225e-05
case para,4.974164913341616e-05
resumo,5.6249554185615234e-05
não ter sido entregue,5.3018700530789904e-05
meu prédio,4.612168835804713e-05
efetuei uma compra de,4.463264050118102e-05
sou cliente da lannister,4.4439907836462444e-05
com prazo de entrega,0.00016918360663812935
fazer isso,4.487079891444575e-05
está nos correios,4.578750540035937e-05
veio dentro de,4.375052289300531e-05
incluso,6.841120767902261e-05
ninguém para,4.4322938995712105e-05
mensagem da,5.2008012119710306e-05
avaliar produto pois,5.732395349160378e-05
troca pela,5.252351564583022e-05
entregou uma,4.781967593190341e-05
07 12,5.107637599374766e-05
meu cartao,5.6832553934856644e-05
08 12,4.4509937947306605e-05
antes do prazo porem,5.668423165794319e-05
com foto do,4.580741698083119e-05
por eles,5.367318209049337e-05
as duas capas,4.5099937205838506e-05
mas bom,7.69725378188038e-05
pedido para,4.373752282942276e-05
responsáveis pelo recebimento de,3.739222901501353e-05
recebimento de mercadorias qual,3.739222901501353e-05
qual ficaram faltando cadeiras,3.739222901501353e-05
ontem em pleno domingo,3.739222901501353e-05
mercadorias qual ficaram faltando,3.739222901501353e-05
boa tarde os produtos,3.739222901501353e-05
foram entregues ontem em,3.739222901501353e-05
em pleno domingo no,3.739222901501353e-05
de mercadorias qual ficaram,3.739222901501353e-05
no qual nao haviam,3.739222901501353e-05
produtos foram entregues ontem,3.739222901501353e-05
nao haviam pessoas responsáveis,3.739222901501353e-05
tarde os produtos foram,3.739222901501353e-05
qual nao haviam pessoas,3.739222901501353e-05
domingo no qual nao,3.739222901501353e-05
pleno domingo no qual,3.739222901501353e-05
haviam pessoas responsáveis pelo,3.739222901501353e-05
pessoas responsáveis pelo recebimento,3.739222901501353e-05
entregues ontem em pleno,3.739222901501353e-05
pelo recebimento de mercadorias,3.739222901501353e-05
ao remetente,5.300931757063297e-05
dia 17 08,4.703559498875579e-05
cartucho ficar totalmente destruída,3.736021577522352e-05
produto veio embalado apenas,3.736021577522352e-05
que ocasionou fato da,3.736021577522352e-05
envelope que ocasionou fato,3.736021577522352e-05
por um frágil envelope,3.736021577522352e-05
veio embalado apenas por,3.736021577522352e-05
do cartucho ficar totalmente,3.736021577522352e-05
da caixa do cartucho,3.736021577522352e-05
fato da caixa do,3.736021577522352e-05
apenas por um frágil,3.736021577522352e-05
um frágil envelope que,3.736021577522352e-05
caixa do cartucho ficar,3.736021577522352e-05
embalado apenas por um,3.736021577522352e-05
frágil envelope que ocasionou,3.736021577522352e-05
ocasionou fato da caixa,3.736021577522352e-05
corresponde ao que,4.589308457599577e-05
entrega uma,6.32096351770383e-05
toner da,5.961903202252799e-05
verniz,4.82438852597485e-05
vai resolver,4.5668978142221114e-05
me venderam,4.964113028166398e-05
processo de devolução,5.614883953593086e-05
pequena para,4.646004321910905e-05
vieram todos,7.043928932108713e-05
pedido solicitei,4.2682300893958033e-05
foi emitida com,4.395721127557027e-05
com vocês não,4.553703589631558e-05
para preço,5.120372653629825e-05
lannister porém,4.534164513152004e-05
um eu,5.988286020560803e-05
como consumidor,5.586747752104313e-05
na encomenda,4.448033090594609e-05
seu cliente,5.747663183046878e-05
maioria,4.585368054959161e-05
pedido eu recebi,4.701446057052165e-05
paguei por uma,4.335993725913476e-05
relógio estava,4.755610125252954e-05
ansioso,5.804469346239588e-05
era outra,4.919284332615221e-05
um celular,8.434935117624092e-05
sem nem,4.318629040171209e-05
não eu,4.558767933949966e-05
era diferente,4.4824795449382574e-05
cartuchos originais,5.073716826408534e-05
de um mês de,4.2671925289640506e-05
mas não que,4.384151228725409e-05
produto aparenta,6.234185546900503e-05
só mais,4.387708455789321e-05
recebi certo,6.444428733766378e-05
depois de mais de,4.3698693346850176e-05
para entrega não,5.842407955574848e-05
pelo site lannister,5.87833210518318e-05
renda,5.1443163703256695e-05
exatos,5.0652360400561475e-05
três não,4.310306362313241e-05
ainda como,5.480374307559539e-05
anunciaram,6.118373584480576e-05
produto que me foi,4.325445220088549e-05
comprado um,4.3544221567929065e-05
embalagem lacrada,4.6161373334688726e-05
resposta ainda no aguardo,3.694488878129359e-05
fiz uma reclamação porém,3.694488878129359e-05
entregue comprei baldes de,3.694488878129359e-05
esperado produto foi parcialmente,3.694488878129359e-05
reclamação porém não obtive,3.694488878129359e-05
obtive resposta ainda no,3.694488878129359e-05
baldes de 15 kilos,3.694488878129359e-05
como esperado produto foi,3.694488878129359e-05
falta fiz uma reclamação,3.694488878129359e-05
uma reclamação porém não,3.694488878129359e-05
de impermeabilizante recebi falta,3.694488878129359e-05
não foi como esperado,3.694488878129359e-05
de 15 kilos de,3.694488878129359e-05
impermeabilizante recebi falta fiz,3.694488878129359e-05
parcialmente entregue comprei baldes,3.694488878129359e-05
comprei baldes de 15,3.694488878129359e-05
não obtive resposta ainda,3.694488878129359e-05
recebi falta fiz uma,3.694488878129359e-05
foi parcialmente entregue comprei,3.694488878129359e-05
15 kilos de impermeabilizante,3.694488878129359e-05
kilos de impermeabilizante recebi,3.694488878129359e-05
que todas,5.946216331890122e-05
mesmo estava,6.421449999259464e-05
estou aguardando retorno do,5.6666110842185774e-05
porém ainda não recebi,5.1511063874301785e-05
em processo,4.886222585596711e-05
saber qual procedimento,4.426725296192658e-05
acabou de,4.396931148198007e-05
direto com,6.934207165769229e-05
foto com,5.371865874819128e-05
levando em,5.226983038774336e-05
estorno no cartão,4.9225425040085515e-05
porém são,4.5665259312638464e-05
com que eu,8.288951470267521e-05
reenviado,4.370343562532201e-05
pelo valor do frete,4.527987077974998e-05
qualidade sem,5.451621253204569e-05
consumo,6.262001174835044e-05
imagem da,5.487148516512075e-05
não primeira vez que,7.852075434729057e-05
que está na foto,5.310344448988491e-05
recebido ainda,6.0049386557432765e-05
dias da data da,5.023254630255284e-05
também achei,5.483851835972101e-05
casa tive que ir,5.186354622566212e-05
comprei produto paguei,4.741480971440123e-05
pelo produto que,4.514172740888908e-05
entrega era de,5.782499724792802e-05
cartão de credito,4.3920811557458097e-05
meu kit,5.722628815134043e-05
postagens,4.46142084389229e-05
duas tenho como resolver,3.6555714151518295e-05
banquetas mas só recebi,3.6555714151518295e-05
as cinco banquetas mas,3.6555714151518295e-05
cinco banquetas mas só,3.6555714151518295e-05
recebi duas tenho como,3.6555714151518295e-05
está dizendo que entregou,3.6555714151518295e-05
sem entrar com procon,3.6555714151518295e-05
que entregou as cinco,3.6555714151518295e-05
dizendo que entregou as,3.6555714151518295e-05
resolver sem entrar com,3.6555714151518295e-05
entregou as cinco banquetas,3.6555714151518295e-05
targaryene está dizendo que,3.6555714151518295e-05
mas só recebi duas,3.6555714151518295e-05
tenho como resolver sem,3.6555714151518295e-05
só recebi duas tenho,3.6555714151518295e-05
como resolver sem entrar,3.6555714151518295e-05
eu vi,7.293580847672607e-05
comprei são,5.4823798555165725e-05
ralos inteligentes luminarias um,3.6493455352023114e-05
plafons de led ralos,3.6493455352023114e-05
um dos ralos veio,3.6493455352023114e-05
veio quebrado comprometendo funcionalidade,3.6493455352023114e-05
funcionalidade do mesmo as,3.6493455352023114e-05
foram entregues ate agora,3.6493455352023114e-05
luminárias simplesmente não foram,3.6493455352023114e-05
quebrado comprometendo funcionalidade do,3.6493455352023114e-05
luminarias um dos ralos,3.6493455352023114e-05
mesmo as luminárias simplesmente,3.6493455352023114e-05
ralos veio quebrado comprometendo,3.6493455352023114e-05
de led ralos inteligentes,3.6493455352023114e-05
comprei plafons de led,3.6493455352023114e-05
simplesmente não foram entregues,3.6493455352023114e-05
inteligentes luminarias um dos,3.6493455352023114e-05
entregues ate agora nada,3.6493455352023114e-05
comprometendo funcionalidade do mesmo,3.6493455352023114e-05
do mesmo as luminárias,3.6493455352023114e-05
não foram entregues ate,3.6493455352023114e-05
dos ralos veio quebrado,3.6493455352023114e-05
as luminárias simplesmente não,3.6493455352023114e-05
led ralos inteligentes luminarias,3.6493455352023114e-05
que não seria,5.488636673851443e-05
no aparelho,9.834512351690148e-05
piscina baldes de cloro,3.647790010511346e-05
nota fiscal consta quantidade,3.647790010511346e-05
outros produtos para piscina,3.647790010511346e-05
recebi faltando nota fiscal,3.647790010511346e-05
quantidade certa comprada desse,3.647790010511346e-05
certa comprada desse produto,3.647790010511346e-05
compras anteriores recebi faltando,3.647790010511346e-05
consta quantidade certa comprada,3.647790010511346e-05
anteriores recebi faltando nota,3.647790010511346e-05
recebi falta receber tbm,3.647790010511346e-05
tbm outros produtos para,3.647790010511346e-05
produtos para piscina baldes,3.647790010511346e-05
produto mas recebi falta,3.647790010511346e-05
para piscina baldes de,3.647790010511346e-05
fiscal consta quantidade certa,3.647790010511346e-05
comprada desse produto mas,3.647790010511346e-05
faltando nota fiscal consta,3.647790010511346e-05
falta receber tbm outros,3.647790010511346e-05
desse produto mas recebi,3.647790010511346e-05
fiz compras anteriores recebi,3.647790010511346e-05
mas recebi falta receber,3.647790010511346e-05
já fiz compras anteriores,3.647790010511346e-05
receber tbm outros produtos,3.647790010511346e-05
quase 30 dias,7.356315423469475e-05
soltas,6.0760244402896326e-05
um bom tempo,6.093573602570443e-05
tanto tempo,6.317489073262357e-05
dos panos de prato,4.630002099355013e-05
compra uma,6.065655647291608e-05
quando coloquei,4.3405062046995046e-05
além do mais,5.227384910573893e-05
outro lado,4.458261448329081e-05
no corpo,5.3536898206035486e-05
10 08,4.4723791748077594e-05
um email dizendo que,5.061826288969179e-05
no inicio,4.967962975035004e-05
no dia 30,4.2273959049817155e-05
foi entregue as,4.262384542521353e-05
anunciado na,5.2584165549405934e-05
demais copos que fiz,3.623918849294802e-05
copos recebi apenas 01,3.623918849294802e-05
copos que fiz compra,3.623918849294802e-05
05 copos recebi apenas,3.623918849294802e-05
dos demais copos que,3.623918849294802e-05
comprei 05 copos recebi,3.623918849294802e-05
01 copo por favor,3.623918849294802e-05
entrega dos demais copos,3.623918849294802e-05
favor solicito entrega dos,3.623918849294802e-05
por favor solicito entrega,3.623918849294802e-05
recebi apenas 01 copo,3.623918849294802e-05
copo por favor solicito,3.623918849294802e-05
solicito entrega dos demais,3.623918849294802e-05
apenas 01 copo por,3.623918849294802e-05
que deve ser,5.1719796072064447e-05
pulseira possui pederneira mas,3.6210909855305614e-05
dizer que comprei chegou,3.6210909855305614e-05
consigo no site diz,3.6210909855305614e-05
tem sem dizer que,3.6210909855305614e-05
que pulseira possui pederneira,3.6210909855305614e-05
diz que pulseira possui,3.6210909855305614e-05
produto não consigo no,3.6210909855305614e-05
não consigo no site,3.6210909855305614e-05
pederneira mas não tem,3.6210909855305614e-05
site diz que pulseira,3.6210909855305614e-05
possui pederneira mas não,3.6210909855305614e-05
sem dizer que comprei,3.6210909855305614e-05
mas não tem sem,3.6210909855305614e-05
não tem sem dizer,3.6210909855305614e-05
que comprei chegou apenas,3.6210909855305614e-05
qual comprei,5.303180634289246e-05
entregar por,4.2412963803871036e-05
do retorno até agora,3.616824884864056e-05
dos produtos estouno aguardo,3.616824884864056e-05
referidos falta de respeito,3.616824884864056e-05
falta de respeito abuso,3.616824884864056e-05
até agora já tentei,3.616824884864056e-05
agora já tentei contato,3.616824884864056e-05
contato até momento sem,3.616824884864056e-05
nos telefones referidos falta,3.616824884864056e-05
tentei contato até momento,3.616824884864056e-05
atende nos telefones referidos,3.616824884864056e-05
ninguém atende nos telefones,3.616824884864056e-05
telefones referidos falta de,3.616824884864056e-05
sucesso ninguém atende nos,3.616824884864056e-05
retorno até agora já,3.616824884864056e-05
estouno aguardo do retorno,3.616824884864056e-05
sem sucesso ninguém atende,3.616824884864056e-05
momento sem sucesso ninguém,3.616824884864056e-05
já tentei contato até,3.616824884864056e-05
metade dos produtos estouno,3.616824884864056e-05
produtos estouno aguardo do,3.616824884864056e-05
aguardo do retorno até,3.616824884864056e-05
de 2017,4.258310347294059e-05
pedaços,5.041011584081429e-05
de vender,5.1940290728674656e-05
duas películas,4.9773975311422715e-05
cortando,5.273858832460076e-05
no prazo entretanto,5.0216786741460785e-05
produtos no mesmo,4.344050339878116e-05
capinha que,5.158092141099292e-05
uma ainda estou,4.1555010953891e-05
recebido uma,4.570621382081322e-05
não me mandaram,4.710525148230021e-05
dia 23 08,4.56483643056697e-05
promessa de,5.343403775693746e-05
branca com,5.773800762718242e-05
agora eu,4.494471968493778e-05
marca de,6.240067629249744e-05
tinta no,4.19890661227454e-05
ganchos,5.179311761551387e-05
esperei mais de,4.151605281808876e-05
recebi esta,5.49615709291565e-05
entregue na data prevista,5.62635612785855e-05
mais rapido,0.0001865255027733187
apresentada,5.827053510602794e-05
está vindo,4.624133024602045e-05
não do vendedor,4.392145772462125e-05
um pedido com dois,4.4406063163794665e-05
da data da entrega,5.023254630255284e-05
tem cabelo,4.500508707525502e-05
só tem um,6.429734290458309e-05
fiz no,5.933637102123181e-05
propaganda do,4.616486972007436e-05
previsao de entrega,5.91643869492068e-05
gostei do produto achei,5.1359052151047655e-05
usar como,5.036827233022744e-05
que teve,6.892311750552478e-05
que comprei uma,4.876581137773599e-05
certo ok,8.08022382705768e-05
em contato dar,4.5610624869928396e-05
bordas não,4.299180539632754e-05
veiculo,5.142538490145053e-05
caixa mas,6.988319429252838e-05
não gostei muito da,5.6472869490460416e-05
de devolver produto,4.268472652624689e-05
mais pq,4.2752424411908714e-05
pelo site da lannister,7.972225201857672e-05
do meu filho,6.095159805724115e-05
pra trocar,7.838254729381936e-05
produto deixa desejar,5.956604450816645e-05
preciso da nota fiscal,5.268884289460057e-05
mochila de,7.342908388137433e-05
mostram,5.3270641113360185e-05
mas este,7.830860211875264e-05
entregar não,4.2204739855795726e-05
para realizar,5.097716229621532e-05
compra foto,4.431698976946766e-05
de uso já,6.134279180233116e-05
se veio,4.409817067753929e-05
encomenda para,5.2373992521041396e-05
do produto adquirido,6.9851478655886e-05
dia 15 12,4.150965373612088e-05
não sei porque,6.393510157243905e-05
embalagem sem,5.3182139708675374e-05
de enviar produto,4.370551796665616e-05
quero saber porque,4.9936529326580564e-05
os frascos,6.255068513786756e-05
ingles,5.2169440528136046e-05
casal king,5.2982000651288954e-05
informada do,4.63827892291569e-05
22 05,4.121272346967745e-05
tive que comprar uma,4.319371658163795e-05
ou algo,5.181998393023145e-05
até dia 20,6.772604345957202e-05
compra fiz,4.6091812605808715e-05
meu nome,7.891695014304535e-05
ainda entrega,5.4787822684435674e-05
peças mas,6.105901351967912e-05
quero saber qual,4.271417433945428e-05
seria ter,4.39875125897306e-05
tinha produto que,4.407461797837792e-05
não encontrei,5.8464005099512136e-05
se original,7.01851529546715e-05
sei que não,4.9527100072724435e-05
comprei dois potes,4.8123298109434944e-05
chegue logo,5.5668841962730286e-05
fato de ter,4.4607531762426933e-05
descrito não,5.1060392031766854e-05
azul recebi,4.804033985587372e-05
entregue pelos correios,6.358067986989909e-05
da foto porém,4.396410665767302e-05
não tem uma,4.773148133045312e-05
de lannister,4.407812069899519e-05
muito longe,5.576755956794982e-05
de ar,5.5862734690634266e-05
fiz meu pedido,5.631873920962562e-05
nascer,5.864821008101878e-05
nome do,5.885622438818833e-05
abri pacote,5.278374575008714e-05
entregar que,4.7325194944743235e-05
drive,4.3804146875173444e-05
estou solicitando devolução,5.256625589344518e-05
produto mais não,4.2309575113096094e-05
que os outros sejam,3.511642244183838e-05
afinal de contas eu,3.511642244183838e-05
para minha empresa produto,3.511642244183838e-05
os correios por enquanto,3.511642244183838e-05
produto foi muito caro,3.511642244183838e-05
minha empresa produto foi,3.511642244183838e-05
outros sejam entregue afinal,3.511642244183838e-05
os outros sejam entregue,3.511642244183838e-05
deles preciso muito que,3.511642244183838e-05
entregou apenas deles preciso,3.511642244183838e-05
kits os correios por,3.511642244183838e-05
de contas eu comprei,3.511642244183838e-05
eu comprei para minha,3.511642244183838e-05
por enquanto entregou apenas,3.511642244183838e-05
sejam entregue afinal de,3.511642244183838e-05
correios por enquanto entregou,3.511642244183838e-05
muito que os outros,3.511642244183838e-05
preciso muito que os,3.511642244183838e-05
eu comprei kits os,3.511642244183838e-05
entregue afinal de contas,3.511642244183838e-05
comprei para minha empresa,3.511642244183838e-05
empresa produto foi muito,3.511642244183838e-05
enquanto entregou apenas deles,3.511642244183838e-05
apenas deles preciso muito,3.511642244183838e-05
contas eu comprei para,3.511642244183838e-05
comprei kits os correios,3.511642244183838e-05
dia 19 12,4.108688685437858e-05
nota fiscal não foi,4.1893531130298996e-05
registrar,4.183555825156902e-05
rápido porém,7.714836130554717e-05
desconformidade,4.1716976457336814e-05
veio conforme anuncio,5.8141811236035275e-05
veio apenas como que,3.5031689030145146e-05
conforme comprova nos pedidos,3.5031689030145146e-05
faltando itens comprei itens,3.5031689030145146e-05
comprei itens veio apenas,3.5031689030145146e-05
lannister muito conforme comprova,3.5031689030145146e-05
muito conforme comprova nos,3.5031689030145146e-05
uma solução rápida imediato,3.5031689030145146e-05
como que envia faltando,3.5031689030145146e-05
pedido faltando itens comprei,3.5031689030145146e-05
que envia faltando quero,3.5031689030145146e-05
itens comprei itens veio,3.5031689030145146e-05
agora receboo meu pedido,3.5031689030145146e-05
comprova nos pedidos agora,3.5031689030145146e-05
quero uma solução rápida,3.5031689030145146e-05
da lannister muito conforme,3.5031689030145146e-05
receboo meu pedido faltando,3.5031689030145146e-05
meu pedido faltando itens,3.5031689030145146e-05
pedidos agora receboo meu,3.5031689030145146e-05
nos pedidos agora receboo,3.5031689030145146e-05
faltando quero uma solução,3.5031689030145146e-05
envia faltando quero uma,3.5031689030145146e-05
itens veio apenas como,3.5031689030145146e-05
cliente da lannister muito,3.5031689030145146e-05
apenas como que envia,3.5031689030145146e-05
voltagem 220,6.182343013411464e-05
gostaria de uma resposta,4.128759202409855e-05
avisar que não,5.090790271114228e-05
mandaram nota,4.605109606273669e-05
13 04,4.191388821844292e-05
estou entrando em contato,4.152772989682892e-05
saber se tem como,4.704199611283867e-05
mais comprei,4.171939353755042e-05
um panfleto,4.2389302625816845e-05
que aparece,5.660122941732694e-05
escolher,9.911367908183852e-05
loja tudo ok,4.587930889638557e-05
30 dias pra,4.259083742015078e-05
da loja que,4.494758679227732e-05
sugerir que,4.242550598107876e-05
já está sendo,4.3807234316694515e-05
pensava que,4.997292572646437e-05
da compra foi,4.978944110227467e-05
azul veio,6.500804406441025e-05
para mandar,4.288281066311671e-05
desmontado,6.450750869709287e-05
fiz compra do produto,4.2677053625749035e-05
lâminas,5.2321959289002416e-05
para entregar um,5.120509543688646e-05
os espelhos,4.8073395935800224e-05
colada,6.285609314422335e-05
priduto,4.897025821467778e-05
no site parece,5.247228148831919e-05
montar cadeira,4.596307525727436e-05
de entrega recebi,4.6654981038676366e-05
foi cobrado valor,4.195615614718118e-05
queria saber como,4.230391307725691e-05
as mamadeiras,5.711412056188612e-05
eu comprei veio,4.656093834264123e-05
bomba,9.88151175911211e-05
da loja pois,4.9451158132017054e-05
uma veio com,5.3216570878702085e-05
outra compra que,4.6420600756584236e-05
na hora que,7.460703468052198e-05
elas não,5.2850516623135585e-05
afetou,6.392090583467588e-05
12 porém,4.034040027026211e-05
completamente diferente da,4.24846798437497e-05
do sistema,5.019808376014275e-05
kkk,5.7369157724798844e-05
pq só,4.874394001430971e-05
eu ter recebido,4.748812889371745e-05
desta compra,5.317596699066774e-05
atraso da entrega,7.296835276121776e-05
os livros,5.6683099488560605e-05
da torneira,5.69073434547584e-05
entrega mesmo,7.595830689827892e-05
stark targaryen,4.4971519176255786e-05
disponibilizar,4.884542168938463e-05
prazo pra,4.574553700036643e-05
pela stark,6.80143679263838e-05
maior qualidade,5.2234096403539524e-05
com problema na,4.362171664318819e-05
compra para,8.175000566668418e-05
um de cada vez,4.671268000459572e-05
meu pedido mais,4.7077656678731395e-05
na medida,5.400827698702967e-05
nao deveria,4.2683403393509485e-05
caixa que,7.853306676077406e-05
mudou,6.785937627914168e-05
uma câmera,4.284758386226618e-05
foi entregue em minha,5.3501227020280465e-05
tive de ir,4.4407455827524506e-05
site que não,4.808304254254845e-05
trocar mas,4.768075367024338e-05
com comprador,4.893384108439659e-05
minha surpresa quando,4.045262403026533e-05
sim um,5.705517041327231e-05
receber outro produto,5.055210669284729e-05
este motivo,4.5012903832034595e-05
poderia ser um pouco,5.381799019720079e-05
era um presente,7.578899978097392e-05
comprei produto dia,5.253799480560165e-05
empresa me,4.164065653649344e-05
com código,4.856336920385681e-05
somente na,4.920283354624738e-05
tomadas,6.658282056067173e-05
do suporte,7.701309225888646e-05
por algum,4.22567104089976e-05
nota fiscal compramos trocadores,3.3822115373459595e-05
pedido ficou faltando uma,3.3822115373459595e-05
itens da nota fiscal,3.3822115373459595e-05
de mais uma peça,3.3822115373459595e-05
fiscal compramos trocadores estamos,3.3822115373459595e-05
apenas itens da nota,3.3822115373459595e-05
mais uma peça do,3.3822115373459595e-05
peça do pedido ficou,3.3822115373459595e-05
faltando uma na cor,3.3822115373459595e-05
trocadores estamos no aguardo,3.3822115373459595e-05
ficou faltando uma na,3.3822115373459595e-05
uma peça do pedido,3.3822115373459595e-05
no aguardo de mais,3.3822115373459595e-05
do pedido ficou faltando,3.3822115373459595e-05
estamos no aguardo de,3.3822115373459595e-05
recebi apenas itens da,3.3822115373459595e-05
da nota fiscal compramos,3.3822115373459595e-05
compramos trocadores estamos no,3.3822115373459595e-05
aguardo de mais uma,3.3822115373459595e-05
uma na cor amarela,3.3822115373459595e-05
sofá de,4.2495930706707685e-05
envios,4.678340743001582e-05
não sai,5.214572381704301e-05
gostei porém,6.323165821849472e-05
produto pois pela,3.985956851156724e-05
não fui informada,5.183534881122621e-05
quente,8.409580589954058e-05
para cliente,5.569006989006278e-05
meu carro,5.601362240456142e-05
que pedi veio,4.858895659434282e-05
gaveteiro,5.8681867403353994e-05
embora produto,4.5735098505060115e-05
informava que,4.258552608550354e-05
não dá para,4.252395757252502e-05
no outro dia,5.720932041421235e-05
reputação,5.5231549125557986e-05
02 até 16 03,3.363791885130832e-05
deveríamos dar isto desonestos,3.363791885130832e-05
foi efetuada em 30,3.363791885130832e-05
em 05 02 até,3.363791885130832e-05
01 emissão da nota,3.363791885130832e-05
mercadoria que avaliação deveríamos,3.363791885130832e-05
isto desonestos ineficientes etc,3.363791885130832e-05
03 ainda não recebemos,3.363791885130832e-05
em 30 01 emissão,3.363791885130832e-05
dar isto desonestos ineficientes,3.363791885130832e-05
emitida em 05 02,3.363791885130832e-05
30 01 emissão da,3.363791885130832e-05
que avaliação deveríamos dar,3.363791885130832e-05
compra foi efetuada em,3.363791885130832e-05
não recebemos mercadoria que,3.363791885130832e-05
05 02 até 16,3.363791885130832e-05
recebemos mercadoria que avaliação,3.363791885130832e-05
avaliação deveríamos dar isto,3.363791885130832e-05
efetuada em 30 01,3.363791885130832e-05
ainda não recebemos mercadoria,3.363791885130832e-05
desonestos ineficientes etc et,3.363791885130832e-05
até 16 03 ainda,3.363791885130832e-05
fiscal emitida em 05,3.363791885130832e-05
ter opção de,5.871135333198362e-05
esta na,6.224917495836403e-05
veio solto,7.002365030805818e-05
qualidade 100,6.0457667654774376e-05
ao tentar,4.130636486493087e-05
lojas que,6.465167296540117e-05
foi problemas nos correios,3.3579651013665114e-05
do baratheon para que,3.3579651013665114e-05
estão fazendo uma confusão,3.3579651013665114e-05
eu receba que está,3.3579651013665114e-05
sem nota fiscal não,3.3579651013665114e-05
de ajuda do baratheon,3.3579651013665114e-05
almofadas só vieram sem,3.3579651013665114e-05
para que eu receba,3.3579651013665114e-05
fazendo uma confusão cos,3.3579651013665114e-05
também estão fazendo uma,3.3579651013665114e-05
fiscal não sei se,3.3579651013665114e-05
sei se foi problemas,3.3579651013665114e-05
correios preciso de ajuda,3.3579651013665114e-05
preciso de ajuda do,3.3579651013665114e-05
receba que está faltando,3.3579651013665114e-05
só vieram sem nota,3.3579651013665114e-05
que eu receba que,3.3579651013665114e-05
se foi problemas nos,3.3579651013665114e-05
que está faltando também,3.3579651013665114e-05
faltando também estão fazendo,3.3579651013665114e-05
pedi almofadas só vieram,3.3579651013665114e-05
está faltando também estão,3.3579651013665114e-05
problemas nos correios preciso,3.3579651013665114e-05
baratheon para que eu,3.3579651013665114e-05
vieram sem nota fiscal,3.3579651013665114e-05
nota fiscal não sei,3.3579651013665114e-05
nos correios preciso de,3.3579651013665114e-05
mas foi entregue,8.693982523603531e-05
avariada,4.888943893140444e-05
bem fino,5.5054633240966186e-05
mas não vou,4.5911840326117326e-05
ao receber produto,4.8229333729058584e-05
descolado,5.1609944725887e-05
conseguiu,5.62840353212691e-05
mas acho que,9.242201153076415e-05
mais firme,5.4981142510362846e-05
os meus produtos,5.1108731409930545e-05
incompatibilidade,5.2187343828142485e-05
massageador,7.104258164466566e-05
residência produto,4.404960268774551e-05
precisa ser,6.724788491009027e-05
num papel,4.2010609359032545e-05
tentando comprar,4.263783395035077e-05
chegaram um,5.51864810922552e-05
em 12,4.172307423426415e-05
uma compra com,4.3283344676082745e-05
para dar uma,4.168892752689463e-05
código para,5.158326855104151e-05
comprei produtos no,4.774398335520357e-05
contato com baratheon,4.708852378016839e-05
frete tive que ir,4.902875138781277e-05
desconto,9.824516748113105e-05
que constam que foram,3.327549898338524e-05
momento não fui respondida,3.327549898338524e-05
sendo que constam que,3.327549898338524e-05
enviei mail para lannister,3.327549898338524e-05
foram entregues na nota,3.327549898338524e-05
recebi apenas sendo que,3.327549898338524e-05
que foram entregues na,3.327549898338524e-05
presente momento não fui,3.327549898338524e-05
na nota fiscal enviei,3.327549898338524e-05
apenas sendo que constam,3.327549898338524e-05
nota fiscal enviei mail,3.327549898338524e-05
para lannister até presente,3.327549898338524e-05
fiscal enviei mail para,3.327549898338524e-05
entregues na nota fiscal,3.327549898338524e-05
não fui respondida aguardo,3.327549898338524e-05
fui respondida aguardo solução,3.327549898338524e-05
produtos recebi apenas sendo,3.327549898338524e-05
placas de,4.402683206407325e-05
correio quando,4.3491492834030565e-05
com que comprei,4.0141979714656204e-05
no site estou,4.820373995814791e-05
pedido no mesmo dia,3.9317897425293024e-05
cartas,6.517594188337574e-05
realizei uma compra,3.96543141814572e-05
sendo um,5.75416085562801e-05
que os correios,7.972377991444747e-05
único produto que,4.823078368419593e-05
recebi apenas ficaram faltando,3.3078202569115654e-05
ou vão reenviar produto,3.3078202569115654e-05
valor ou vão reenviar,3.3078202569115654e-05
no qual recebi apenas,3.3078202569115654e-05
cobertores de microfibra no,3.3078202569115654e-05
qual recebi apenas ficaram,3.3078202569115654e-05
microfibra no qual recebi,3.3078202569115654e-05
vão fazer estorno do,3.3078202569115654e-05
faltando gostaria de saber,3.3078202569115654e-05
apenas ficaram faltando gostaria,3.3078202569115654e-05
ficaram faltando gostaria de,3.3078202569115654e-05
de microfibra no qual,3.3078202569115654e-05
comprei cobertores de microfibra,3.3078202569115654e-05
saber se vão fazer,3.3078202569115654e-05
fazer estorno do valor,3.3078202569115654e-05
do valor ou vão,3.3078202569115654e-05
se vão fazer estorno,3.3078202569115654e-05
só não gostei da,5.8230643889058035e-05
garantia estendida,5.4504908900608997e-05
esse foi,5.483383663415608e-05
loja espero que,5.1590741399865314e-05
tamanho certo,6.44186207766201e-05
na minha compra,4.0638093176046915e-05
mais de uma semana,6.455902420952627e-05
gratis,4.796355974132739e-05
entrega prazo,8.077677430401124e-05
cadeira de,5.018123060251509e-05
que viria,5.629934993190807e-05
satisfatorio,7.104579680821542e-05
não vou trocar,5.654600746064394e-05
sempre comprei no site,4.6523640026106855e-05
dos três itens,4.0012350652892426e-05
dia 09 02,3.9121667848703355e-05
mais veio,8.0019501042614e-05
efetuar compra,7.61703527411175e-05
apresentava,4.890608417143815e-05
de um produto que,4.1325246802209605e-05
pra saber se,4.694721839073695e-05
está no site,4.220165545575691e-05
ainda não recebi todos,5.567361719263023e-05
parte interna,5.442529393911706e-05
de teste,6.455266185138499e-05
quero receber que,4.337707267737417e-05
fui comprar,4.526863366394335e-05
está sendo muito,4.1109814428070796e-05
para natal,4.3020114423049863e-05
bebedouro,0.00011315372506810409
de greve,5.6166403096270234e-05
não estou satisfeita pois,4.439372337164965e-05
240 capsulas de 500,3.26363395130584e-05
cloreto de magnésio pa,3.26363395130584e-05
kits já reclamei no,3.26363395130584e-05
pa 240 capsulas de,3.26363395130584e-05
de magnésio pa 240,3.26363395130584e-05
chegaram apenas kits em,3.26363395130584e-05
restam chegar ainda kits,3.26363395130584e-05
já reclamei no site,3.26363395130584e-05
em embalagens distintas restam,3.26363395130584e-05
distintas restam chegar ainda,3.26363395130584e-05
mg chegaram apenas kits,3.26363395130584e-05
kits em embalagens distintas,3.26363395130584e-05
embalagens distintas restam chegar,3.26363395130584e-05
comprei kits de cloreto,3.26363395130584e-05
magnésio pa 240 capsulas,3.26363395130584e-05
ainda kits já reclamei,3.26363395130584e-05
capsulas de 500 mg,3.26363395130584e-05
500 mg chegaram apenas,3.26363395130584e-05
reclamei no site mas,3.26363395130584e-05
chegar ainda kits já,3.26363395130584e-05
de 500 mg chegaram,3.26363395130584e-05
site mas ainda não,3.26363395130584e-05
apenas kits em embalagens,3.26363395130584e-05
kits de cloreto de,3.26363395130584e-05
somente estou,5.656581479838413e-05
pq minha,4.0832354865507955e-05
poderia ter sido,6.704901390201626e-05
pela segunda vez,5.197757082205361e-05
casa eu,4.370343562532201e-05
os mesmos,4.539253130000694e-05
achei entrega,6.396044051553581e-05
que produto que,4.1317569358279406e-05
20 04,3.837392801688566e-05
um dia antes,4.927355025479432e-05
referente aos,3.942076045060442e-05
com muita facilidade,4.976031907215877e-05
em receber produto,5.5655597806407026e-05
em um prazo menor,4.636358127466558e-05
geralmente,6.276503529553712e-05
de até,6.0593499748157286e-05
embalagem para,5.765823484472074e-05
necessário,0.00014856558294520673
dia 10 10,4.0889108107920796e-05
integralmente,4.622253531962075e-05
satisfação por,5.054479514567389e-05
móvel,7.80981237634111e-05
um produto novo,3.909057539776708e-05
as mesmas,5.37517892860143e-05
entregar até,4.7298773383819896e-05
produto veio todo,6.0319880186936435e-05
do mesmo fornecedor,4.08980159802404e-05
as instruções,4.8567343330053065e-05
do frete de,3.8808272888601776e-05
não veio com manual,4.6645386427781644e-05
da demora na,4.9111129329360214e-05
nenhuma avaliação,4.651643746936509e-05
200,4.9817310176526425e-05
tentativas de,4.6454056045415026e-05
casa para receber,4.1894632527166626e-05
produtos pelo,6.714375132516666e-05
onde fica,4.929631735643861e-05
acabei comprando,5.100094443116272e-05
preço pago,5.97844116723882e-05
em 03,5.44351292467558e-05
residência tive que,3.9300666061400336e-05
no dia da,4.364327161944039e-05
de retirada,4.3094996861038856e-05
onde produto,5.448504457586386e-05
frete tive que buscar,3.7590793277194575e-05
entregue fora do prazo,6.0801307476398566e-05
para com os clientes,4.527440300528134e-05
uma panela,5.637161154666072e-05
valores,8.372047779786038e-05
ter mais cuidado,4.7694606215275286e-05
colocaram que,4.407344630720529e-05
recebi mail de,3.860320664635542e-05
site para,0.0001318737401085229
bonita mas,9.597444570199326e-05
chegou no prazo mas,6.352851701061355e-05
só entregou até agora,3.1920559521683515e-05
bola esfera alumínio 34cm,3.1920559521683515e-05
meia lua meia bola,3.1920559521683515e-05
02 lustres pendente meia,3.1920559521683515e-05
dos lustres que comprei,3.1920559521683515e-05
esfera alumínio 34cm escovado,3.1920559521683515e-05
agora dos lustres que,3.1920559521683515e-05
meia bola esfera alumínio,3.1920559521683515e-05
ainda não recebi 02,3.1920559521683515e-05
escovado correios só entregou,3.1920559521683515e-05
hoje dia 02 08,3.1920559521683515e-05
08 2017 quarta feira,3.1920559521683515e-05
lua meia bola esfera,3.1920559521683515e-05
feira informo que ainda,3.1920559521683515e-05
entregou até agora dos,3.1920559521683515e-05
recebi 02 lustres pendente,3.1920559521683515e-05
2017 quarta feira informo,3.1920559521683515e-05
alumínio 34cm escovado correios,3.1920559521683515e-05
informo que ainda não,3.1920559521683515e-05
lustres pendente meia lua,3.1920559521683515e-05
quarta feira informo que,3.1920559521683515e-05
até agora dos lustres,3.1920559521683515e-05
correios só entregou até,3.1920559521683515e-05
dia 02 08 2017,3.1920559521683515e-05
34cm escovado correios só,3.1920559521683515e-05
pendente meia lua meia,3.1920559521683515e-05
02 08 2017 quarta,3.1920559521683515e-05
não recebi 02 lustres,3.1920559521683515e-05
mas era,4.687455734607638e-05
acho que não,6.184109568227115e-05
933xl cian 932xl preto,3.185340324787086e-05
contendo 01 um cartucho,3.185340324787086e-05
932xl preto ambos originais,3.185340324787086e-05
nos descritivos 03 unidades,3.185340324787086e-05
pacotes contendo 01 um,3.185340324787086e-05
lannister os cartuchos 933xl,3.185340324787086e-05
unidades de cada cor,3.185340324787086e-05
cor recebi pacotes contendo,3.185340324787086e-05
os cartuchos 933xl cian,3.185340324787086e-05
03 unidades de cada,3.185340324787086e-05
recebi pacotes contendo 01,3.185340324787086e-05
em cada não originais,3.185340324787086e-05
no site lannister os,3.185340324787086e-05
ambos originais hp nos,3.185340324787086e-05
cartuchos 933xl cian 932xl,3.185340324787086e-05
cada cor recebi pacotes,3.185340324787086e-05
cian 932xl preto ambos,3.185340324787086e-05
cartucho cian em cada,3.185340324787086e-05
cian em cada não,3.185340324787086e-05
site lannister os cartuchos,3.185340324787086e-05
originais hp nos descritivos,3.185340324787086e-05
descritivos 03 unidades de,3.185340324787086e-05
hp nos descritivos 03,3.185340324787086e-05
de cada cor recebi,3.185340324787086e-05
preto ambos originais hp,3.185340324787086e-05
01 um cartucho cian,3.185340324787086e-05
adquiri no site lannister,3.185340324787086e-05
um cartucho cian em,3.185340324787086e-05
embalagens adequadas,4.242550598107876e-05
tinha que fazer uma,3.181925963718865e-05
de produtos mas so,3.181925963718865e-05
tinha enviado os pois,3.181925963718865e-05
enviado os pois ele,3.181925963718865e-05
foi ate atencioso falou,3.181925963718865e-05
nota fiscal de produtos,3.181925963718865e-05
que fazer uma encomenda,3.181925963718865e-05
falou que tinha que,3.181925963718865e-05
produtos mas so entregaram,3.181925963718865e-05
que tinha que fazer,3.181925963718865e-05
falou que tinha enviado,3.181925963718865e-05
mas so entregaram liguei,3.181925963718865e-05
que tinha enviado os,3.181925963718865e-05
atencioso falou que tinha,3.181925963718865e-05
pois ele falou que,3.181925963718865e-05
fiscal de produtos mas,3.181925963718865e-05
ele falou que tinha,3.181925963718865e-05
caixa para cada vidro,3.181925963718865e-05
os pois ele falou,3.181925963718865e-05
encomenda caixa para cada,3.181925963718865e-05
fazer uma encomenda caixa,3.181925963718865e-05
para lojista foi ate,3.181925963718865e-05
ate atencioso falou que,3.181925963718865e-05
entregaram liguei para lojista,3.181925963718865e-05
so entregaram liguei para,3.181925963718865e-05
lojista foi ate atencioso,3.181925963718865e-05
uma encomenda caixa para,3.181925963718865e-05
liguei para lojista foi,3.181925963718865e-05
ilustração,5.877980730321327e-05
loja pois eu,3.965915110455295e-05
não posso ficar,5.0387814970190525e-05
sendo que já,4.829749521355236e-05
foram entregues os kits,3.170581408356863e-05
veio incompleto preciso desses,3.170581408356863e-05
13 09 kits nao,3.170581408356863e-05
dia ja fiz duas,3.170581408356863e-05
kits ate dia 25,3.170581408356863e-05
comprei pedido veio incompleto,3.170581408356863e-05
duas reclamações ainda nao,3.170581408356863e-05
fiz duas reclamações ainda,3.170581408356863e-05
que comprei pedido veio,3.170581408356863e-05
pedido veio incompleto preciso,3.170581408356863e-05
os kits que comprei,3.170581408356863e-05
ainda nao fui respondida,3.170581408356863e-05
no dia 13 09,3.170581408356863e-05
ja fiz duas reclamações,3.170581408356863e-05
respondida recebi no dia,3.170581408356863e-05
fui respondida recebi no,3.170581408356863e-05
incompleto preciso desses kits,3.170581408356863e-05
09 kits nao foram,3.170581408356863e-05
entregues os kits que,3.170581408356863e-05
ate dia 25 09,3.170581408356863e-05
preciso desses kits ate,3.170581408356863e-05
nao fui respondida recebi,3.170581408356863e-05
recebi no dia 13,3.170581408356863e-05
nao foram entregues os,3.170581408356863e-05
desses kits ate dia,3.170581408356863e-05
kits que comprei pedido,3.170581408356863e-05
bom dia ja fiz,3.170581408356863e-05
reclamações ainda nao fui,3.170581408356863e-05
kits nao foram entregues,3.170581408356863e-05
dia 13 09 kits,3.170581408356863e-05
de verificar,4.5655337295154124e-05
tenho que buscar,4.580370659846428e-05
muito bonito porém,5.786301914217002e-05
que prazo era,4.679137046838143e-05
da samsung,5.500848727864676e-05
exatamente como imaginei,4.7324201743683374e-05
uma compra no,3.8543007834042124e-05
produto comprado por,4.356952483431244e-05
entrega fui,4.790307690875078e-05
ficou com,4.0251874129198304e-05
feriado,6.236102266092069e-05
22 12,4.6435596593214614e-05
cobre toda,4.412080960237512e-05
envio de,7.481990494559416e-05
que fiz uma compra,3.9277098799480116e-05
que foto,6.519857349016354e-05
olá produto,5.725473129933036e-05
abril recebi,3.702466955137691e-05
chegou na data prevista,5.3862871676549314e-05
com relógio,4.506330576428268e-05
tesoura de,4.8181066211379754e-05
nunca tive problema com,5.3122789192221065e-05
com selo do,4.140245488382048e-05
como usar,5.672407595693324e-05
entregou todo,4.183421739596742e-05
parte dos ítens comprados,3.1333331057731596e-05
pérola faltaram as unidades,3.1333331057731596e-05
apenas unidades do kit,3.1333331057731596e-05
cor pérola faltaram as,3.1333331057731596e-05
recebi parte dos ítens,3.1333331057731596e-05
kit na cor preta,3.1333331057731596e-05
faltaram as unidades do,3.1333331057731596e-05
na cor pérola faltaram,3.1333331057731596e-05
comprados apenas unidades do,3.1333331057731596e-05
kit na cor pérola,3.1333331057731596e-05
ítens comprados apenas unidades,3.1333331057731596e-05
dos ítens comprados apenas,3.1333331057731596e-05
do rastreamento,4.5454672832299616e-05
tive ir buscar,5.1812719443790144e-05
descrito unidades já entrei,3.1240405434427275e-05
comprei unidades porém veio,3.1240405434427275e-05
entrega dos demais itens,3.1240405434427275e-05
sendo que nota fiscal,3.1240405434427275e-05
nota fiscal que acompanhou,3.1240405434427275e-05
que nota fiscal que,3.1240405434427275e-05
estou esperando uma solução,3.1240405434427275e-05
apenas sendo que nota,3.1240405434427275e-05
fiscal que acompanhou veio,3.1240405434427275e-05
unidades porém veio apenas,3.1240405434427275e-05
porém veio apenas sendo,3.1240405434427275e-05
acompanhou veio descrito unidades,3.1240405434427275e-05
esperando uma solução entrega,3.1240405434427275e-05
veio descrito unidades já,3.1240405434427275e-05
solução entrega dos demais,3.1240405434427275e-05
lannister estou esperando uma,3.1240405434427275e-05
uma solução entrega dos,3.1240405434427275e-05
veio apenas sendo que,3.1240405434427275e-05
com lannister estou esperando,3.1240405434427275e-05
que acompanhou veio descrito,3.1240405434427275e-05
trabalham,6.194814524033495e-05
mesmo foi entregue,5.567260548174693e-05
celular para,5.173141509651592e-05
black com cerdas pretas,3.116706711602598e-05
escovas de dentes black,3.116706711602598e-05
não são black são,3.116706711602598e-05
absurdo fui roubada incompleto,3.116706711602598e-05
são coloridas vermelha roxa,3.116706711602598e-05
são black são coloridas,3.116706711602598e-05
apenas não são black,3.116706711602598e-05
de dentes black com,3.116706711602598e-05
black são coloridas vermelha,3.116706711602598e-05
pretas recebi apenas não,3.116706711602598e-05
dentes black com cerdas,3.116706711602598e-05
recebi apenas não são,3.116706711602598e-05
coloridas vermelha roxa um,3.116706711602598e-05
cerdas pretas recebi apenas,3.116706711602598e-05
roxa um absurdo fui,3.116706711602598e-05
comprei escovas de dentes,3.116706711602598e-05
fui roubada incompleto errado,3.116706711602598e-05
vermelha roxa um absurdo,3.116706711602598e-05
um absurdo fui roubada,3.116706711602598e-05
com cerdas pretas recebi,3.116706711602598e-05
por ser um produto,5.175825206478142e-05
dos fones,4.9616432053294014e-05
quase 20 dias,5.5843854136655915e-05
do que mostrados na,3.113128056696018e-05
uma notificação estamos aguardando,3.113128056696018e-05
descrição nas imagens uma,3.113128056696018e-05
esta com problema fizemos,3.113128056696018e-05
do prazo mas recebi,3.113128056696018e-05
na descrição nas imagens,3.113128056696018e-05
uma das lampadas esta,3.113128056696018e-05
com problema fizemos uma,3.113128056696018e-05
nas imagens uma das,3.113128056696018e-05
lampadas esta com problema,3.113128056696018e-05
problema fizemos uma notificação,3.113128056696018e-05
mostrados na descrição nas,3.113128056696018e-05
diferente do que mostrados,3.113128056696018e-05
fizemos uma notificação estamos,3.113128056696018e-05
prazo mas recebi um,3.113128056696018e-05
notificação estamos aguardando retorn,3.113128056696018e-05
imagens uma das lampadas,3.113128056696018e-05
que mostrados na descrição,3.113128056696018e-05
das lampadas esta com,3.113128056696018e-05
mas recebi um produto,3.113128056696018e-05
esse travesseiro,3.806466643850638e-05
medidas do,5.117992211991789e-05
foi que eu esperava,8.444925643072728e-05
clareza,6.949595460394687e-05
um produto com valor,4.135218338726625e-05
foi entregue os dois,4.9632946181367484e-05
das demais,4.7030564952012915e-05
unidades recebemos,5.6106278718231906e-05
entrega foi entregue,5.602276715215288e-05
estampas,5.952876743452103e-05
produto mas foi,4.865385098462695e-05
enviado na,4.4927400991366866e-05
de um retorno urgente,4.721166027608493e-05
dos correios pra,4.026568024076826e-05
ele nao,4.789950938496765e-05
entrega poderia ser mais,8.398143978770123e-05
indicação,7.150537261133241e-05
já solicitei cancelamento,3.738853300489587e-05
produto após,5.981491142306805e-05
1a,4.7078267755199826e-05
prestar mais atenção,5.0675268348827566e-05
eu acho que,6.901223644225435e-05
entrega além disso entrega,3.0837715525603174e-05
na entrega além disso,3.0837715525603174e-05
forma educada minha avaliação,3.0837715525603174e-05
colorido insatisfação que define,3.0837715525603174e-05
cartucho de tinta colorido,3.0837715525603174e-05
insatisfação que define de,3.0837715525603174e-05
atrasou demais na entrega,3.0837715525603174e-05
de tinta colorido insatisfação,3.0837715525603174e-05
completa pois faltou um,3.0837715525603174e-05
tinta colorido insatisfação que,3.0837715525603174e-05
define de forma educada,3.0837715525603174e-05
além disso entrega não,3.0837715525603174e-05
que define de forma,3.0837715525603174e-05
demais na entrega além,3.0837715525603174e-05
foi completa pois faltou,3.0837715525603174e-05
não foi completa pois,3.0837715525603174e-05
disso entrega não foi,3.0837715525603174e-05
pois faltou um cartucho,3.0837715525603174e-05
de forma educada minha,3.0837715525603174e-05
faltou um cartucho de,3.0837715525603174e-05
produto atrasou demais na,3.0837715525603174e-05
no celular,9.085553992694913e-05
um barulho,4.557874865272137e-05
foi um pouco,4.5003298340852364e-05
produto deu,5.537979803267009e-05
cinco dias,4.569791205619416e-05
totalmente quebrado,4.667119913667778e-05
dois na,4.135676547533335e-05
caixa chegou,7.006052486073023e-05
este foi,5.577041733592946e-05
sem manual de,4.417256655096384e-05
ponto de,4.9947003484929896e-05
com tres,5.506701309240773e-05
pois são,7.853385591387866e-05
rádio,0.0001051348079781423
mais alto,6.264848123744926e-05
mais muito,7.570469686218337e-05
chegaram dentro do prazo,4.880544553469621e-05
utilização,8.140854474481828e-05
enviado em,5.526076204360808e-05
indicou,5.324798944902144e-05
aguardando pois ainda,5.0307258353350335e-05
corresponde às,5.725579271919658e-05
porém veio na,5.2152623622891796e-05
fica bem,7.138702357946771e-05
cadeirinha,5.385196415366367e-05
espero que meu,4.168449787060016e-05
olho,5.187557268301046e-05
produto do cabelo matizador,3.0390556179489137e-05
correios sem contar que,3.0390556179489137e-05
agora nao tive resposta,3.0390556179489137e-05
devoluçao de ate agora,3.0390556179489137e-05
solicitei devoluçao de ate,3.0390556179489137e-05
ate agora nao tive,3.0390556179489137e-05
tive resposta pra fazer,3.0390556179489137e-05
que nao recebi meu,3.0390556179489137e-05
contar que nao recebi,3.0390556179489137e-05
de rodinhas solicitei devoluçao,3.0390556179489137e-05
de ate agora nao,3.0390556179489137e-05
sem contar que nao,3.0390556179489137e-05
mochilas de rodinhas solicitei,3.0390556179489137e-05
fazer postagem pros correios,3.0390556179489137e-05
pra fazer postagem pros,3.0390556179489137e-05
nao tive resposta pra,3.0390556179489137e-05
meu produto do cabelo,3.0390556179489137e-05
rodinhas solicitei devoluçao de,3.0390556179489137e-05
comprei mochilas de rodinhas,3.0390556179489137e-05
recebi meu produto do,3.0390556179489137e-05
resposta pra fazer postagem,3.0390556179489137e-05
postagem pros correios sem,3.0390556179489137e-05
pros correios sem contar,3.0390556179489137e-05
rebarbas,6.671297775961364e-05
para que não,4.1148119334546056e-05
sozinha,4.366989879894488e-05
de tv,5.802423857164913e-05
ser de uma,4.183545231053024e-05
entregou pedido,8.083710845757515e-05
problema pq,5.2560552941403736e-05
estoque para,4.274830015760967e-05
grande do,4.8123478275723415e-05
um produto porém,4.573790096803995e-05
espero não ter,5.62246213146037e-05
que fazem,6.200550917399793e-05
cadastro,5.224090294755097e-05
pareciam,4.9888051132602676e-05
do produto ja,4.069699525949924e-05
ainda veio com,8.163693527557468e-05
veio funcionando,6.273277283817542e-05
um com nota,4.6430119905229904e-05
compra foi um,4.592249764502364e-05
na mesma data,4.5047444752173245e-05
hoje ainda não,4.385146494576196e-05
recomendo pois produto,5.3104978062660306e-05
baixo mas,6.648531002807667e-05
mandem,3.915737021999506e-05
ja faz um,4.00333172167499e-05
eu recebi os,6.603543856200888e-05
uma delas veio,4.235570576047829e-05
ter ir,4.342491350498317e-05
cliente se,4.874626439448512e-05
recebi produto que pedi,5.393394816036765e-05
pelo fato de,6.395186575831377e-05
pedido só recebi,3.553959051256187e-05
não posso dar,4.7891034510566875e-05
chegou na caixa,3.7187006277494714e-05
duas araras,4.047849268300996e-05
que celular,5.055743613031033e-05
do mesmo pedido,5.486724635784485e-05
mas agora,5.9832283676099666e-05
espero receber em,3.859464959302978e-05
oficial,5.11353704687563e-05
medidas que,4.4914403249344646e-05
procurei,5.1751349709662914e-05
parece ter,4.487475041870006e-05
do carrinho,4.4119027291176e-05
bem frágil,5.1661669450019256e-05
acende,4.983584943139585e-05
colocar na,4.4890987170933836e-05
sem falar que,4.899455734955813e-05
que recebi os dois,4.1640301176541214e-05
entrega fosse,6.350790433075164e-05
crer que,5.7933546603820314e-05
que era um,4.3242190804367596e-05
produto ao,6.417285574592668e-05
poderia melhorar,8.036945643521187e-05
vendendor,6.0708495551996724e-05
qualidade pelo,4.60252370451223e-05
dois prudutos,4.428800141376674e-05
mas recebi em,3.730314497804201e-05
visualização,4.5204673799095847e-05
cor preta veio,4.513095599266688e-05
para retirar produto,5.3544391133888123e-05
mais breve possível,4.3026020598475614e-05
aconteceu antes,4.554558687096179e-05
de capas,3.691966412313672e-05
mais fácil,5.601137011218116e-05
só recebi por,5.0798182844480805e-05
foi possível,4.6970358621126196e-05
porem foi,6.026979431676659e-05
qualidade já,5.4797557899821905e-05
produto em tempo,5.360052927190149e-05
igual original mas nao,2.9295431040581662e-05
mostra nome da marca,2.9295431040581662e-05
original caixa igual original,2.9295431040581662e-05
de forma nao padrao,2.9295431040581662e-05
nome da marca caixa,2.9295431040581662e-05
falso nao mostra nome,2.9295431040581662e-05
mas nao celo orográfico,2.9295431040581662e-05
nao lacrada fui enganado,2.9295431040581662e-05
celo orográfico falso nao,2.9295431040581662e-05
caixa igual original mas,2.9295431040581662e-05
da marca caixa nao,2.9295431040581662e-05
padrao de original caixa,2.9295431040581662e-05
nao padrao de original,2.9295431040581662e-05
embalado de forma nao,2.9295431040581662e-05
nao mostra nome da,2.9295431040581662e-05
caixa nao lacrada fui,2.9295431040581662e-05
foi embalado de forma,2.9295431040581662e-05
original mas nao celo,2.9295431040581662e-05
forma nao padrao de,2.9295431040581662e-05
marca caixa nao lacrada,2.9295431040581662e-05
de original caixa igual,2.9295431040581662e-05
nao celo orográfico falso,2.9295431040581662e-05
orográfico falso nao mostra,2.9295431040581662e-05
rastrear produto,4.649947065227013e-05
produto foi devolvido,4.774745370862618e-05
facil de comprar,5.8213059801281236e-05
cabo que,4.5626301451257524e-05
lannister em,4.725193742322807e-05
recebi um frete caro,2.9255892517461437e-05
status do pedido pedido,2.9255892517461437e-05
recebi colar pior que,2.9255892517461437e-05
só recebi um frete,2.9255892517461437e-05
que consta no status,2.9255892517461437e-05
pedido entregue sendo que,2.9255892517461437e-05
presente só recebi colar,2.9255892517461437e-05
todos para dar de,2.9255892517461437e-05
consta no status do,2.9255892517461437e-05
pedi pulseiras colares todos,2.9255892517461437e-05
pedido pedido entregue sendo,2.9255892517461437e-05
caro não veio os,2.9255892517461437e-05
do pedido pedido entregue,2.9255892517461437e-05
de presente só recebi,2.9255892517461437e-05
dar de presente só,2.9255892517461437e-05
só recebi colar pior,2.9255892517461437e-05
frete caro não veio,2.9255892517461437e-05
colar pior que consta,2.9255892517461437e-05
colares todos para dar,2.9255892517461437e-05
pulseiras colares todos para,2.9255892517461437e-05
não veio os produtos,2.9255892517461437e-05
entregue sendo que só,2.9255892517461437e-05
de agosto,6.12010488758357e-05
escrito kit com shampoo,2.9211945745341455e-05
simplesmente revoltada com lannister,2.9211945745341455e-05
antirresíduos redutor de volume,2.9211945745341455e-05
comprei este produto na,2.9211945745341455e-05
produto na informaçoes do,2.9211945745341455e-05
kit com shampoo antirresíduos,2.9211945745341455e-05
na informaçoes do produto,2.9211945745341455e-05
de volume porém só,2.9211945745341455e-05
com lannister comprei este,2.9211945745341455e-05
porém só veio passo,2.9211945745341455e-05
lannister comprei este produto,2.9211945745341455e-05
produto esta escrito kit,2.9211945745341455e-05
informaçoes do produto esta,2.9211945745341455e-05
redutor de volume porém,2.9211945745341455e-05
só veio passo procon,2.9211945745341455e-05
revoltada com lannister comprei,2.9211945745341455e-05
do produto esta escrito,2.9211945745341455e-05
com shampoo antirresíduos redutor,2.9211945745341455e-05
veio passo procon com,2.9211945745341455e-05
esta escrito kit com,2.9211945745341455e-05
passo procon com certeza,2.9211945745341455e-05
shampoo antirresíduos redutor de,2.9211945745341455e-05
volume porém só veio,2.9211945745341455e-05
estou simplesmente revoltada com,2.9211945745341455e-05
este produto na informaçoes,2.9211945745341455e-05
devolução porque,4.506402855162685e-05
demora que,4.906567060563983e-05
em 19,4.2326897403561626e-05
conectores,5.1918638491613666e-05
valor na,4.81917046417478e-05
celular não,5.309235119881471e-05
que fiz compra efetuei,3.568003724772861e-05
fiz compra efetuei pagamento,3.568003724772861e-05
enviado com,6.408945370871281e-05
pedido era de,4.339176408838357e-05
comprei achando que,5.264638084035568e-05
problemas com lannister,4.4420197550732966e-05
quanto loja,6.0835534254535424e-05
porém loja,4.466975275861409e-05
qualidade um,5.8293832642156624e-05
na nota fiscal estava,3.890727061253211e-05
contratar,4.69130746515971e-05
agencias,4.147407637098153e-05
será muito,5.53069123688721e-05
rastreamento que,4.67345260427205e-05
que tomar,4.3913097163699244e-05
parceiros de,6.178540769736744e-05
com um pouco de,5.439187567296719e-05
possivel gravíssimo transporte sem,2.8926886774716728e-05
transporte sem nota fiscal,2.8926886774716728e-05
como isso possivel gravíssimo,2.8926886774716728e-05
imprimir preciso das notas,2.8926886774716728e-05
recebemos as notas dos,2.8926886774716728e-05
isso possivel gravíssimo transporte,2.8926886774716728e-05
fiscal cliente fica sem,2.8926886774716728e-05
gravíssimo transporte sem nota,2.8926886774716728e-05
possível imprimir preciso das,2.8926886774716728e-05
sem nota fiscal cliente,2.8926886774716728e-05
não possível imprimir preciso,2.8926886774716728e-05
cliente fica sem garantias,2.8926886774716728e-05
garantias no site do,2.8926886774716728e-05
produtos como isso possivel,2.8926886774716728e-05
as notas dos produtos,2.8926886774716728e-05
nota fiscal cliente fica,2.8926886774716728e-05
dos produtos como isso,2.8926886774716728e-05
sem garantias no site,2.8926886774716728e-05
notas dos produtos como,2.8926886774716728e-05
stark não possível imprimir,2.8926886774716728e-05
não recebemos as notas,2.8926886774716728e-05
fica sem garantias no,2.8926886774716728e-05
do stark não possível,2.8926886774716728e-05
na ficha técnica,4.6913426518681e-05
um site confiável,4.717699410010369e-05
agora não tive resposta,6.246226034695775e-05
na agência do correio,4.1469742686261014e-05
receber produto na,4.359946975089408e-05
dia das mães,4.3743520153051685e-05
chegaram sem,5.0064660683914337e-05
vocês vão,4.1494509939307536e-05
saite,5.005164574650777e-05
mas dos,3.893515309974287e-05
porém foi entregue,4.7206214417274885e-05
partes não,5.02402951297074e-05
este aparelho,5.1570440395062787e-05
tive problemas com essa,3.7112414282341044e-05
quadros só,4.3943225739070194e-05
longa,7.111723310956715e-05
área de risco,5.567574443037642e-05
apenas mas,4.734762100144884e-05
meu pedido de,4.2369260800610085e-05
falta receber mais,3.702466955137691e-05
tábua,5.300004530850545e-05
do lugar,5.222117186826381e-05
ao preço,0.00010731318456880862
tapete para,4.588717746430343e-05
largo,4.6032179219259864e-05
imã,4.611891156072772e-05
eu havia pedido,4.280676678174755e-05
bem melhor,6.525597762294737e-05
mostrando,4.42619973833408e-05
botão de,4.524944615812053e-05
com ela,7.2239668649586e-05
baunilha,5.0008776096669e-05
entregue no prazo mas,5.0932931492384006e-05
mas em datas diferentes,2.846475348419095e-05
constava produtos entregues tirando,2.846475348419095e-05
isso foi tudo ok,2.846475348419095e-05
no site constava produtos,2.846475348419095e-05
unidade em outro dia,2.846475348419095e-05
em um dia unidade,2.846475348419095e-05
assim confusão pois no,2.846475348419095e-05
um dia unidade em,2.846475348419095e-05
em datas diferentes unidades,2.846475348419095e-05
prazo mas em datas,2.846475348419095e-05
em outro dia gerando,2.846475348419095e-05
entregues tirando isso foi,2.846475348419095e-05
site constava produtos entregues,2.846475348419095e-05
confusão pois no site,2.846475348419095e-05
produtos entregues tirando isso,2.846475348419095e-05
gerando assim confusão pois,2.846475348419095e-05
tirando isso foi tudo,2.846475348419095e-05
dia unidade em outro,2.846475348419095e-05
dia gerando assim confusão,2.846475348419095e-05
pois no site constava,2.846475348419095e-05
outro dia gerando assim,2.846475348419095e-05
datas diferentes unidades em,2.846475348419095e-05
diferentes unidades em um,2.846475348419095e-05
unidades em um dia,2.846475348419095e-05
para lojas,4.440710965175943e-05
comprei essa,4.4994298900444126e-05
primeira vez que fui,4.01186728220427e-05
falar com atendente,4.684396722627311e-05
ao fornecedor,4.7881947122125896e-05
precisão,6.174986370894031e-05
nao original nao fala,2.8372303825621422e-05
esse tipo de mercadoria,2.8372303825621422e-05
nao fala se replica,2.8372303825621422e-05
ou original comprei na,2.8372303825621422e-05
original nao fala se,2.8372303825621422e-05
que seria relogio nem,2.8372303825621422e-05
aprova dagua achei que,2.8372303825621422e-05
achando que seria relogio,2.8372303825621422e-05
produto nao original nao,2.8372303825621422e-05
replica ou original comprei,2.8372303825621422e-05
nem aprova dagua achei,2.8372303825621422e-05
original comprei na certeza,2.8372303825621422e-05
achei que lannister nao,2.8372303825621422e-05
seria relogio nem aprova,2.8372303825621422e-05
fala se replica ou,2.8372303825621422e-05
comprei na certeza achando,2.8372303825621422e-05
que lannister nao trabalhava,2.8372303825621422e-05
certeza achando que seria,2.8372303825621422e-05
trabalhava com esse tipo,2.8372303825621422e-05
relogio nem aprova dagua,2.8372303825621422e-05
dagua achei que lannister,2.8372303825621422e-05
se replica ou original,2.8372303825621422e-05
lannister nao trabalhava com,2.8372303825621422e-05
na certeza achando que,2.8372303825621422e-05
nao trabalhava com esse,2.8372303825621422e-05
desta forma,5.7296595761164524e-05
só gostaria de ter,3.643847982651599e-05
diz ser,4.8793128180371684e-05
ser entregue em,5.805334437892536e-05
claras,6.599857409588017e-05
que paguei frete,4.197825447411879e-05
modelo não,4.2914881764077955e-05
certo porém,5.73812905982551e-05
no segundo dia,4.423370117373597e-05
mostrado no site,8.452687110906865e-05
em algumas,4.5077058218782967e-05
uma agência dos correios,4.740230400685557e-05
pagamento do,6.796890633449427e-05
em casa um,3.928825735681785e-05
chegou para mim,4.945042309297551e-05
produto tem que,4.594234274212216e-05
espero ser,4.6079263902926513e-05
recebi em minha casa,3.730314497804201e-05
liquido,6.34984759133624e-05
do produto que comprei,6.608943680035272e-05
porém somente,4.6015377482013894e-05
correta faltou suporte de,2.7901397857628166e-05
p2 macho p10 femea,2.7901397857628166e-05
femea estereo microfone sendo,2.7901397857628166e-05
de peito cinta peitoral,2.7901397857628166e-05
conector p2 macho p10,2.7901397857628166e-05
com quantidade correta faltou,2.7901397857628166e-05
adaptador conector p2 macho,2.7901397857628166e-05
chegou com quantidade correta,2.7901397857628166e-05
quantidade correta faltou suporte,2.7901397857628166e-05
gopro go pro faltou,2.7901397857628166e-05
não chegou com quantidade,2.7901397857628166e-05
macho p10 femea estereo,2.7901397857628166e-05
para camera gopro go,2.7901397857628166e-05
faltou suporte de peito,2.7901397857628166e-05
peitoral para camera gopro,2.7901397857628166e-05
camera gopro go pro,2.7901397857628166e-05
suporte de peito cinta,2.7901397857628166e-05
faltou um adaptador conector,2.7901397857628166e-05
cinta peitoral para camera,2.7901397857628166e-05
um adaptador conector p2,2.7901397857628166e-05
pro faltou um adaptador,2.7901397857628166e-05
p10 femea estereo microfone,2.7901397857628166e-05
peito cinta peitoral para,2.7901397857628166e-05
pedido não chegou com,2.7901397857628166e-05
go pro faltou um,2.7901397857628166e-05
fornecedor do produto,4.5671006282236745e-05
recebi produto como,8.658060564648189e-05
que eu pensei,4.2215585423877325e-05
solucionar problema,5.8974369912806185e-05
só recebi dois estou,2.7823891583769393e-05
estou há dias da,2.7823891583769393e-05
tarde fiz uma compra,2.7823891583769393e-05
compra de unidades de,2.7823891583769393e-05
de iluminação para minha,2.7823891583769393e-05
boa tarde fiz uma,2.7823891583769393e-05
loja só recebi dois,2.7823891583769393e-05
recebi dois estou desesperado,2.7823891583769393e-05
uma compra de unidades,2.7823891583769393e-05
desesperado pois estou há,2.7823891583769393e-05
minha encomenda está incompl,2.7823891583769393e-05
há dias da inauguração,2.7823891583769393e-05
minha loja só recebi,2.7823891583769393e-05
da loja minha encomenda,2.7823891583769393e-05
meia de iluminação para,2.7823891583769393e-05
loja minha encomenda está,2.7823891583769393e-05
para minha loja só,2.7823891583769393e-05
de unidades de pendentes,2.7823891583769393e-05
estou desesperado pois estou,2.7823891583769393e-05
pois estou há dias,2.7823891583769393e-05
dois estou desesperado pois,2.7823891583769393e-05
inauguração da loja minha,2.7823891583769393e-05
unidades de pendentes meia,2.7823891583769393e-05
iluminação para minha loja,2.7823891583769393e-05
da inauguração da loja,2.7823891583769393e-05
pendentes meia de iluminação,2.7823891583769393e-05
de pendentes meia de,2.7823891583769393e-05
dias da inauguração da,2.7823891583769393e-05
mas até agora só,4.164227863853822e-05
acho que frete,4.293557298178926e-05
03 17,3.4299377998457064e-05
ser presente de,4.098722632959874e-05
um original,4.3862869923302374e-05
seria melhor,7.655036458826002e-05
agora minha,4.3043194455323155e-05
na lateral,5.633504178654663e-05
da foto no,4.683240265210371e-05
mas que,0.0001237128894865122
que deveria ter,5.6449689522142584e-05
não veio manual,4.500965051318217e-05
em uma única,5.146593222989068e-05
prazo quero,3.916324736278534e-05
targaryen chegou,4.0751496679234386e-05
não entregaram em,4.349356556715996e-05
avisou,5.088539601506985e-05
com umas,4.417056223252981e-05
porta chaves,5.9245189790312724e-05
tamanha,4.621281103112461e-05
melhorar embalagem,7.962924951594503e-05
comprar entrega rapida,5.731486350523967e-05
do produto meu,4.764368999832483e-05
antes minha,3.6100320232363837e-05
então tudo,4.5695774665890695e-05
próxima vez,4.408243562972947e-05
14 12,4.219640740504794e-05
porém ele,5.803941045154483e-05
no lannister com,4.3383930666763816e-05
quase trinta dias,5.157303852330586e-05
kit cobre leito,3.381686069353312e-05
dias de prazo,3.745976763372208e-05
tão pequeno,4.311335727694745e-05
mas um bom,4.336212234038807e-05
ao me colocarem nessa,2.741519598457791e-05
site lannister vendedor vêm,2.741519598457791e-05
rastreio tem no site,2.741519598457791e-05
me perguntar se recebi,2.741519598457791e-05
lannister vendedor vêm me,2.741519598457791e-05
tem no site lannister,2.741519598457791e-05
vendedor vêm me perguntar,2.741519598457791e-05
os itens fico preocupado,2.741519598457791e-05
minha compra ao me,2.741519598457791e-05
perguntar se recebi lote,2.741519598457791e-05
comprei itens me chega,2.741519598457791e-05
chega item que nem,2.741519598457791e-05
nem rastreio tem no,2.741519598457791e-05
lote os itens fico,2.741519598457791e-05
no site lannister vendedor,2.741519598457791e-05
me chega item que,2.741519598457791e-05
se recebi lote os,2.741519598457791e-05
item que nem rastreio,2.741519598457791e-05
itens me chega item,2.741519598457791e-05
com minha compra ao,2.741519598457791e-05
vêm me perguntar se,2.741519598457791e-05
recebi lote os itens,2.741519598457791e-05
fico preocupado com minha,2.741519598457791e-05
me colocarem nessa posição,2.741519598457791e-05
preocupado com minha compra,2.741519598457791e-05
que nem rastreio tem,2.741519598457791e-05
compra ao me colocarem,2.741519598457791e-05
itens fico preocupado com,2.741519598457791e-05
prazo estipulado mas,4.4420761642167505e-05
mais escura,4.227067874230032e-05
nao vou,5.913133961966211e-05
partir,5.97808432775554e-05
se mesmo,3.450136644899964e-05
no dia 03,4.784181367599903e-05
2018 recebi,3.4561855803655925e-05
opiniao,6.432103334826197e-05
que minha,7.344036799978336e-05
comprei dois relógios,5.334129633248281e-05
boca,6.299943334908906e-05
oferecido pela,4.407601903342863e-05
de pano de,3.456858944286825e-05
pano de prato,3.456858944286825e-05
chegou em minha casa,5.183045229509099e-05
um trabalho,4.7857220061253284e-05
agora nenhuma posição sobre,2.71677516933077e-05
aguardo de alguma posição,2.71677516933077e-05
ge só chegaram mandei,2.71677516933077e-05
só chegaram mandei mensagem,2.71677516933077e-05
no dia 05 01,2.71677516933077e-05
posição sobre 5º item,2.71677516933077e-05
de alguma posição do,2.71677516933077e-05
mandei mensagem ao vendedor,2.71677516933077e-05
via stark no dia,2.71677516933077e-05
vendedor ou do stark,2.71677516933077e-05
no aguardo de alguma,2.71677516933077e-05
até agora nenhuma posição,2.71677516933077e-05
vendedor via stark no,2.71677516933077e-05
01 até agora nenhuma,2.71677516933077e-05
chegaram mandei mensagem ao,2.71677516933077e-05
stark no dia 05,2.71677516933077e-05
item no aguardo de,2.71677516933077e-05
5º item no aguardo,2.71677516933077e-05
do vendedor ou do,2.71677516933077e-05
mensagem ao vendedor via,2.71677516933077e-05
sobre 5º item no,2.71677516933077e-05
comprei heasets ge só,2.71677516933077e-05
posição do vendedor ou,2.71677516933077e-05
alguma posição do vendedor,2.71677516933077e-05
ao vendedor via stark,2.71677516933077e-05
nenhuma posição sobre 5º,2.71677516933077e-05
heasets ge só chegaram,2.71677516933077e-05
quanto na,6.39562350668645e-05
da bolsa,8.597784443009607e-05
aprovado dia 06 10,2.7136906793224946e-05
não obtenho resposta retorno,2.7136906793224946e-05
tentando desde dia 20,2.7136906793224946e-05
via stark mas não,2.7136906793224946e-05
17 10 mesmo assim,2.7136906793224946e-05
por demora cancelamento do,2.7136906793224946e-05
no dia 17 10,2.7136906793224946e-05
pedido aprovado dia 06,2.7136906793224946e-05
06 10 por demora,2.7136906793224946e-05
estou tentando desde dia,2.7136906793224946e-05
dia 06 10 por,2.7136906793224946e-05
10 mesmo assim mandam,2.7136906793224946e-05
10 por demora cancelamento,2.7136906793224946e-05
assim mandam mercadoria estou,2.7136906793224946e-05
mercadoria estou tentando desde,2.7136906793224946e-05
stark mas não obtenho,2.7136906793224946e-05
mandam mercadoria estou tentando,2.7136906793224946e-05
do pedido no dia,2.7136906793224946e-05
10 contato via stark,2.7136906793224946e-05
mas não obtenho resposta,2.7136906793224946e-05
contato via stark mas,2.7136906793224946e-05
dia 20 10 contato,2.7136906793224946e-05
pedido no dia 17,2.7136906793224946e-05
20 10 contato via,2.7136906793224946e-05
mesmo assim mandam mercadoria,2.7136906793224946e-05
demora cancelamento do pedido,2.7136906793224946e-05
dia 17 10 mesmo,2.7136906793224946e-05
desde dia 20 10,2.7136906793224946e-05
sem nenhuma proteção,4.716089071717782e-05
cobraram fretes,4.5730701169748176e-05
com fita,4.386744593669627e-05
entre as,7.340161735586358e-05
mim como,3.384804735408062e-05
metragem,7.149187353274825e-05
recibi,7.471594414415113e-05
mas site,5.784480749682132e-05
site pois,5.8663401387708746e-05
rastrear meu,4.4228402513688285e-05
representante,3.495405242255772e-05
lindo porém,6.862648549612476e-05
me deram um prazo,3.918369799220565e-05
só esperava que,4.3272744615642625e-05
mas não gostei do,4.286588417688115e-05
do produto porque,5.532700609141148e-05
maximo,4.678622108774561e-05
de colocar se recebeu,2.68664933853478e-05
isso dois vieram amassados,2.68664933853478e-05
esqueceram de colocar se,2.68664933853478e-05
comprei pendentes veio num,2.68664933853478e-05
colocar se recebeu produto,2.68664933853478e-05
nada de proteção com,2.68664933853478e-05
com isso dois vieram,2.68664933853478e-05
de papelão fraca sem,2.68664933853478e-05
recebeu produto em bom,2.68664933853478e-05
amassados ai vc vai,2.68664933853478e-05
veio num caixa de,2.68664933853478e-05
vieram amassados ai vc,2.68664933853478e-05
estado pois comprei pendentes,2.68664933853478e-05
dois vieram amassados ai,2.68664933853478e-05
só esqueceram de colocar,2.68664933853478e-05
sem quase nada de,2.68664933853478e-05
pois comprei pendentes veio,2.68664933853478e-05
quase nada de proteção,2.68664933853478e-05
se recebeu produto em,2.68664933853478e-05
em bom estado pois,2.68664933853478e-05
de proteção com isso,2.68664933853478e-05
num caixa de papelão,2.68664933853478e-05
caixa de papelão fraca,2.68664933853478e-05
ai vc vai reclamar,2.68664933853478e-05
bom estado pois comprei,2.68664933853478e-05
fraca sem quase nada,2.68664933853478e-05
pendentes veio num caixa,2.68664933853478e-05
proteção com isso dois,2.68664933853478e-05
papelão fraca sem quase,2.68664933853478e-05
atendimento alias só há,2.686286254796876e-05
por meio de atendimento,2.686286254796876e-05
falta de respeito como,2.686286254796876e-05
canal fone só que,2.686286254796876e-05
alias só há um,2.686286254796876e-05
meio de atendimento eletronico,2.686286254796876e-05
há um canal fone,2.686286254796876e-05
insatisfeita com pó venda,2.686286254796876e-05
atendimento em nenhum doos,2.686286254796876e-05
canais de atendimento alias,2.686286254796876e-05
pó venda não consigo,2.686286254796876e-05
venda não consigo atendimento,2.686286254796876e-05
cliente estou insatisfeita com,2.686286254796876e-05
estou insatisfeita com pó,2.686286254796876e-05
como cliente estou insatisfeita,2.686286254796876e-05
doos canais de atendimento,2.686286254796876e-05
com pó venda não,2.686286254796876e-05
que por meio de,2.686286254796876e-05
em nenhum doos canais,2.686286254796876e-05
de atendimento alias só,2.686286254796876e-05
não consigo atendimento em,2.686286254796876e-05
fone só que por,2.686286254796876e-05
consigo atendimento em nenhum,2.686286254796876e-05
nenhum doos canais de,2.686286254796876e-05
só que por meio,2.686286254796876e-05
só há um canal,2.686286254796876e-05
respeito como cliente estou,2.686286254796876e-05
de respeito como cliente,2.686286254796876e-05
um canal fone só,2.686286254796876e-05
entregue mas ainda,4.0569454064551255e-05
uma película de,4.0338887333663454e-05
duas já,3.664349587072756e-05
frio,5.6792153810315146e-05
os acessórios,6.943057003070558e-05
nunca tive qualquer problema,4.374770115548283e-05
qualidade tb,3.3833256308915e-05
se tiver,4.405619658676413e-05
de cortar,4.896170667773625e-05
que gerou,3.945273997913874e-05
dificuldade em,5.3588958841459155e-05
um amigo em,3.458150287807264e-05
história,4.450163408481209e-05
por isso ainda não,4.3794023252598084e-05
email falando,4.212111820028161e-05
até porque,4.227415251934149e-05
recibo,4.546061695010536e-05
na minha cidade,5.9160423968364115e-05
ajuda de,4.174932734487201e-05
que encomenda,4.289719155321297e-05
embalagem original,5.7141528471571057e-05
pois prazo,3.848207247486796e-05
com um pequeno defeito,8.150884128577506e-05
foi como esperado produto,3.644335949900263e-05
hrs,4.4246133094412854e-05
carregamento,4.668320728207506e-05
envio urgente,3.710173077318111e-05
video,5.172632383804329e-05
que levar,4.930905056220593e-05
apenas um código,4.468114602783934e-05
foi feita no prazo,6.736505459648509e-05
sou cliente há,4.4229485968582744e-05
momento peço,4.0756097414981423e-05
ser frágil,4.65354069918662e-05
produto que comprei veio,4.002477443420443e-05
para funcionar,4.054165475868925e-05
duplicado,4.392582802323576e-05
produto não tive nenhum,4.4785095544623576e-05
em plástico bolha,5.046357780288311e-05
ajustes,5.0684605442746046e-05
da pulseira,4.774081018517078e-05
demorou bastante,6.185434167452649e-05
poucas,6.0702314130585106e-05
xerox,4.3825453232312264e-05
não tinha sido,4.442391821911758e-05
quase 15 dias,4.764063719250936e-05
ao tamanho,4.2598538025687805e-05
em relação entrega,5.040512260226687e-05
faixa de,5.5146044057813946e-05
sobre andamento,4.123725333488448e-05
porém não veio,6.46500132022786e-05
já recebi produto,4.7473774288265276e-05
shoptaime,5.226522409094309e-05
primeiro chegou,4.442685358305554e-05
de vcs que,4.720675103004601e-05
recomendaria pois,4.202925097366749e-05
cumpriram com,6.166669200401113e-05
223,4.6430772514460984e-05
uma sendo que,4.0687937994349556e-05
comprar algo,4.549651833894724e-05
igual na foto,4.208624407149615e-05
entrega do outro,3.8764062615718346e-05
na próxima,6.985559888026083e-05
do produto em,5.250348038355854e-05
do vendedor sim,4.311108136965698e-05
satisfação do,6.860227432116327e-05
ainda esperando,5.3877369963437164e-05
alternativa,4.173640135032524e-05
vinha com,4.5951220506443184e-05
fiquei contente pois,3.3036124234226185e-05
atrasaram,8.447990775087131e-05
que por causa,4.820588256733489e-05
terminar,5.598409231291215e-05
isso mas,5.297651905253503e-05
que as lannister,3.905551863476905e-05
muuuuito,8.795839365814615e-05
lenta,4.61643432203317e-05
cortinas mas,4.893843931644439e-05
compra as,6.243222429097513e-05
se trata de um,4.932310646561237e-05
bem gostei,4.4310682715614525e-05
porém correio,4.6148602072875645e-05
detalhes do,6.009748759704675e-05
do boneco,4.322256993583549e-05
uma qualidade melhor,5.457598731505502e-05
parte que,4.646690847827876e-05
exato momento,4.051459465037783e-05
um certo,4.597932051635573e-05
que estaria,4.1349408513882586e-05
uma mas,5.024141361379081e-05
prancha,6.15774068735723e-05
roxo,4.463427075086849e-05
deu trabalho,4.221834864673613e-05
respondeu minha,5.075855813299003e-05
foi me entregue,4.137907380844273e-05
frete deveria ser,7.461069984228856e-05
boa porem,4.514788802411865e-05
mandar um,3.606397730658448e-05
foi longo demais,4.9995705804847e-05
que envio,4.804461489546631e-05
não gostei do acabamento,6.415188527388561e-05
produto assim,4.476635468075942e-05
comunicando,4.295318448998743e-05
comprar com vcs mas,3.5195623220592826e-05
não entregou na minha,3.506020880148114e-05
comprei dois rolos de,3.81214291165385e-05
vivo,5.339104197485441e-05
outro foi,4.4138821532253036e-05
com entrega do,4.227799085404918e-05
semelhantes,5.2734044557328395e-05
liguei varias vezes,3.737649566500028e-05
forma de pagamento,5.364137591230018e-05
estranhei,5.6329349064957314e-05
preferi,4.790650354392065e-05
pelo produto correto,4.088899384261129e-05
no site mas ainda,3.219329906896656e-05
produto entregou,8.077213509366478e-05
não tenha,7.264720140292007e-05
trocar pelo,3.7596694730079174e-05
também entrega,4.8405632117535475e-05
do prazo mas em,4.34037246655036e-05
segundo que,3.9431342599573306e-05
foi entregue até presente,3.600641170162841e-05
frete mais caro que,4.009930814208633e-05
quando não,6.604381226299366e-05
chá,7.256476296336373e-05
protudo,0.00015746439527628033
achei muito pequeno,5.97667417076095e-05
estou com uma,4.06148861833752e-05
loja veio,5.1707678110410195e-05
quebrada não,4.214606832574894e-05
posso dizer se,4.208752763715785e-05
lannister ainda,4.034128941941566e-05
portão,3.911074178137861e-05
desagradou,4.027587370866257e-05
que não tinha ninguém,3.721226471981059e-05
nada de mais,5.42036509235405e-05
na venda,7.59905812233503e-05
cor azul era,4.703823235711618e-05
de não ser,5.968680894582227e-05
com facilidade,7.171508281559016e-05
orelha,3.986526828101497e-05
do frete foi,4.2351770780452344e-05
isso pq,3.8503471377018575e-05
toda danificada,4.000248756861964e-05
na caixa sem,3.900977309170451e-05
por favor preciso,4.0555399777067916e-05
uma pena,0.0001084439282530363
que não entregaram,4.0713585407303506e-05
sobre pedido,4.129123112845554e-05
no dia 22,3.8261537483284176e-05
produto comprado em,3.854778965464409e-05
marca diferente,4.0534891205361755e-05
que pode ser,4.118663842360075e-05
gostei nao,4.820745007108987e-05
puffs,6.625275065460297e-05
pelo mesmo,3.917422795720374e-05
mais não foi,3.9485302368220765e-05
algo que eu,3.414751177598e-05
de boa qualidade porém,4.514207591378246e-05
ja estava,4.49007348950638e-05
entrega demorada,8.554979315692308e-05
da embalagem que,4.057196812055666e-05
falar na,4.826700057886238e-05
seria no,3.9595687650430314e-05
mais cuidado com,3.946168280418254e-05
erro quando,4.716793207598578e-05
prazo para entrega era,3.98550052245924e-05
entrega passou,4.69398005996756e-05
tendo em vista que,4.578362469360341e-05
emitida não,3.8404192206158094e-05
no site porém,3.914470900542302e-05
que tirar,4.238580158847553e-05
camada,4.7145170587326434e-05
no ato da entrega,5.0391401834419145e-05
devolver produto não consigo,3.565219493430063e-05
cumpriu com prometido,5.0811437784870826e-05
demora em,5.311398706028316e-05
devolver não,4.044355847247243e-05
no início,5.309413422426524e-05
consultar,4.360130206370213e-05
vaso,7.186447170112863e-05
da original,5.227570559745476e-05
do que chegou,4.676621794913239e-05
que estava no site,4.138204835007554e-05
ruim que,5.372209796385758e-05
portanto não posso,4.857231474907834e-05
ah,4.568237195666479e-05
tipo de problema,3.854379974076597e-05
produtos que não,4.835366714600565e-05
08 18,5.247378845326444e-05
lannister até agora,3.858995334001632e-05
material muito frágil,3.755092372067283e-05
um dos meus pedidos,3.8034725411701474e-05
ao valor,6.280650554400012e-05
uma porta,4.881902657230954e-05
partes de,4.080661144019673e-05
se vcs,6.316150763081102e-05
com esta empresa,5.327472614279991e-05
dia todo,5.300352971718432e-05
separação,4.0113588694452697e-05
mas gostei do,3.9933090920993985e-05
servir,6.348384360312586e-05
branco mas,3.7787912052300846e-05
de comprar entrega,5.731486350523967e-05
tanto que,6.161183680312121e-05
02 porém,4.2102569007112564e-05
de 14,5.3141002877232935e-05
problema as,3.674629474457907e-05
vc paga frete,4.190740905624163e-05
para verificar,6.501689217869261e-05
não atendeu as expectativas,4.862110643261788e-05
últimas,3.798080588808759e-05
em 20,3.991370531723011e-05
do computador,3.863799300165354e-05
produto valor,4.565722521104869e-05
couro legítimo,4.5776537315792334e-05
chegar ate,4.1793932292452844e-05
só no,5.699458422146596e-05
apesar do produto ter,4.1430321179460945e-05
casa da,4.4378932284552455e-05
correspondeu ao,6.118049246453463e-05
mas mesmo assim,0.0001162972237116166
correios que não,4.6388816222850956e-05
doa,4.5021888345291264e-05
porém produto chegou,3.6765300022269755e-05
dois produtos na,3.7772762873601967e-05
no anúncio diz,3.7477510708674244e-05
até hoje ainda,4.1308223431467634e-05
antes da entrega,5.226184666342238e-05
de um presente,3.5911135434933466e-05
da compra estou aguardando,3.637895544053124e-05
recebi preto,4.425238366206495e-05
me atender,5.393775042704134e-05
xicaras,3.3270952829096546e-05
produto venho,4.357790654914332e-05
com tampa quebrada,4.1926691270101875e-05
pedido também,3.919602895939977e-05
pra minha filha,4.634822013802448e-05
mas eu não,3.8845928182928966e-05
nunca tive problemas com,0.00012753909333629716
para avaliar,0.00010335862215017221
gostei vou,5.035670190412959e-05
ser cobrado,3.945136399508304e-05
mas na embalagem,4.396030656902421e-05
entrega atrasou,7.543754594308665e-05
aramado,4.346261821738872e-05
pois meu produto,4.204267331545825e-05
boa noite comprei,3.3771622935679615e-05
gostei achei,6.0979749201271944e-05
compra agora,4.543642263179615e-05
vamos aguardar,5.278249165680703e-05
queria uma,3.5427872833672266e-05
chamar,4.029279979080471e-05
um notebook,3.7832770858559384e-05
único ponto negativo,4.1018369116705774e-05
no recebimento,4.142600853231027e-05
receber os produtos,6.14104513974675e-05
prazo da entrega foi,3.985391336900233e-05
acredito que tenha,3.909278594331747e-05
porém as,5.125920980791347e-05
no fornecedor,4.1119004063187724e-05
produto menor do,4.738307643602966e-05
maleável,4.984518161849947e-05
que produto nao,5.418340469978666e-05
sempre comprei nas lannister,5.4270901025370736e-05
de vencer,4.20206784768007e-05
outubro,4.3828580864120415e-05
02 dois,4.068770310316734e-05
da taxa,4.6775860500397315e-05
na página,3.888832562092793e-05
de borracha,4.947377797050453e-05
pois os correios,5.892900733336582e-05
abaixo do,9.065454999904743e-05
oportunidade de,6.666962863384265e-05
dia em que,4.575544886254328e-05
via correios,6.168956249369393e-05
parece mais,5.409884355229023e-05
site lannister com,6.055300386725976e-05
duas estou aguardando,4.2850854691364406e-05
de quase um mês,4.2851788564138304e-05
gastei,0.00011309497599264208
automático,5.738353711178452e-05
cumpriu com prazo,6.838699804461053e-05
frete esta,4.2939953550559635e-05
de cabo,5.909657186026599e-05
escuro,0.00013047192737104636
que havia pedido,5.05679736711513e-05
porque empresa,4.5028983682925225e-05
meu relógio,8.556180939306292e-05
de cloreto de magnésio,3.219329906896656e-05
inúmeras,5.7162296732090945e-05
bolsa de,6.286216449766244e-05
mas ela,4.954033408212266e-05
apartamento,4.6101482349778586e-05
que na descrição,5.606829055104956e-05
que efetuei compra,3.756982088088183e-05
dvd,5.3612782441304064e-05
porém os,6.84059695165098e-05
separados mas,5.1996249713036654e-05
para até,6.897052845473674e-05
dia de atraso,4.4563753034883446e-05
nota fiscal ainda,3.8748511299059084e-05
vermelho veio,5.022736357505523e-05
primeiro produto,4.084077370773017e-05
vindo em,4.3500142991106254e-05
comodidade,4.457897026740967e-05
cuidado no,4.247021572481156e-05
pelo qual,3.947057734452294e-05
aparece no site,5.7274750804900254e-05
burocracia para,3.845166548420867e-05
por engano,6.047627170195486e-05
na foto não,4.212058055489403e-05
valor da compra,5.583440813269388e-05
questao,3.6920416613602475e-05
que pegar nos correios,3.936126364080539e-05
2014,4.8884361342773555e-05
de dizer que,3.8555791609555595e-05
com essa loja,9.69864793331362e-05
pequeno problema,4.8867496377405486e-05
só um pouco,6.575993113398246e-05
os produtos vem,4.073950409524444e-05
sempre tive,3.492829911541507e-05
falta chegar,7.793199603539127e-05
explicando motivo,3.790830878200759e-05
ainda mandaram,4.978161366573105e-05
tem apenas,5.926451986740564e-05
na postagem,5.414385142169321e-05
estava na descrição,4.1331309684298734e-05
estou com dificuldade,3.777023196091009e-05
apesar de já,3.870650874036977e-05
selo da,3.594819758011606e-05
apresentado no site,5.997006905522499e-05
temos que,6.694020701707309e-05
24 horas,5.247884338066635e-05
de tomar,4.141249440334393e-05
bonito no,4.626144095668631e-05
cartucho que,4.0990027723143306e-05
prestam,4.5629682456789126e-05
para zenfone,3.677939079117667e-05
dias mas,4.836486712981648e-05
que estava no anuncio,3.9955217297348056e-05
quando produto chegou,4.443176313271805e-05
de anos,5.8195322785167635e-05
de lojas,5.3865173323455835e-05
erros,3.963094031379234e-05
que fez,4.929601182525656e-05
de modo geral,3.950971399457581e-05
de dificuldade,3.7240234540237074e-05
por baixo,3.5392489472991194e-05
em comprar com,3.5195623220592826e-05
01 08 2018,3.5161749007775234e-05
merece,5.307415873820419e-05
tudo na,4.144666303550445e-05
essa avaliação,4.389322031674098e-05
apenas um jogo de,3.6313580707567105e-05
mesmo em,4.3085956263472505e-05
do prazo combinado não,3.867701009428036e-05
cortina chegou,4.043970452566982e-05
porém comprei duas,3.7950968491706856e-05
entro no site,4.670171625344763e-05
por motivos,3.745479523582902e-05
qualquer pessoa,7.075660684974713e-05
preço mas,4.143698678006836e-05
problema estou,4.47372654512617e-05
recebi produto no dia,4.422070770853284e-05
no primeiro dia,6.65181968686728e-05
mais dessa vez,5.1507602441437665e-05
no geral produto,4.287542416809328e-05
sacos,5.983174666797307e-05
veio ok,4.1126993019797974e-05
cassio,5.1008672845251774e-05
melhor produto,6.261858968045554e-05
cliente lannister,3.537353852230135e-05
mais em estoque,3.3934807558109994e-05
de uma forma,3.4944844506009295e-05
veio numa embalagem,4.297714358974676e-05
apesar de ter sido,4.95825590340245e-05
as toalhas são,5.3302930677045554e-05
site da stark,5.107696767813003e-05
de ficar,5.2814761752828946e-05
devido ao,9.641957375504955e-05
bem claro,3.570734536003937e-05
site do stark não,2.8480560423795507e-05
desagradável,6.323695462251484e-05
já produto,3.768647354987498e-05
este produto foi,4.760375129413668e-05
que estava na,4.988535659213561e-05
cor muito diferente,4.124576655864925e-05
categoria,4.0425905913818475e-05
especificar,7.587899294402481e-05
um pouco diferente,3.847539377256129e-05
para solicitar,4.149544278082903e-05
muito abaixo,3.868874445485322e-05
mais dias,3.8602713137726064e-05
gostei muito dessa,4.408792745342189e-05
comprei até,5.542268578495885e-05
06 04,3.701180979047988e-05
pedacinho,4.832255969181715e-05
muito trabalho,3.777089667903516e-05
desejar um,4.730884505583718e-05
em papel,3.833279700627139e-05
demorou muito pra chegar,9.494757496103441e-05
compra dessa,4.152481296431612e-05
foto parecia ser,3.5535052861300804e-05
comprar com essa,3.9065635763143946e-05
por não ter,5.4157284640256376e-05
do rj,3.439044363466467e-05
ela tem,3.5711219788357494e-05
achei bem,3.842289721825899e-05
como foto,6.022425218350479e-05
mantém,5.619798296837374e-05
era maior,5.354350153065967e-05
medidas erradas,3.608097639792945e-05
clonado,4.2058286432598597e-05
não preciso,3.417329758746097e-05
na pulseira,4.518517758618967e-05
bom só não,5.13555811105675e-05
um dos itens do,4.036422715346379e-05
chegou com tampa,3.9291339351105044e-05
menos em,3.584788082630464e-05
mais meu,5.123001303475589e-05
do que realmente,3.665215260931153e-05
com voltagem,6.300750594875849e-05
normalmente,0.00012766548080547194
durante transporte,5.0662594955020834e-05
levemente,4.7407638626199464e-05
ficar no prejuízo,3.919800820824674e-05
foi isso,4.858018978631094e-05
que tinha comprado,3.553398272250669e-05
cheiro de,6.145947872705108e-05
morango,4.8395659717858427e-05
acabamento da,3.9656205624341794e-05
colocado em,3.2698789660751824e-05
tinha sido entregue,4.001571680889786e-05
cliente pois,4.437088029157909e-05
uma caixinha,5.498422023186773e-05
que inclusive,3.5425585887930186e-05
desatualizado,4.6102714260795746e-05
lindo porem,4.433850974920589e-05
pois essa,3.340999827475557e-05
tem cheiro,4.009006502022064e-05
descrito como,4.596270468640411e-05
veio marrom,3.712651716886692e-05
lojas parceiras,5.202276497532346e-05
parceiro do,3.524798022768658e-05
dessa forma,4.783385090203352e-05
na cor que,5.500864291238006e-05
os relógios,6.253676400257355e-05
eu já tinha,3.948276065370661e-05
salgado,4.355272919710057e-05
estou em,5.4308729547029615e-05
entretanto veio,4.216823909150122e-05
oferecida,3.375380858407131e-05
comprei vou,4.377951750588952e-05
nao vieram,4.964321016229114e-05
pelo contrário,3.50784978089799e-05
mandei msg,4.319869864858291e-05
enviados em,3.788031657245218e-05
chave de,4.0527928806649003e-05
encaminhamento,4.36021368753635e-05
uma cópia,3.559923832346136e-05
entrega foi rápida mas,3.849467319993148e-05
atrapalha,3.981521596576319e-05
receio de,4.001331039572855e-05
de rosa,4.174836596307032e-05
gostei do prazo de,3.889939307545301e-05
das toalhas,6.751486837216553e-05
compra anterior,4.43883844668663e-05
no site do stark,5.9267552598565865e-05
relação ao prazo,3.471518629193422e-05
porém chegou,0.0001237006945539505
errado do,4.0759606012106044e-05
totalmente satisfeita,4.038581812412085e-05
da carteira,3.7520857469313984e-05
chegou ja,4.5672055496475314e-05
em menos tempo,3.9303300758178615e-05
descrição da,4.732059313444597e-05
imprevistos,5.125867632246439e-05
decoração de,3.571373075299931e-05
gosta de,3.925017090933949e-05
facas,5.640304659707654e-05
daí,6.945448456807848e-05
recebi os dois produtos,3.2000788348267924e-05
entretanto recebi,4.263745618661452e-05
do stark que,3.3319026566343943e-05
criança de,4.393598909360013e-05
só vou,5.2408575827591484e-05
data prevista para entrega,7.643340195957912e-05
para sua,4.2202123151181405e-05
porém que,3.7638661087757536e-05
além dos,3.220130557966543e-05
embalagem que veio,3.3863777157086146e-05
compro pela,5.3863582579034306e-05
no site da loja,3.812663004031014e-05
tive problemas com loja,4.054096889924791e-05
produto precisa,3.676122003118288e-05
recebi todos os produtos,6.521162163722684e-05
em um dos,3.613170086415473e-05
mas cor,4.746190355193963e-05
para utilizar,3.857349770343479e-05
entregue com sucesso,5.315374807372922e-05
estava previsto para chegar,3.36291827739066e-05
houve uma,5.1952330244705585e-05
as baterias,7.202014652680735e-05
loja em si,3.836786475267824e-05
de suas,3.753577906334521e-05
estão todos,5.399133319681411e-05
cantos,4.0900303757417065e-05
embalagem diz,3.429762527800907e-05
buscar na,4.419865347056001e-05
vendidos,3.9316336354599935e-05
no mais tudo em,3.139180616083267e-05
mais tudo em ordem,3.139180616083267e-05
dia dos,3.4134774982126516e-05
pensando em,4.7020674315871004e-05
produto como original,4.5631370996856314e-05
uma chave,4.372052968260962e-05
que comprou,4.3545678465853815e-05
achei que fosse,0.00010436876096690036
dias de uso,5.847677404576786e-05
caixinhas,3.773285908574846e-05
28 05,3.955636677155316e-05
achava,5.226960956558931e-05
demorado mais,3.965325668985608e-05
provavelmente por,4.064685724411937e-05
site comprei,3.314172335566381e-05
com data de entrega,3.8864147642262944e-05
moto g5,3.298735808005457e-05
02 mas,3.0375119126486517e-05
do produto nota,3.438757853815582e-05
porém não foi entregue,3.478861411041388e-05
que necessito,3.593567373724518e-05
hoje recebi,4.188913785186224e-05
produtos atendimento,3.663259650242275e-05
tinha que ser,4.2198957941052496e-05
porém entregue,4.706962538424354e-05
de boas,5.415056742845943e-05
um jogo de cama,4.789785708238584e-05
na agencia dos correios,3.249978436377401e-05
produto hoje,4.6600210939900713e-05
funcionava,4.428493949009034e-05
com menos de,4.9039280380539426e-05
pois ela,3.548930622713622e-05
uma empresa que,3.8543958561256385e-05
prazo de entrega de,5.201084383663325e-05
cortar cabelo,4.119621388458086e-05
atualizava,3.4808457296360965e-05
da que eu pedi,3.552918413191232e-05
veio um pouco,7.1464082866806e-05
frente do,3.4397658748822766e-05
entrega era para dia,3.28402256920529e-05
duros,4.235989963705932e-05
com alça,5.053837842383237e-05
culpa do vendedor,3.5176335150787375e-05
os tamanhos,4.212404070412712e-05
nota fiscal caixa,3.39006551729787e-05
lençois,2.972709618926953e-05
exposto,6.139253077707888e-05
vê se,4.1868626445782414e-05
mas produto veio,4.1839971978655274e-05
que comprei vieram,4.263336757085662e-05
entrega foi rapida,0.00010843929427243994
mais parece,4.464214898930161e-05
não temos,4.919894657677369e-05
por sedex,5.2926518274336765e-05
entega,6.981159650920695e-05
com etiqueta,4.1734887056771384e-05
em um só,3.694207376967347e-05
não sou,3.3968416845874615e-05
apesar de ter recebido,3.4878061134523354e-05
que vinha,3.681406160507007e-05
por conta dos correios,5.932929914509265e-05
contento,5.4742521502178415e-05
que atrasou,3.5805472761995554e-05
de encaixe,3.5310353246814015e-05
um pedaço,3.406141925375499e-05
empresa pois,3.80662310923953e-05
na montagem,3.9628686379733304e-05
não avisa,3.967316193831356e-05
com quase,4.6647522695980434e-05
seja mais,3.497711828131511e-05
com mesma,4.037840523765718e-05
deveria ser um pouco,4.209648959925124e-05
conforme solicitei,3.3124020205624205e-05
retirada do,3.554763087346069e-05
produtos em uma,3.194509808850083e-05
dia para,3.931462864218356e-05
nunca me,4.711267783075697e-05
material parece,5.0900208859140436e-05
melhor mais,3.826760674754355e-05
maternidade,4.19221458604606e-05
deveria informar,4.234090744049625e-05
nota fiscal fora,3.674361846835704e-05
que produto seja,3.86802890585165e-05
os prazos de,4.049513488006173e-05
feito uma compra,3.2224802557271306e-05
só depois,4.387336737026945e-05
exige,4.271804092992358e-05
não gostei do prazo,3.5242423237069414e-05
produto pequeno,5.4329527091446744e-05
varias compras,3.6616709525538024e-05
outro pedido,5.349897580458754e-05
pois quando,3.258079369370923e-05
ser preto,3.639449511289316e-05
entregue no prazo ainda,5.27796334575802e-05
cerca de,7.01767046513795e-05
ela bem,6.818922658711553e-05
era pra chegar,4.389635715613176e-05
recomendo demais,6.018391204588558e-05
demonstrada,4.270219220516163e-05
óleo,5.130213570332028e-05
vez que compro no,3.162227716668723e-05
fundamental,4.2002605651248034e-05
quando entrega,4.541945814352685e-05
isso me deixou,4.688850013875112e-05
saber se produto,4.249531778876583e-05
com várias,5.4908143153518855e-05
havia ninguém na residência,3.054556556053542e-05
muitos dias,4.4780217247309546e-05
dia 20 02,5.0635059096175895e-05
recebi até momento somente,3.8081092268622806e-05
fiquei um pouco,4.696537397708093e-05
comprei esse produto,4.382824154015622e-05
finalizar compra,3.296490776771196e-05
dias no dia,3.183236320032173e-05
produro,5.8701788746634255e-05
mas produto chegou,5.658603501737096e-05
prometeram,4.887608726837271e-05
os correios estão,4.188844428813257e-05
pois tive que,3.2943560834614555e-05
de vedação,3.58135261821336e-05
porém caixa,5.2915945095909225e-05
10x,3.44801938674466e-05
agendado,4.119775552857368e-05
recebi parcialmente pedido,3.7979670991898366e-05
kit para,3.1750906748956796e-05
mais que,0.00015899656113328652
original que,4.646763854381429e-05
regulagem,5.1549427840010826e-05
saúde,5.6281996692819286e-05
as rodas,4.294794675021206e-05
estar em,5.347579360516944e-05
pequeno leve,3.7264325582499804e-05
bom ainda,6.786082224117489e-05
de alto,3.454863202268598e-05
cor diferente do,3.468643126671655e-05
para que produto,3.453329990473205e-05
quase uma semana,3.259930964488584e-05
mesmo assim produto,4.166865080999958e-05
que teria que,2.983516888891799e-05
que original,5.236549473559921e-05
trouxe,3.275686356869449e-05
loja eles,5.073737920868265e-05
errado vou,3.389524955498728e-05
fixação do,3.23778362452528e-05
chegou na cor,3.729125504938469e-05
de fechar,3.870720785225188e-05
lannister são,4.8090951123476604e-05
lannister foi muito,3.0397748923632e-05
receber no,6.235307166993982e-05
22 dias,5.352645770581119e-05
de extrema,3.65672197809472e-05
tirei da,3.3588400492178684e-05
estava um,4.0813906235155295e-05
optei por não,4.124118744197184e-05
jogar,4.878842706306413e-05
na cor cinza,4.280018287550508e-05
lannister até presente momento,3.231732855455057e-05
entregue em um,5.3963393228250876e-05
ainda está no prazo,7.105340183615907e-05
gostaria de fazer,4.4280983852571315e-05
erro na entrega,3.522559391359824e-05
em minhas mãos,3.36053226544089e-05
as dimensões,3.7959618525309076e-05
mas atende,7.957295769452549e-05
maria,5.296566107934638e-05
potinho,3.45226002148865e-05
produto aparentemente bom,4.645447479217931e-05
porém entrega,8.290491609636373e-05
de presente para minha,3.0288764090025774e-05
por aí,3.372305578593335e-05
produto site,4.6303542533418656e-05
para as,0.00011486592686492302
valor total,5.291986240924587e-05
até dia 14,3.594780067364816e-05
vezes por,3.265288682635342e-05
comprei na mesma,3.478741980854679e-05
etiqueta de,3.8706901707544825e-05
uma melhor,4.5358750683821645e-05
avaria na,4.2885839449957734e-05
quando compramos,3.936510929165549e-05
não será,3.251231780040246e-05
eu achei que,4.2641398420648416e-05
veio em uma caixa,7.10176626207932e-05
arranhadas,4.678017435725222e-05
seja bom,4.682759529292998e-05
toda vez que,3.79795353329627e-05
controle do,3.411608329820583e-05
tinha chegado,5.0418652018314e-05
deveria estar,4.732127956304261e-05
fiquei com medo de,5.28016956078951e-05
dentro do prazo não,5.1764395856683866e-05
recebi mercadoria com,3.8759601110553666e-05
que tamanho,3.497619246889122e-05
desejada,5.611305265438464e-05
boa porém,8.385774933736876e-05
como era,3.289904466205842e-05
de mexer,4.5347932032771374e-05
entrega ocorreu no prazo,4.069456895315025e-05
mandar os produtos,4.289121312802043e-05
utilizo,4.088177116226733e-05
manual em português,5.028349030554427e-05
foi entregue no dia,6.62083592427357e-05
de ter recebido produto,3.4878061134523354e-05
nf de,3.763444243204456e-05
ligou para,4.756313010669681e-05
um jogo de lençol,3.149413963232175e-05
reforçado,8.419041870129636e-05
idêntica,4.532256154981571e-05
achei que demorou,8.439554860620786e-05
gostei muito mas,4.072508962061106e-05
pura,5.810098938330725e-05
primeira tentativa,3.660050278953508e-05
encosto da cadeira,4.0222687085256246e-05
vieram as,4.386206376016872e-05
compra on line,3.60169859177707e-05
da greve dos caminhoneiros,8.091059305723785e-05
dia mas,6.393118855873817e-05
dias para ser,3.132798321285398e-05
bases,6.241488857850043e-05
negocio,8.031538200036266e-05
rastrear entrega,3.329936606339725e-05
sempre comprei com,5.8214062335665935e-05
se encontra em,3.4183604927143284e-05
com empresa que,3.151328848442381e-05
comprei depois,3.3524551438587114e-05
que bem,5.124154812595811e-05
ao colocar,3.457790338683385e-05
estava esperando,6.720500804251693e-05
ir até uma,2.949591453677913e-05
do prazo correto,4.264526901937155e-05
retirar produto no correio,3.279621884549996e-05
redes,6.064089176155176e-05
ainda não recebi um,4.014856242610738e-05
do sofá,5.917024585344459e-05
não posso dizer,5.952317684541976e-05
comprei porém,3.639308480806989e-05
mas gostaria de,4.564464309988793e-05
não posso opinar sobre,3.2121685125957885e-05
mais de um item,2.962541612301763e-05
pois foi entregue,3.6138567492250605e-05
com visor,3.8174673359971396e-05
cafeteira,4.345511745279551e-05
redondo,4.528792904812892e-05
veio junto com,4.1068246886598066e-05
das lannister não,2.945029151329942e-05
com detalhes,4.5385177683814256e-05
pescoço,3.518660928899762e-05
como meu,4.125823653206914e-05
que tapete,4.187474693142569e-05
flash,4.93104004157313e-05
porém recebi produto,3.209687610214601e-05
estou acostumada comprar,3.594005566356117e-05
para dia 23,3.280103450205694e-05
site das lannister com,2.8758655089550214e-05
03 03,3.0909903754361195e-05
não porque,3.431301305982857e-05
para emitir,3.1957036121095704e-05
entregar em,4.75379833554902e-05
bom quanto,4.866209326693055e-05
data prevista de entrega,3.4514206476769766e-05
para dia 17,2.972707321918783e-05
pipoca,5.383185038978486e-05
esta mais,3.2670248099285945e-05
mas poderiam,3.259377107264071e-05
então eu,3.396216915684982e-05
faltou manual,6.67246252403326e-05
chegam no,4.30774653142951e-05
amassou,4.374126543755712e-05
de comprar pela,4.410385077307632e-05
por exemplo,3.724971757915664e-05
questão foi,3.165430786572499e-05
são ótimas,4.764950735903467e-05
próximos,4.184683667018035e-05
até agora só chegou,2.962541612301763e-05
de ter feito,3.6603897800594687e-05
não gostei pq,5.6707808159214237e-05
ser entregue no,3.604639613132211e-05
correios não entregou,4.988611293878148e-05
foi rápida entrega,3.039799307602454e-05
valor de frete,3.619340476072003e-05
mas nunca,3.953411991397773e-05
era grande,4.6906387538661875e-05
nota fiscal não veio,4.854508541604308e-05
gostei da rapidez,4.701623484952167e-05
foi entregue meu pedido,3.637451523002885e-05
meu tapete,4.994481346624117e-05
mas vou,4.944350426733971e-05
entrega será,4.420958703563952e-05
ótimo porém,5.118948616466008e-05
produtos quero,3.399133736459752e-05
ao informado,4.36209606095958e-05
está descrito,4.5466475747036304e-05
produto mas está,4.177858163841955e-05
targaryen foi,3.8790071096124254e-05
pecou,3.7586612498624006e-05
preço que paguei,4.036199357831237e-05
sido um,3.645339875463934e-05
lannister tenho,2.962541612301763e-05
não achei justo,3.918618477575404e-05
buscar em,3.246423083594441e-05
empresa responsável,6.355424506050587e-05
traseira,3.7578797554541634e-05
não recebeu,4.210338838352373e-05
parceira do,4.201760453372757e-05
solicitada,5.956571132617976e-05
qualidade do material,0.00010113867326549435
no prazo que,6.353849210553927e-05
uma grande,4.597778156546943e-05
pedido no prazo,5.820266774917684e-05
da compra mas,3.836668031920504e-05
ate mesmo,3.338390151168225e-05
recebi produto na data,4.7148431906121995e-05
pendência,3.845378077548841e-05
papel higiênico,3.90671281490223e-05
da entrega que,4.416280017508349e-05
com produto comprado,5.511744945561137e-05
preta mas,3.305301761923592e-05
meu cachorro,4.116717300507187e-05
pouco menor do que,4.054959454274086e-05
chegado no,3.0142469188027664e-05
corte,7.51401312986032e-05
de retirar,4.979456866667166e-05
se entrega,4.942222808301157e-05
referência,4.460141094830293e-05
dá erro,3.225160666303696e-05
fio de,3.2356048007703376e-05
de aparência,3.528389145072062e-05
não vi produto,4.056951470361163e-05
deveriam avisar que,3.122131870842216e-05
no correio sendo que,3.069378084790651e-05
com defeito mas,3.1938722876237464e-05
em uma das,3.596544858119338e-05
mas tenho,4.8933375757782075e-05
de mandar,3.731041926661995e-05
comprei rolos de,2.6588324708321026e-05
exito,2.9867358061547867e-05
tive que pegar nos,3.154750741862544e-05
por estar,3.489308260919635e-05
lannister nunca tive problemas,5.19335962266869e-05
questionamentos,3.4853463581521295e-05
previsão para dia,3.5963665046689324e-05
inteira,5.12528493620193e-05
ocorreu com,4.4073136073187606e-05
meses no,3.014814990548794e-05
recebi um jogo de,4.587314627869657e-05
que poderia ter,4.471721554795161e-05
gostei da cor,4.197224376670347e-05
entregou tudo,7.24206608314804e-05
cm mas,3.181265721799174e-05
recebi por enquanto apenas,3.5385800613349414e-05
mas bonito,4.896579271809026e-05
um produto bom,4.353050763694133e-05
comparada,3.298240792936401e-05
até que,6.766906934407561e-05
qualidade material,5.147772753724497e-05
devido greve dos caminhoneiros,4.943348988042067e-05
eu preciso do,3.589080365048903e-05
site pra,3.2104209444812096e-05
foi solucionado,4.991818724208328e-05
capinhas,5.657278015890688e-05
só não vou,3.089569957671298e-05
apenas veio,3.4954960446295335e-05
com um valor,2.9082729419290275e-05
voltei,3.7033546126009645e-05
12 dias úteis,3.4935769664381446e-05
para meu filho,4.423562380377302e-05
demora um,4.298901083491259e-05
ambas,4.647426322376316e-05
atenção na,3.3758358309337195e-05
do smartphone,3.5952398673259794e-05
comprometeu,3.227828594511847e-05
pedido feito,3.802924983997895e-05
vou pedir,5.700592524131322e-05
fica meio,3.919186348708399e-05
linda entrega,4.674946197051464e-05
com uma semana de,3.937642883290912e-05
eu nunca,3.095818853707566e-05
não chega nunca,3.557464762286699e-05
realizo,4.6021010548516256e-05
de 01,3.5858147761187415e-05
problemas em,5.339655392525681e-05
compromisso com cliente,9.55801012750585e-05
1ª,6.253361047232416e-05
não concordo com,2.8515128941746566e-05
há anos,5.9792288846273966e-05
fiquei em,3.602104060723652e-05
compra antes,5.167846559537127e-05
empresa não me,2.87584868614199e-05
vídeo,3.9912823194994335e-05
que fosse um pouco,3.1107490357148724e-05
obrigado pelo produto,4.657799600097175e-05
uma nova compra,3.2300497177293434e-05
produto faz,4.0667008327419634e-05
recursos,3.396997030851539e-05
preocupação com cliente,3.61186608781304e-05
chegada dos,3.5543311649937284e-05
gostei entrega foi,2.8515128941746566e-05
de comprar no baratheon,4.259312869939238e-05
entrega em minha,3.098871328636846e-05
comprei para dar de,3.802267233668595e-05
uma posição de,3.315579359258218e-05
comprei devido,2.8059646387375882e-05
frontal,4.0842323417375203e-05
diferente da que eu,4.5475027863908345e-05
plástico não,5.061768612617055e-05
prazo dessa,3.2192472650497265e-05
descritas,5.096672221768352e-05
produto era exatamente,4.22093895031368e-05
produto ainda mas,3.9443027912572456e-05
vindo só,2.66543181665602e-05
não exatamente,3.9262501324872665e-05
impermeável,5.779422946602317e-05
da nota fiscal que,3.0033267455251304e-05
no site da baratheon,3.508112261667904e-05
esperávamos,3.725319461378837e-05
com envio,3.42202210851917e-05
menina,3.512418291930491e-05
me atendeu,7.885596637911092e-05
se vão entregar,3.271726631293893e-05
entrega foi feita no,5.3954515012691624e-05
loja já,4.773409865817097e-05
outro nao,4.6611806440361326e-05
coloquei na,3.442737761542279e-05
agora aguardo,3.0377450129004993e-05
veio azul,5.452361591075022e-05
com manual de,4.529852538158645e-05
da entrega está,3.383647812827714e-05
muito da qualidade do,4.289655003034735e-05
gostei muito da qualidade,4.289655003034735e-05
só ficou,3.54831928325091e-05
comprei antes,4.990994557515964e-05
vc não,4.280345970073258e-05
tem tamanho,4.531035965083418e-05
dei de presente,5.334894138536014e-05
chegou com uma,4.189703828235818e-05
um comunicado que,2.852954480114992e-05
pela primeira vez,9.78015963752281e-05
coloquei no,3.473945833919601e-05
veio as duas,3.280163402986025e-05
mas isso não,3.419318912276628e-05
chegará,4.7318538022753306e-05
qual foi problema,2.6513069124072153e-05
batman,3.563558050466194e-05
aguardo meu,3.920592306193284e-05
que queria,8.62746519589408e-05
ela está,3.332148452213519e-05
recebi dia,5.4029844618803636e-05
desejar mas,3.522747414636506e-05
somente dos produtos,3.798103618640108e-05
só funciona,4.515293647975971e-05
cabideiro,2.9800203553950896e-05
somente até,6.421963519233939e-05
da guitarra,4.3943225739070194e-05
mas valeu,4.433045236693999e-05
pois vou,2.679212344308781e-05
acordo com descrição do,2.900063918432816e-05
todos os pedidos,3.891184387345359e-05
compra junto,3.0075778582881058e-05
seria bom,4.579016222275954e-05
em três dias,3.120252198785979e-05
entrega deveria,3.4339021034857346e-05
que continua,3.091909934862445e-05
ainda um,3.220351111379581e-05
haverá,4.4977630767307025e-05
que veio com defeito,4.607154641022111e-05
ainda irei,3.0798613616511944e-05
isso sempre,3.825999168931717e-05
nem abri,3.0722706056473746e-05
agora comprei,4.373438622807767e-05
porque estou,3.805468554572747e-05
as pilhas,5.6355914160774584e-05
não havia ninguém na,3.0074263863963828e-05
correio nao,4.154274331193379e-05
grata por,4.478548779585847e-05
foi utilizado,5.0213589755642707e-05
que bom,4.779297632917283e-05
falta de tempo,2.7498678439491774e-05
desejado,0.00011295951604150995
não vou poder,3.3470559531967e-05
máscara,0.0001342705557434494
na foto de,3.495428401631654e-05
contato com as lannister,3.854346281260273e-05
trajeto,4.413118053279664e-05
triste porque,3.0670506661941686e-05
veio igual,4.217985290376086e-05
dia já,4.057885270177872e-05
chegaram em,0.00010685406774739362
fininho,5.384692472379427e-05
mesmo produto que,3.928946181815926e-05
ja tinha,4.7174960763210735e-05
como de costume,4.668714628553893e-05
que ir nos correios,3.080508848384552e-05
ja tive,4.311462555429466e-05
por mim,8.004456949574491e-05
feita mais,3.716118856721971e-05
capa carteira,4.0368574403491e-05
não chegou correto,2.7872340055949566e-05
mas infelizmente não,3.4182162673803816e-05
já tinha sido,3.062892230945447e-05
com vcs me,2.699443356912513e-05
mas produto muito,5.2189761848682066e-05
mesmo tamanho,4.669375287131071e-05
de pouca,4.6061958083763073e-05
vencer prazo,3.0027571588360904e-05
que eu queria mas,4.162308418098098e-05
do condomínio,3.779694127382352e-05
ajustar,7.498151973633361e-05
no prazo no,3.0597402656254854e-05
pequeno para,4.163255512771799e-05
incompleto faltou,6.282181960427837e-05
recebi os produtos dentro,3.1170845197116045e-05
os produtos dentro do,3.1170845197116045e-05
me ajudou,3.596871188386005e-05
no final do,4.008273021236587e-05
dia 21 05,2.9886254124101633e-05
que as outras,5.102765772106674e-05
estava descrito,4.9929160961945184e-05
dia 24 08,2.6528528445763247e-05
que comprei no site,2.6077776437389603e-05
liso,3.6086469327679327e-05
foi testado,4.3006209706058956e-05
atendimento da lannister,4.384284481440111e-05
dependendo,4.5941417798597496e-05
desde ja agradeço,3.943487799180891e-05
vir junto,4.347725762197403e-05
produtos pela,3.340810587286847e-05
gostei do produto porém,3.805810656078548e-05
com relação compra,3.162620538146869e-05
perceber,5.5661364842622444e-05
frete para receber produto,2.9251419877369535e-05
mais rapida,4.047773951917017e-05
nao recebi meus produtos,8.0468340175375e-05
mencionado,5.3084400524146044e-05
diferença de,4.4927633035453096e-05
para vir,3.212613209490858e-05
ser boa,4.590282470448088e-05
02 01,3.516465028481896e-05
ser um pouco maior,3.65851989202937e-05
que foi solicitado,5.3553757151200454e-05
necessidade de,8.806108616784244e-05
brilho,7.9633385637506e-05
particular,3.567636630863309e-05
só que eu,5.3105533207143e-05
uma carta,5.265417946691996e-05
durante todo,3.2589415812040035e-05
mais forte,3.8414452390881634e-05
celular que,3.229993690298327e-05
imaginei que fosse,3.634754880273302e-05
está mais,3.979943063582349e-05
cor diferente da que,3.363929593029264e-05
android,3.5476224525916736e-05
teria sido,3.261792128632783e-05
excelente mas,7.973217018032011e-05
para guardar,4.664337429179695e-05
mais informações,3.424887787159305e-05
eu esperava que,3.4360773873817414e-05
um similar,3.365348764801691e-05
de som,4.4740193598216406e-05
pela baratheon,3.864089330846762e-05
quer uma,3.3379747995860746e-05
duvidas,6.942865037740711e-05
antonio,3.2839570495810296e-05
via site,3.398443823896764e-05
apesar dos,4.95701265175561e-05
excedeu,4.723247067061683e-05
por se tratar de,6.198841044565079e-05
ainda estava,3.485669182023139e-05
posso dizer que,3.878822908544857e-05
minha filha ficou,3.4772148536140004e-05
caixinha de,3.865042985932388e-05
produto bom porem,5.124442579844171e-05
falta capa do,4.222088692396444e-05
caro pelo,3.881351436916749e-05
não pois,2.6231114644018783e-05
sei de,2.7591251907640327e-05
outro produto não,4.1376856128395666e-05
conforme descrição do produto,2.683022065300077e-05
comprei da,3.4302536370034065e-05
veio com falhas,2.846069315751244e-05
com nf,6.743427582235845e-05
poderiam ser mais,4.1337152734046e-05
por esse site,4.395542500846189e-05
não muito boa,4.6332671919730795e-05
produto deveria ter,5.086990921201834e-05
tempo de entrega,0.0001973075795624807
foto um,3.252317642262166e-05
ainda não vi,2.9716564536196664e-05
conceituada,4.783358438513704e-05
de 17 dias,3.011414356106892e-05
que enviaram,3.5618542068157136e-05
em contato com as,3.652623883257267e-05
receber mas,2.7232536217356097e-05
só os,3.4009779029840825e-05
varios,0.00010785109741243304
manual de instrução,5.615493979979405e-05
minha expectativas,5.2154784302743996e-05
compra só,2.995297839888502e-05
diferentes da,4.3382900704567285e-05
de ter que,3.1244794414322175e-05
expectativas pois,2.9928968343753346e-05
elastico,2.9441887689059362e-05
frete mas,6.890535265606283e-05
dia de uso,3.860274187639025e-05
suplemento,4.94789369997005e-05
com lojas lannister,5.7483270757018583e-05
preciso devolver produto,3.400685418161146e-05
um site de,3.2689422458177956e-05
lojas lannister pra,3.348321678072463e-05
longo de entrega,4.199973349156789e-05
seco,3.408184052967984e-05
mas como não,3.5279311813145906e-05
pois achei,5.591919709542978e-05
cobrado pelo,2.775548166330257e-05
auxílio,3.434093466384225e-05
recebi apenas os,2.66543181665602e-05
manual de instruções,8.211499859037904e-05
chegar antes do,4.179863954721892e-05
hoje em,3.906734409126967e-05
mas vendedor,5.274897321779321e-05
entregam em,3.9603085248507276e-05
se fala,2.855159499333682e-05
culpa foi dos correios,3.362146234623181e-05
mas ta,5.727076216228473e-05
com esses,4.1020575485272355e-05
bonito na,4.4933066641689866e-05
não gostei porque não,2.9886101369103685e-05
capa que,4.8518759433057346e-05
de boa qualidade mas,7.31122389624243e-05
produto frete,6.984862419949628e-05
isso aconteceu,2.5744097879109616e-05
para uso,9.702555380149923e-05
recomendo loja pois,5.6270434024478326e-05
isso já,3.548560233944412e-05
vendedor para,3.821021139689992e-05
que entrega foi,3.672983118042199e-05
aguardo por,2.9880956345983652e-05
época,4.1087374061324465e-05
decidi,3.686421730112018e-05
pedi na cor,3.5943314120768694e-05
compra também,3.441535478329769e-05
tenho opinião,3.76756682668067e-05
no dia 26,3.3776911232724235e-05
de uma só vez,3.0099702292484723e-05
não entendi que,3.29487090907921e-05
entrega ter,3.4539834491044634e-05
produto ainda está,3.885113817493165e-05
ouvir,3.34045843069042e-05
comprar esse produto,3.524130769072224e-05
em caixas separadas,3.0279077328896127e-05
começando,3.670234495979502e-05
da película,3.055524909548627e-05
que pensei,3.787833036597886e-05
avaliei com,3.545264178481129e-05
prazo que eu,2.9770156337400404e-05
mas poderia ser,5.24858470683577e-05
ele estava,3.4467443986618474e-05
atraves,4.051854999969797e-05
com qualidade do produto,4.347650914798199e-05
recebi produto conforme combinado,4.256205129859449e-05
sem qualquer,5.826660737905976e-05
foi só,3.4767099526157173e-05
com plástico,3.234267749994236e-05
gostei mesmo,3.2977510200351123e-05
não gostei da entrega,3.2217387185146175e-05
antena,5.161164135820675e-05
não está em,3.111323492484663e-05
vou comprar de,3.80477266859629e-05
estava marcada,3.134968878483141e-05
mas espero que,2.676810546996403e-05
apenas 01 um,2.967346597740239e-05
chegou corretamente mas,3.980007761131323e-05
compra como,3.65185817494314e-05
eu realmente,5.023496617092571e-05
as cerdas,5.7090016388255964e-05
praticamente,6.925165233782752e-05
dias para entregar,3.501600394137886e-05
41,5.930525716526346e-05
extravio,3.519285787690341e-05
produto estou muito,5.61946892717703e-05
bem menor do que,5.197773850987074e-05
está empresa,3.220953500053414e-05
veio riscado,3.9311692964646464e-05
compraria de novo,7.60005592720113e-05
porém outro,3.3490861617250013e-05
por outros,3.0236766086366493e-05
não acompanha,5.525692631631766e-05
qualidade vou,4.00681217836433e-05
para outro,4.641169393406165e-05
não acho,3.1924276699664166e-05
correio como,3.104167929089774e-05
dias recebi,3.286694138050825e-05
golden,3.358128178567912e-05
foi dito,3.072144582108402e-05
recebi produto mais,3.8640395285193144e-05
produto tem uma,3.9185970129416184e-05
de cama de solteiro,3.646034129294967e-05
indicando,3.9267505534610906e-05
da compra produto,6.845628956363512e-05
se bom,3.479944774428705e-05
na parte de,4.7243171333777374e-05
três kits,2.978902824583968e-05
especificações do,6.119034333067943e-05
porém eu,6.0819711437184956e-05
satisfeita porque,3.993619786028212e-05
comprei dois veio,3.6627285823126506e-05
sempre chegou,3.339430608632203e-05
leitura,3.549737527403176e-05
avaliaçao,5.22805651536464e-05
em branco,4.757470606075326e-05
ola comprei,4.520903185265076e-05
20 dias de,3.556838361743528e-05
defeito de fabricação,3.5691036138952265e-05
que desejava,2.9091055934298127e-05
não pude,6.50794129380826e-05
só não gostei do,4.9214077435120755e-05
chegou com um pequeno,2.76740150500715e-05
foto na,4.258539191772706e-05
de gelo,2.9276756207827283e-05
de responsabilidade,3.737549151330249e-05
ficou pequeno,4.9496763663744296e-05
ter mandado,4.013640177743387e-05
qualidade do mesmo,3.555942522701781e-05
que já havia,5.115299462284893e-05
era exatamente que eu,5.41361563693735e-05
estrelas se,3.491137004427082e-05
fundo da,3.1012524782081635e-05
que ir buscar nos,2.5728930143940912e-05
achei ruim,2.960043588096593e-05
logística de,3.7000671120649395e-05
material chegou antes do,3.8325535770966014e-05
datas de entrega,2.8689752838698017e-05
meu neto,6.56797931719724e-05
não vem com,5.552205653497324e-05
puder,3.329627498380067e-05
por não ser,2.6895498392537444e-05
há muito tempo,6.148125894360314e-05
receber produto em casa,3.262381791494696e-05
esse parceiro,4.557610428846802e-05
mercadoria correta,3.871631272830154e-05
100 de,3.946865087874723e-05
um depois,2.821299152380172e-05
mas frete,7.207951967123607e-05
correio para retirar,3.0959447199291554e-05
como presente,3.214371160486281e-05
de jantar,3.7451260029699735e-05
dias depois da compra,3.538128613656696e-05
começar usar,4.979036949150339e-05
sem nada,8.049166164631307e-05
bem embalado porém,2.2638205628694223e-05
nas compras,7.278392614926427e-05
15 dias de,3.4318699400588076e-05
na parte superior,2.6547015815660598e-05
vieram em,5.6074604837692326e-05
para vendedor,4.064112650295338e-05
sempre veio,3.1169473354202195e-05
fazer mais,3.538098155219193e-05
não recebi nota fiscal,6.958812301651391e-05
igual mas,3.068989577105756e-05
wifi,4.075590690083862e-05
que fosse mais,3.1518117609292495e-05
recebi somente dois,2.857291428190925e-05
além do prazo,6.695492542191515e-05
devolvido ao,4.029248350702074e-05
ainda veio um,3.4995151837134296e-05
compras pela internet,3.2464389706114566e-05
prometido na,2.8059646387375882e-05
produto foi entregue sem,2.903661068947068e-05
ao produto não,3.249620473851435e-05
tem problema,4.017584827426804e-05
bivolt,3.315175802878757e-05
sendo que recebi,2.3828868599200415e-05
vem sem,2.7051334757445528e-05
acompanhar pedido,4.220230682889606e-05
fiz teste,3.265707023085218e-05
nada na,2.8505624510224844e-05
em sua,6.078508332830181e-05
pela metade não,3.0038289329301666e-05
descricao,4.266219212579438e-05
pacote veio,3.776002028818135e-05
em casa mas,2.8702643749656708e-05
confirmar se,2.8617970425933933e-05
transportadora que,3.240349010540326e-05
pedi no,3.562588572493774e-05
correspondente,4.83718938749697e-05
poderia ter chegado,7.007830846222858e-05
muita dificuldade,3.522859383286891e-05
assistência,6.345443061195689e-05
chegar mais,4.068597954438736e-05
recomendo esta empresa,3.0283311672176e-05
mas houve,4.7234014026261796e-05
se não for,3.093535224699562e-05
outro do,3.236583117924278e-05
um pouco menor do,3.999913114390375e-05
atingiu as,3.039799307602454e-05
avaliar melhor,3.955137617924277e-05
mas chegaram,4.781536987967281e-05
eu moro,4.929001170087261e-05
para provar,3.767353380289528e-05
tempo todo,5.146185656980126e-05
para melhor,7.332347906114854e-05
para proteger,3.6514020596986156e-05
mas loja,7.625662948484726e-05
produto em bom estado,3.513166683546823e-05
estava de acordo com,3.484035013224281e-05
precisa de,3.563594470001563e-05
me parece que,3.114584259707553e-05
bh,3.4459261667526666e-05
andamento da,6.0778814910817984e-05
diferente me,3.068989577105756e-05
baratheon que,2.5398038094890144e-05
recebi sim,3.6022718184634594e-05
vez foi,3.574587958682836e-05
produto acho,3.123320200550525e-05
mas as tesouras,2.3779879833102652e-05
unidade entrei em,2.307738904216519e-05
me causou,3.186758361364186e-05
questão de,6.427337588556234e-05
já comprei várias vezes,4.061627757152502e-05
só comprei,2.711152331360506e-05
lannister parceiro,3.786321068742982e-05
unidades que,2.7626701090574585e-05
não posso avaliar produto,3.4042561741449354e-05
facilita,5.147387896349956e-05
na loja lannister,3.2246954575319834e-05
do líquido,3.1212754591006175e-05
sempre comprei no baratheon,3.677844339669731e-05
selo de,4.511664889093191e-05
lógica,3.107104261548845e-05
chegou no prazo até,2.9378846042509517e-05
faz muito,4.5400984079261044e-05
só deveria,4.839049415317423e-05
presente mas,2.6899953326179572e-05
recomendaria essa loja,3.0972873824353324e-05
já estava com,2.2484215830328e-05
tudo certo só,5.1671993198786954e-05
de cozinha,3.1390512626393966e-05
saia para cama box,4.2361684457871867e-05
onde eu,3.584550301947825e-05
estava bem,4.5421631518109634e-05
outro chegou,3.645760566856367e-05
do produto mais,5.22012202671696e-05
bem embalado mas,3.133411453967682e-05
aquisição de,4.3783481336520965e-05
mais confortável,3.037568958303049e-05
chegou junto,2.457109730646173e-05
além do produto chegar,2.661346138423459e-05
mas sim,3.435162333442987e-05
ligaram para,3.202427685906139e-05
gostei de comprar nas,2.9392593926376276e-05
pra falar,4.4427147082193484e-05
da loja targaryen,3.1594947341726416e-05
em várias,3.431655097736549e-05
pelo cliente,3.668285452940937e-05
que tivesse,3.738444642879212e-05
tô muito,3.0395057136292963e-05
na foto parece ser,2.977004659876772e-05
da nf,4.695364478748448e-05
onerando,2.392581596686278e-05
eu mesma,3.350492710698761e-05
vez que fiz,2.2094227443856787e-05
muito estranho,2.5671751356830782e-05
prazo uma,4.2444870274434056e-05
externa,3.7195999423819533e-05
discriminado,2.8407914666813557e-05
até hoje nunca,3.309340672097351e-05
parece ser de,6.0985596413081546e-05
até 12,3.2629054264771234e-05
valor dos,3.4352987244035544e-05
loja até,4.3253717077903133e-05
estado com,3.052129391873959e-05
minha sobrinha,4.55137835249881e-05
compro nesse,3.360307779475901e-05
compra mais,6.206458294792431e-05
com 03,2.1789710166732262e-05
restante do pedido,5.061337731030859e-05
só acho que se,2.2872222933720174e-05
do site não,3.691774201447165e-05
sempre gostei de comprar,3.75754337101973e-05
crítica,2.293384391306966e-05
compra loja,4.004271033316561e-05
painel,4.3177406594726885e-05
atenção ao cliente,2.78676409068376e-05
minha família,3.265331567642836e-05
muito na,6.737690712266279e-05
em duas vezes,3.0706314503206505e-05
resolvi comprar,2.154906738265907e-05
vendedor entrou em contato,3.82931755900814e-05
da bateria,6.595238558501904e-05
de acordo com foto,3.3686526654118694e-05
produto fiquei,6.695192905319869e-05
recebi meus produtos no,3.2825746609006246e-05
códigos diferentes no site,2.198753004005071e-05
deviam,5.747342389551918e-05
produto em si bom,2.788015754151864e-05
antecipação,4.323861435433803e-05
de outras,4.889138292724798e-05
como entrega,7.204439460671203e-05
como está na,3.073671053261788e-05
pq na,2.8634086449836714e-05
pipoqueira,4.050470803357391e-05
confirmando,3.378341972535371e-05
comprei uma cadeira,2.9059328721606617e-05
recomendo produto foi,3.243101002569034e-05
pedido entrega,4.613181673536964e-05
tem um bom,4.264683118706487e-05
no anuncio não,2.387891907383235e-05
veio na caixa,3.837530989473411e-05
entregue certo,5.2939802947451776e-05
anúncio diz que,2.4136986264298536e-05
em dois dias,0.00011674415869284605
mas no final,2.6222123692080623e-05
pelo visto,3.7629746426937744e-05
tive um problema com,5.143144806565091e-05
do prazo previsto porém,2.6425638119200023e-05
ser uma empresa,2.783303404601344e-05
entregue separadamente,5.5170919838634164e-05
procedência,3.411714404851319e-05
ser retirado,3.6137981656303645e-05
que não entendi,2.7675111602340215e-05
requisitos,3.108561426659544e-05
aparentemente produto,4.745403875892907e-05
pois já foi,2.7571010614660908e-05
de um material,3.28076000893204e-05
esperava melhor,3.2492460479939945e-05
compra pelo site,4.049956332362355e-05
lg k10,2.8050353638892998e-05
qualidade os,5.617617301620243e-05
certas,2.9667435933051514e-05
produto com prazo de,3.163855047318374e-05
vou abrir,3.795154161020916e-05
produto veio do,3.0916138363765276e-05
américanas,4.080858754254257e-05
não gostei que,2.986291471720691e-05
estou aguardando pois,2.2519316799058407e-05
site foi,2.5187736849671046e-05
folga,3.7140082206889984e-05
alem de,0.00010096474602801442
embalados separados,2.7314522667803955e-05
do produto ainda,5.767531408188026e-05
apenas um frete,2.290878786259392e-05
mercadoria veio,6.21121649910331e-05
por dentro,6.0274986138080475e-05
banco do,2.70948466564922e-05
produto como descrito na,2.7191314575885764e-05
para transporte,3.174897257291767e-05
sempre entregou,2.98024410879681e-05
mais resistente mas,2.943148171266349e-05
os produtos são bons,3.433546704462602e-05
tem que comprar,2.8989172710377836e-05
tive resposta da loja,2.209327253576415e-05
somente os,3.644566129716002e-05
era que eu esperava,9.01184844149861e-05
tem de,2.2966911584242868e-05
posição de entrega do,2.268177645711542e-05
produto que comprei chegou,2.8551176021615965e-05
bela,3.36615990827655e-05
de realizar,4.990151630182568e-05
penso que,6.77614554633369e-05
uma fonte,2.3763115621282614e-05
pelo baratheon,9.89629757519524e-05
paguei recebi,2.9934722494218144e-05
encontrar,5.937714908938614e-05
de funcionamento,3.2413932158820133e-05
da data de entrega,8.70516783048301e-05
estava previsto para ser,3.512551721232101e-05
previsto para ser entregue,3.512551721232101e-05
tive que retirar na,2.9287093481757013e-05
mostra na foto,2.6210075757399284e-05
juntos foi,2.467307852918894e-05
link,4.3579165413360076e-05
pra isso,2.431333804114105e-05
tomei,4.977779836168637e-05
pra vcs,3.363447573975377e-05
ficará,4.451472032744714e-05
conteúdo,7.721519978695419e-05
entrega foi efetuada,5.63844936206303e-05
entregue com muita,4.2927168960822774e-05
demorou pra chegar,3.0258663879143554e-05
apertado,3.6618265392607414e-05
parceiro de,2.748945986481832e-05
estou aguardando pra ver,2.204292046246069e-05
deveria ter um,4.466541078362449e-05
minha satisfação,3.716854909034599e-05
perigoso,2.583460072961968e-05
greve mas,2.3800514259681232e-05
mas produto de,3.214183583690021e-05
no tecido,2.7520577534109363e-05
prazo dado pela,3.492453428830422e-05
veio de acordo com,6.577821463309406e-05
ser uma loja,3.276452462477329e-05
foi programada,2.749498648981361e-05
de entrega era para,2.3726376023047324e-05
lojas lannister mais,2.2581506039806612e-05
só pensei que,3.433481025098609e-05
sempre compro no site,3.8328764633021114e-05
que cobra,2.0735595374116162e-05
um detalhe,3.4466361915726756e-05
bom dia eu,4.647811607580719e-05
atendidos,3.2203034469927675e-05
só não entendi,2.4106022518667275e-05
identificado,2.5529566499478308e-05
geral foi,3.227851335645356e-05
só achei que,0.00012914824514135133
mais detalhes,3.0093579596728164e-05
por falha,2.262805044193399e-05
que no site,4.7821143808643225e-05
ta bom,3.391175227048869e-05
do frete muito alto,3.7485737735653374e-05
serviu para,4.0312128712686786e-05
tecido bem,3.0776007379261994e-05
loja nunca tive problemas,4.5030479013396576e-05
problema com os correios,3.860084537450416e-05
dos itens do pedido,2.102112156125195e-05
positivamente,4.9918311420812314e-05
errei,3.1205231862900594e-05
esperava que fosse,4.3274261279643665e-05
legal mas,2.920371268726777e-05
de boa qualidade só,3.450873727689897e-05
da lannister foi,2.5836275291484305e-05
patins,4.0765170730164795e-05
achei as,3.069778560389332e-05
veio produto correto,3.323184861564632e-05
mercadoria conforme,3.44682612377715e-05
foi eu,2.2282533807271038e-05
todas as peças,4.318002467249858e-05
além disso produto,2.3596108399585026e-05
caso haja,2.117216977535168e-05
caderno,3.307991437413344e-05
boia,3.471792474956462e-05
teve uma,2.573877289735529e-05
dos pincéis,3.10500433771333e-05
frete porém,1.9337794569669796e-05
que recebi só,1.8854144780969947e-05
cortina muito bonita,4.469231463640351e-05
compra desde,2.355511070066001e-05
carnaval,3.283484953078912e-05
somente no,2.2725412322886138e-05
achar,4.390706400904856e-05
na foto parecia,2.5587342806264967e-05
porém achei,8.950625987082914e-05
mas poderia ter,4.002516066983214e-05
2018 foi,2.0241923588336854e-05
que retirar na agência,2.091911663721616e-05
plataforma,3.674687886754663e-05
da lojas lannister,4.2699889275862826e-05
vezes no,3.0493824317686797e-05
nota fiscal produto,2.4851630603979824e-05
um dos melhores,3.584637727443088e-05
as tampas,4.9399464293123654e-05
faltou os,3.799955113108807e-05
nas entregas,7.659239612009129e-05
que acompanha produto,2.3755077076959702e-05
com certa,3.259982568535937e-05
correspondeu as expectativas,4.7367056319301716e-05
que eu solicitei,3.480980349901927e-05
relação de,3.1034648173436664e-05
nas outras,2.006063006919068e-05
não tirei,2.3031008547344822e-05
tive buscar,3.2255112678227455e-05
portátil,5.4319894268171924e-05
